lat,lng,class_name,confidence,image_file
35.684181719777065,139.7731363573356,decentralized,0.49033448100090027,09LD1866_r6_c3.png
35.68426327128066,139.7736670953828,decentralized,0.11470545083284378,09LD1866_r6_c3.png
35.683841038492,139.77359492961554,decentralized,0.956824004650116,09LD1866_r7_c3.png
35.68384565298722,139.77357547676104,decentralized,0.9544411301612854,09LD1866_r7_c3.png
35.683829608684334,139.7734243966724,decentralized,0.944187581539154,09LD1866_r7_c3.png
35.68382708655248,139.77358859230588,decentralized,0.9328554272651672,09LD1866_r7_c3.png
35.68381360899934,139.77354103872113,decentralized,0.9274452924728394,09LD1866_r7_c3.png
35.68384097585648,139.77354181494803,decentralized,0.9224010705947876,09LD1866_r7_c3.png
35.68382495841782,139.7735432860336,decentralized,0.9158636927604675,09LD1866_r7_c3.png
35.68388579168444,139.77357537140685,decentralized,0.9150733351707458,09LD1866_r7_c3.png
35.68385086351143,139.77339577332685,decentralized,0.9145343899726868,09LD1866_r7_c3.png
35.683825743601595,139.7735619651848,decentralized,0.8997502326965332,09LD1866_r7_c3.png
35.68383753784247,139.7734919672353,decentralized,0.8831523060798645,09LD1866_r7_c3.png
35.683627692173786,139.77318523167796,decentralized,0.8731075525283813,09LD1866_r7_c3.png
35.68386122224547,139.77339046809195,decentralized,0.8675889372825623,09LD1866_r7_c3.png
35.68383143338232,139.77351347239576,decentralized,0.8616104125976562,09LD1866_r7_c3.png
35.68380557648166,139.77352497161232,decentralized,0.8387490510940552,09LD1866_r7_c3.png
35.68385542898544,139.77343365919936,decentralized,0.8277841210365295,09LD1866_r7_c3.png
35.68383527002921,139.77344613647404,decentralized,0.7850826978683472,09LD1866_r7_c3.png
35.68381955683799,139.77351693578615,decentralized,0.4717593491077423,09LD1866_r7_c3.png
35.683620710394834,139.77324036761127,decentralized,0.44045814871788025,09LD1866_r7_c3.png
35.68383454963923,139.77355831012196,decentralized,0.42210695147514343,09LD1866_r7_c3.png
35.68362036472594,139.77324013211916,decentralized,0.28069251775741577,09LD1866_r7_c3.png
35.68361999412813,139.77325498478783,decentralized,0.234341099858284,09LD1866_r7_c3.png
35.683793952170625,139.77389095088182,decentralized,0.9375897645950317,09LD1866_r7_c4.png
35.683807327332,139.77383726204565,decentralized,0.8937603235244751,09LD1866_r7_c4.png
35.683804023920736,139.77389988556124,decentralized,0.8806636333465576,09LD1866_r7_c4.png
35.68383136715542,139.77388764195535,decentralized,0.8618189692497253,09LD1866_r7_c4.png
35.68382093213632,139.77393111474484,decentralized,0.8606878519058228,09LD1866_r7_c4.png
35.68390626293423,139.77368311106306,decentralized,0.7851508259773254,09LD1866_r7_c4.png
35.68381496948714,139.77390440680608,decentralized,0.7790318727493286,09LD1866_r7_c4.png
35.6838709934897,139.7736865545487,decentralized,0.7499129772186279,09LD1866_r7_c4.png
35.68382574653674,139.77391070203547,decentralized,0.6619608998298645,09LD1866_r7_c4.png
35.68379484104597,139.77379382215292,decentralized,0.6481906771659851,09LD1866_r7_c4.png
35.68381070214354,139.77392294597223,decentralized,0.5501437187194824,09LD1866_r7_c4.png
35.683827802622936,139.7739017814705,decentralized,0.4835885763168335,09LD1866_r7_c4.png
35.68381864184668,139.77388825489749,decentralized,0.4186694622039795,09LD1866_r7_c4.png
35.68363728220959,139.77483796378883,decentralized,0.3782529830932617,09LD1866_r7_c6.png
35.68365529657363,139.7754492786815,decentralized,0.4042883515357971,09LD1866_r7_c7.png
35.684197556905495,139.77590649290048,decentralized,0.566482424736023,09LD1867_r6_c0.png
35.68397662189904,139.7778728843404,decentralized,0.8209652900695801,09LD1867_r6_c3.png
35.68397772786872,139.77783300185237,decentralized,0.8113188147544861,09LD1867_r6_c3.png
35.68397743626143,139.77785299851365,decentralized,0.804422914981842,09LD1867_r6_c3.png
35.68397697791888,139.7778025600156,decentralized,0.7275199890136719,09LD1867_r6_c3.png
35.68397568957583,139.77781939384025,decentralized,0.7103895545005798,09LD1867_r6_c3.png
35.684196730308074,139.7783376271498,decentralized,0.10875138640403748,09LD1867_r6_c4.png
35.68373323144031,139.77622341008836,decentralized,0.19295762479305267,09LD1867_r7_c0.png
35.68369207653026,139.776232867185,decentralized,0.18119795620441437,09LD1867_r7_c0.png
35.683821127645444,139.77753247666539,decentralized,0.6730928421020508,09LD1867_r7_c2.png
35.68382257582672,139.77753048582971,decentralized,0.6069027185440063,09LD1867_r7_c2.png
35.683818246763636,139.77753249853018,decentralized,0.5575147867202759,09LD1867_r7_c2.png
35.68392071047742,139.77758415433559,decentralized,0.923890233039856,09LD1867_r7_c3.png
35.6839164240433,139.77796805726834,decentralized,0.8786072134971619,09LD1867_r7_c3.png
35.683913523383644,139.7779877553043,decentralized,0.8713855147361755,09LD1867_r7_c3.png
35.683889776900784,139.77800562095942,decentralized,0.8554894328117371,09LD1867_r7_c3.png
35.6838885015783,139.77796919880305,decentralized,0.8551064729690552,09LD1867_r7_c3.png
35.68389916994168,139.7780384189245,decentralized,0.782032310962677,09LD1867_r7_c3.png
35.68376864136312,139.77757700921856,decentralized,0.7679415345191956,09LD1867_r7_c3.png
35.68393418518154,139.77758366514615,decentralized,0.7046364545822144,09LD1867_r7_c3.png
35.68384494089768,139.7780039112156,decentralized,0.6513417959213257,09LD1867_r7_c3.png
35.68375996867418,139.7776036505647,decentralized,0.6505097150802612,09LD1867_r7_c3.png
35.68389884091244,139.77805813527476,decentralized,0.4637797474861145,09LD1867_r7_c3.png
35.68379384636682,139.77808155765263,decentralized,0.39488503336906433,09LD1867_r7_c3.png
35.68389810266345,139.7779879120804,decentralized,0.2409113645553589,09LD1867_r7_c3.png
35.683884218995466,139.77797749206894,decentralized,0.1274837702512741,09LD1867_r7_c3.png
35.683939435612345,139.77769029734378,decentralized,0.10798269510269165,09LD1867_r7_c3.png
35.68099880101212,139.77145547555125,decentralized,0.9224840998649597,09LD1875_r7_c7.png
35.68105372932995,139.77139781244574,decentralized,0.9189131855964661,09LD1875_r7_c7.png
35.681084265642404,139.77139919257252,decentralized,0.8536772131919861,09LD1875_r7_c7.png
35.68107360497461,139.7714102945674,decentralized,0.6590667963027954,09LD1875_r7_c7.png
35.68107413032782,139.77140539668488,decentralized,0.5868276953697205,09LD1875_r7_c7.png
35.681087798269026,139.77141551937524,decentralized,0.5160776376724243,09LD1875_r7_c7.png
35.68098258860871,139.77146354085642,decentralized,0.43434450030326843,09LD1875_r7_c7.png
35.68344033951778,139.77293257898125,decentralized,0.9249597787857056,09LD1876_r0_c2.png
35.683447024181824,139.77294491225035,decentralized,0.9175982475280762,09LD1876_r0_c2.png
35.683415511465675,139.77308896457552,decentralized,0.9036221504211426,09LD1876_r0_c2.png
35.6834621568284,139.77287218817284,decentralized,0.8681149482727051,09LD1876_r0_c2.png
35.68345429873942,139.7729331009372,decentralized,0.8422040939331055,09LD1876_r0_c2.png
35.68347460236897,139.7728847013529,decentralized,0.7986264824867249,09LD1876_r0_c2.png
35.68351102386675,139.77311190771346,decentralized,0.7544202208518982,09LD1876_r0_c2.png
35.683410617582844,139.7731017606096,decentralized,0.6615126729011536,09LD1876_r0_c2.png
35.68344576385891,139.77291074778734,decentralized,0.2725372910499573,09LD1876_r0_c2.png
35.68349128006317,139.77284376256856,decentralized,0.1613326221704483,09LD1876_r0_c2.png
35.6834158095663,139.77345116778113,CT,0.959037721157074,09LD1876_r0_c3.png
35.683428652045826,139.7733934038654,CT,0.9204294681549072,09LD1876_r0_c3.png
35.683512143226785,139.77347535040883,ACC,0.9196323752403259,09LD1876_r0_c3.png
35.68341151806559,139.77349752819202,CT,0.8625472187995911,09LD1876_r0_c3.png
35.683498393732,139.77353753085433,ACC,0.861454963684082,09LD1876_r0_c3.png
35.683446465321715,139.77350812587923,decentralized,0.7891694903373718,09LD1876_r0_c3.png
35.68344427047784,139.77351799423877,decentralized,0.25745806097984314,09LD1876_r0_c3.png
35.68344375592138,139.77351869038645,decentralized,0.21225422620773315,09LD1876_r0_c3.png
35.68333104730037,139.77383852073046,CT,0.939563512802124,09LD1876_r0_c4.png
35.68340875703326,139.7737371562597,decentralized,0.9145556688308716,09LD1876_r0_c4.png
35.68329512566993,139.77391316763743,decentralized,0.9078145623207092,09LD1876_r0_c4.png
35.683313030789925,139.77392346301514,decentralized,0.8964594006538391,09LD1876_r0_c4.png
35.68337785354991,139.77393572517116,decentralized,0.8947412371635437,09LD1876_r0_c4.png
35.68344675677397,139.7737618036504,decentralized,0.8841374516487122,09LD1876_r0_c4.png
35.683320756157634,139.7737190710358,decentralized,0.8831004500389099,09LD1876_r0_c4.png
35.68344167804331,139.7740015534206,decentralized,0.881737232208252,09LD1876_r0_c4.png
35.683292155143086,139.77377932922766,decentralized,0.8799434900283813,09LD1876_r0_c4.png
35.68338397332059,139.77373745583955,decentralized,0.8477720618247986,09LD1876_r0_c4.png
35.68336890972078,139.7737238137177,decentralized,0.7961433529853821,09LD1876_r0_c4.png
35.683436413599715,139.77403226508304,decentralized,0.795220673084259,09LD1876_r0_c4.png
35.68339757469723,139.77373118200995,decentralized,0.7610710859298706,09LD1876_r0_c4.png
35.683371874920745,139.7737296134551,decentralized,0.7092573642730713,09LD1876_r0_c4.png
35.683421915375966,139.77401341268597,decentralized,0.6470629572868347,09LD1876_r0_c4.png
35.68348516739513,139.7737018426314,decentralized,0.590730607509613,09LD1876_r0_c4.png
35.68335170579014,139.77371292387733,decentralized,0.5803959369659424,09LD1876_r0_c4.png
35.683276259499436,139.77390161778314,decentralized,0.4522969126701355,09LD1876_r0_c4.png
35.68329723872119,139.773828221163,CT,0.3520676791667938,09LD1876_r0_c4.png
35.683297228623196,139.77382827140727,decentralized,0.3285640776157379,09LD1876_r0_c4.png
35.6833492533606,139.77379722808453,CT,0.15646569430828094,09LD1876_r0_c4.png
35.68322145159482,139.7727190694635,decentralized,0.9415903687477112,09LD1876_r1_c2.png
35.68321454930295,139.77273463970357,decentralized,0.9288147687911987,09LD1876_r1_c2.png
35.68320762498425,139.77304327928337,decentralized,0.8784631490707397,09LD1876_r1_c2.png
35.683207119261965,139.77307761972438,decentralized,0.8593038320541382,09LD1876_r1_c2.png
35.68316716679776,139.7730178932967,decentralized,0.8573694229125977,09LD1876_r1_c2.png
35.68318164351372,139.77302741914596,decentralized,0.8552924394607544,09LD1876_r1_c2.png
35.68319255402618,139.77303439464606,decentralized,0.8508444428443909,09LD1876_r1_c2.png
35.68315534653808,139.77301418700537,decentralized,0.8393541574478149,09LD1876_r1_c2.png
35.6831381340525,139.77363669441382,decentralized,0.9317278861999512,09LD1876_r1_c3.png
35.68318983760154,139.77363181048568,decentralized,0.9268521666526794,09LD1876_r1_c3.png
35.6829958965843,139.77339253926107,decentralized,0.925163984298706,09LD1876_r1_c3.png
35.68300968229914,139.77340607194094,decentralized,0.9171425104141235,09LD1876_r1_c3.png
35.68300392163262,139.773560270455,decentralized,0.9155640006065369,09LD1876_r1_c3.png
35.68297876308911,139.77354354237173,decentralized,0.9113374352455139,09LD1876_r1_c3.png
35.68301436656907,139.77356830129406,decentralized,0.9108635783195496,09LD1876_r1_c3.png
35.68298928182478,139.77355084293382,decentralized,0.9002483487129211,09LD1876_r1_c3.png
35.68306147764817,139.77320367490665,decentralized,0.8680681586265564,09LD1876_r1_c3.png
35.68297496038874,139.7735064174555,decentralized,0.8479141592979431,09LD1876_r1_c3.png
35.68296605369564,139.7734962098999,decentralized,0.8200536370277405,09LD1876_r1_c3.png
35.683233563023464,139.77355684042945,decentralized,0.8195921778678894,09LD1876_r1_c3.png
35.682953907822075,139.77348160347057,decentralized,0.8100714087486267,09LD1876_r1_c3.png
35.68294722265655,139.77346439044365,decentralized,0.8031489253044128,09LD1876_r1_c3.png
35.682941714929754,139.77343192169113,decentralized,0.8022476434707642,09LD1876_r1_c3.png
35.68294013330864,139.77341105687313,decentralized,0.5139570236206055,09LD1876_r1_c3.png
35.68322795039172,139.77356988741747,decentralized,0.47850140929222107,09LD1876_r1_c3.png
35.68307104046554,139.77317822498506,decentralized,0.2570383548736572,09LD1876_r1_c3.png
35.68294314510916,139.7734866823987,decentralized,0.16757771372795105,09LD1876_r1_c3.png
35.68293981728306,139.773411021809,CT,0.15907081961631775,09LD1876_r1_c3.png
35.68294063754175,139.77344752488727,decentralized,0.10801990330219269,09LD1876_r1_c3.png
35.683180648554085,139.77368479681584,decentralized,0.9329785704612732,09LD1876_r1_c4.png
35.68313547152357,139.7737089842503,CT,0.9246883392333984,09LD1876_r1_c4.png
35.68326641749108,139.7738411928393,decentralized,0.9145691990852356,09LD1876_r1_c4.png
35.6832277847793,139.77383468776097,decentralized,0.9114724397659302,09LD1876_r1_c4.png
35.68321268428627,139.77387125745813,decentralized,0.9006500840187073,09LD1876_r1_c4.png
35.6832608154174,139.77385997888075,decentralized,0.8800418376922607,09LD1876_r1_c4.png
35.682947068806634,139.7737026757249,decentralized,0.8543575406074524,09LD1876_r1_c4.png
35.68324814744692,139.77388705460373,decentralized,0.8483077883720398,09LD1876_r1_c4.png
35.68317444729351,139.77387332773142,decentralized,0.8418935537338257,09LD1876_r1_c4.png
35.683247967934165,139.77386768906592,decentralized,0.8039527535438538,09LD1876_r1_c4.png
35.68327186031982,139.77390162247852,decentralized,0.7905946969985962,09LD1876_r1_c4.png
35.68321822565011,139.77387985997478,decentralized,0.7810079455375671,09LD1876_r1_c4.png
35.68323434122835,139.77383870055004,decentralized,0.5967010855674744,09LD1876_r1_c4.png
35.682944000703394,139.7737613382188,decentralized,0.5783677101135254,09LD1876_r1_c4.png
35.683245103914054,139.7736760978093,decentralized,0.5091034173965454,09LD1876_r1_c4.png
35.683187202376466,139.77367729352036,decentralized,0.3604782819747925,09LD1876_r1_c4.png
35.68318343100875,139.77384225356508,decentralized,0.2029990553855896,09LD1876_r1_c4.png
35.683272068136475,139.77382430798417,decentralized,0.2012702226638794,09LD1876_r1_c4.png
35.683005357409094,139.77371235963307,decentralized,0.18997487425804138,09LD1876_r1_c4.png
35.683023697947604,139.77478935882593,decentralized,0.6794811487197876,09LD1876_r1_c6.png
35.683128909736794,139.7748367077997,decentralized,0.3977878987789154,09LD1876_r1_c6.png
35.68295239991851,139.7752393760856,decentralized,0.3523106276988983,09LD1876_r1_c6.png
35.683111813589946,139.77492652991674,decentralized,0.2254912257194519,09LD1876_r1_c6.png
35.683104964234246,139.7748225164544,decentralized,0.21564999222755432,09LD1876_r1_c6.png
35.68307536423183,139.7750331121756,CT,0.1276220977306366,09LD1876_r1_c6.png
35.68303408413258,139.7747810500446,decentralized,0.12015661597251892,09LD1876_r1_c6.png
35.682913765074176,139.77346854939836,decentralized,0.8640109300613403,09LD1876_r2_c3.png
35.68292905505417,139.7735103152517,decentralized,0.8518452048301697,09LD1876_r2_c3.png
35.682888547057814,139.77345215273206,decentralized,0.8373230695724487,09LD1876_r2_c3.png
35.68289913585789,139.77345966094452,decentralized,0.8334448337554932,09LD1876_r2_c3.png
35.68287676938831,139.77343625817326,decentralized,0.8323781490325928,09LD1876_r2_c3.png
35.6829217807553,139.77348275721295,decentralized,0.8106553554534912,09LD1876_r2_c3.png
35.68286583391221,139.77343039720665,decentralized,0.7426530718803406,09LD1876_r2_c3.png
35.68293270829134,139.77352853173176,decentralized,0.6028022170066833,09LD1876_r2_c3.png
35.68293218935908,139.77345451310103,decentralized,0.14422081410884857,09LD1876_r2_c3.png
35.68292761359517,139.7734332989347,decentralized,0.11119759827852249,09LD1876_r2_c3.png
35.682718888098066,139.77416604265667,CT,0.9352940320968628,09LD1876_r2_c4.png
35.68275086949435,139.7741852695074,CT,0.9154786467552185,09LD1876_r2_c4.png
35.68273623619442,139.774174852779,CT,0.9139866828918457,09LD1876_r2_c4.png
35.682767431725644,139.77419344207976,CT,0.8822246789932251,09LD1876_r2_c4.png
35.68270338844468,139.77415574286113,CT,0.868687629699707,09LD1876_r2_c4.png
35.68278285237209,139.77420270262792,CT,0.8445635437965393,09LD1876_r2_c4.png
35.682673672271534,139.77421068789482,CT,0.7649041414260864,09LD1876_r2_c4.png
35.682701732837565,139.7742199627468,CT,0.7292916178703308,09LD1876_r2_c4.png
35.682688229436394,139.77421728556635,CT,0.6514005661010742,09LD1876_r2_c4.png
35.68293388177949,139.77373462073732,decentralized,0.48411086201667786,09LD1876_r2_c4.png
35.682670150468425,139.77420767202875,CT,0.2093377262353897,09LD1876_r2_c4.png
35.68267926525176,139.77421104422316,CT,0.17383401095867157,09LD1876_r2_c4.png
35.68276736304004,139.7744460377936,CT,0.9578094482421875,09LD1876_r2_c5.png
35.68275769310471,139.77446710785281,CT,0.9543245434761047,09LD1876_r2_c5.png
35.682709900246515,139.7745889073872,CT,0.9489301443099976,09LD1876_r2_c5.png
35.68264255361633,139.77475154405204,CT,0.9458988904953003,09LD1876_r2_c5.png
35.682699484841805,139.7743511785021,ACC,0.944995105266571,09LD1876_r2_c5.png
35.68282475643764,139.77430453727666,CT,0.9345794916152954,09LD1876_r2_c5.png
35.68269929528519,139.7746091288345,CT,0.9199241399765015,09LD1876_r2_c5.png
35.68272612331383,139.77428619234053,ACC,0.9196839928627014,09LD1876_r2_c5.png
35.68265106499615,139.77473110380313,CT,0.9177055358886719,09LD1876_r2_c5.png
35.6828165829425,139.77432487342915,CT,0.901698648929596,09LD1876_r2_c5.png
35.68268089789154,139.77465920158573,CT,0.8915294408798218,09LD1876_r2_c5.png
35.68267241707913,139.7746802509014,CT,0.8820511102676392,09LD1876_r2_c5.png
35.68263143012779,139.77429693565176,CT,0.8736034035682678,09LD1876_r2_c5.png
35.68264146174443,139.77430317920263,CT,0.8442526459693909,09LD1876_r2_c5.png
35.68265216682772,139.77424795162355,CT,0.8106942772865295,09LD1876_r2_c5.png
35.68264402675368,139.77435740272222,CT,0.7924480438232422,09LD1876_r2_c5.png
35.68262426694253,139.77434493029546,CT,0.7155510187149048,09LD1876_r2_c5.png
35.68261397195443,139.77433888043294,CT,0.692413330078125,09LD1876_r2_c5.png
35.68265098544586,139.77430883479482,CT,0.6619166731834412,09LD1876_r2_c5.png
35.682695107352465,139.77426712527273,decentralized,0.6179069876670837,09LD1876_r2_c5.png
35.682661142503,139.77431436140614,CT,0.5959368348121643,09LD1876_r2_c5.png
35.68266159734066,139.7742531127391,CT,0.5828244090080261,09LD1876_r2_c5.png
35.682680683141356,139.7742644652418,CT,0.5633625984191895,09LD1876_r2_c5.png
35.68265418765727,139.7743109987446,CT,0.537406861782074,09LD1876_r2_c5.png
35.68273709702017,139.7742588586846,ACC,0.502403736114502,09LD1876_r2_c5.png
35.68270806437244,139.77423645891614,decentralized,0.4281444251537323,09LD1876_r2_c5.png
35.68273756373361,139.77425892391975,CT,0.4018290042877197,09LD1876_r2_c5.png
35.682633394212736,139.77435173195119,CT,0.304854154586792,09LD1876_r2_c5.png
35.682662453372046,139.77425438692327,CT,0.28993743658065796,09LD1876_r2_c5.png
35.68267130381875,139.77426014104626,CT,0.25150731205940247,09LD1876_r2_c5.png
35.68267299092521,139.77426127417118,ACC,0.19356344640254974,09LD1876_r2_c5.png
35.682675007388646,139.7742611332747,CT,0.15833380818367004,09LD1876_r2_c5.png
35.68269190064012,139.7742311288999,decentralized,0.14351299405097961,09LD1876_r2_c5.png
35.68269358703528,139.7742296357467,CT,0.10925664752721786,09LD1876_r2_c5.png
35.682625143738946,139.7747944780711,CT,0.9239875078201294,09LD1876_r2_c6.png
35.68261593167065,139.7748153665486,CT,0.8951313495635986,09LD1876_r2_c6.png
35.68249257738074,139.77469520737594,CT,0.9728566408157349,09LD1876_r3_c5.png
35.682521370233985,139.77462515744168,CT,0.9703593254089355,09LD1876_r3_c5.png
35.682502873907055,139.77467169843968,CT,0.9620510339736938,09LD1876_r3_c5.png
35.682549892830615,139.7745552253566,CT,0.9605725407600403,09LD1876_r3_c5.png
35.682513368269504,139.77464930136114,CT,0.9540732502937317,09LD1876_r3_c5.png
35.68254097618867,139.7745798776522,CT,0.9539709687232971,09LD1876_r3_c5.png
35.68253102252872,139.77460247644277,CT,0.9476519823074341,09LD1876_r3_c5.png
35.68256950749456,139.77450982646073,CT,0.9457576274871826,09LD1876_r3_c5.png
35.68257808556739,139.77448532421266,CT,0.939075231552124,09LD1876_r3_c5.png
35.68255974889206,139.7745322408858,CT,0.9336244463920593,09LD1876_r3_c5.png
35.682366183802344,139.77500539295315,CT,0.9720588326454163,09LD1876_r3_c6.png
35.68237645671798,139.77498196679846,CT,0.9711290597915649,09LD1876_r3_c6.png
35.682386328104016,139.7749583513813,CT,0.9664257168769836,09LD1876_r3_c6.png
35.682423520461775,139.77486560944834,CT,0.9659349322319031,09LD1876_r3_c6.png
35.682395642328004,139.77493498454464,CT,0.9645237922668457,09LD1876_r3_c6.png
35.682414915250696,139.7748893503895,CT,0.9618309736251831,09LD1876_r3_c6.png
35.68244315106757,139.77481974823266,CT,0.9586808681488037,09LD1876_r3_c6.png
35.682405100116895,139.77491191543285,CT,0.9575679302215576,09LD1876_r3_c6.png
35.68236536893887,139.7750854425915,CT,0.9491291046142578,09LD1876_r3_c6.png
35.68233290582108,139.77506556750774,CT,0.9438774585723877,09LD1876_r3_c6.png
35.68243349260489,139.7748430247835,CT,0.9419767260551453,09LD1876_r3_c6.png
35.68234974819536,139.77507534902318,CT,0.9393262267112732,09LD1876_r3_c6.png
35.682453276914636,139.77479538080496,CT,0.9365352392196655,09LD1876_r3_c6.png
35.682380999155455,139.77509459286279,CT,0.9350196123123169,09LD1876_r3_c6.png
35.68247955054346,139.77518701259334,decentralized,0.9319712519645691,09LD1876_r3_c6.png
35.68241289059341,139.7751134227643,CT,0.9318269491195679,09LD1876_r3_c6.png
35.68239720560992,139.77510407212012,CT,0.9200325012207031,09LD1876_r3_c6.png
35.68242409588871,139.77500610016685,decentralized,0.9113945960998535,09LD1876_r3_c6.png
35.68246760654842,139.77519932165447,decentralized,0.9064915776252747,09LD1876_r3_c6.png
35.68249153950433,139.77523908436538,decentralized,0.9046095609664917,09LD1876_r3_c6.png
35.682436955396774,139.7749722975053,decentralized,0.8127934336662292,09LD1876_r3_c6.png
35.682316176203265,139.77543024569937,decentralized,0.2681007385253906,09LD1876_r3_c7.png
35.68229998776909,139.77542149131554,decentralized,0.13740305602550507,09LD1876_r3_c7.png
35.68257159876799,139.77541391664548,decentralized,0.12177683413028717,09LD1876_r3_c7.png
35.68096717116653,139.77152986184188,decentralized,0.9496210813522339,09LD1876_r7_c0.png
35.6809609875089,139.77186534525947,decentralized,0.9436127543449402,09LD1876_r7_c0.png
35.68098063556331,139.77148806232532,decentralized,0.9419113397598267,09LD1876_r7_c0.png
35.68097544495394,139.771509876146,decentralized,0.9392820596694946,09LD1876_r7_c0.png
35.68096639502038,139.77185224696007,decentralized,0.9224608540534973,09LD1876_r7_c0.png
35.680938341779736,139.77171820832064,decentralized,0.8823622465133667,09LD1876_r7_c0.png
35.680990174223616,139.7714727763637,decentralized,0.8496027588844299,09LD1876_r7_c0.png
35.681094778902626,139.77162154284446,decentralized,0.775890588760376,09LD1876_r7_c0.png
35.68098667865167,139.77184463194322,decentralized,0.7531986236572266,09LD1876_r7_c0.png
35.68090944121806,139.77147583514233,decentralized,0.2882864475250244,09LD1876_r7_c0.png
35.680910361668865,139.7717007711201,decentralized,0.2770555019378662,09LD1876_r7_c0.png
35.683451370527685,139.77645753877042,decentralized,0.36049336194992065,09LD1877_r0_c1.png
35.683412694547485,139.77720379255732,decentralized,0.8737171292304993,09LD1877_r0_c2.png
35.68342039652941,139.77718202292715,decentralized,0.8660662174224854,09LD1877_r0_c2.png
35.68334733455619,139.77780600813128,decentralized,0.8780233860015869,09LD1877_r0_c3.png
35.683289293442485,139.77779662475675,decentralized,0.5234390497207642,09LD1877_r0_c3.png
35.68327804664717,139.77780113818076,decentralized,0.5169561505317688,09LD1877_r0_c3.png
35.683029729085206,139.7762158206709,decentralized,0.8959031105041504,09LD1877_r1_c0.png
35.68300472117047,139.77615890658956,CT,0.8753454685211182,09LD1877_r1_c0.png
35.68307139255361,139.77605182960988,CT,0.6389596462249756,09LD1877_r1_c0.png
35.68295189532872,139.77611288172764,decentralized,0.36801546812057495,09LD1877_r1_c0.png
35.68326034056741,139.77639060815832,decentralized,0.18534226715564728,09LD1877_r1_c0.png
35.68296443046319,139.7768674882234,decentralized,0.9302905797958374,09LD1877_r1_c1.png
35.682949101258096,139.77686302203742,decentralized,0.8923432230949402,09LD1877_r1_c1.png
35.68294983771323,139.77690242979781,decentralized,0.8916437029838562,09LD1877_r1_c1.png
35.683128198826864,139.77696920264464,CT,0.7549211978912354,09LD1877_r1_c1.png
35.6830334350681,139.77696572339914,decentralized,0.3145855963230133,09LD1877_r1_c1.png
35.68315824062701,139.77663997304117,decentralized,0.19858650863170624,09LD1877_r1_c1.png
35.683142243229405,139.7768496180319,decentralized,0.1211610808968544,09LD1877_r1_c1.png
35.68304482194103,139.77717814248723,CT,0.9434245228767395,09LD1877_r1_c2.png
35.683027207306175,139.77716761547865,CT,0.9397134780883789,09LD1877_r1_c2.png
35.683009920234305,139.77715644557077,CT,0.9372705817222595,09LD1877_r1_c2.png
35.68319845602571,139.77744986848825,decentralized,0.9097914099693298,09LD1877_r1_c2.png
35.68309669998146,139.77713177805765,decentralized,0.9080360531806946,09LD1877_r1_c2.png
35.6832098810083,139.77716400876236,decentralized,0.8834632635116577,09LD1877_r1_c2.png
35.68295639587291,139.7775211041007,decentralized,0.8630951046943665,09LD1877_r1_c2.png
35.682951004398205,139.77726446640378,decentralized,0.8629409074783325,09LD1877_r1_c2.png
35.6829878421399,139.77701955492086,decentralized,0.8541041016578674,09LD1877_r1_c2.png
35.68322914163318,139.77746958037872,decentralized,0.7068665027618408,09LD1877_r1_c2.png
35.68299150604846,139.7770069636613,decentralized,0.6133189797401428,09LD1877_r1_c2.png
35.68298421466465,139.77700212657706,decentralized,0.46818989515304565,09LD1877_r1_c2.png
35.68296261399644,139.77699132504537,decentralized,0.36715319752693176,09LD1877_r1_c2.png
35.68324787064964,139.77747630278805,decentralized,0.22273482382297516,09LD1877_r1_c2.png
35.68297829549934,139.77701527768073,decentralized,0.15313531458377838,09LD1877_r1_c2.png
35.683202806163195,139.77768007057026,decentralized,0.9373792409896851,09LD1877_r1_c3.png
35.68297851928281,139.77770620388236,decentralized,0.9314124584197998,09LD1877_r1_c3.png
35.68326106054426,139.77780742189063,decentralized,0.9252662062644958,09LD1877_r1_c3.png
35.6831682016386,139.77778780108534,decentralized,0.9244018793106079,09LD1877_r1_c3.png
35.68322922771549,139.77776615566464,decentralized,0.9223611354827881,09LD1877_r1_c3.png
35.683183943296434,139.77766487618757,decentralized,0.9184508323669434,09LD1877_r1_c3.png
35.6832428115291,139.77786240884348,decentralized,0.9143036603927612,09LD1877_r1_c3.png
35.68298728140584,139.77764216715096,decentralized,0.9135627150535583,09LD1877_r1_c3.png
35.68299601113463,139.77762219780203,decentralized,0.9104177951812744,09LD1877_r1_c3.png
35.68326896269272,139.777820624921,decentralized,0.8835778832435608,09LD1877_r1_c3.png
35.683215340458126,139.77784881745112,decentralized,0.8665250539779663,09LD1877_r1_c3.png
35.68315749271618,139.7779695015261,decentralized,0.8615350127220154,09LD1877_r1_c3.png
35.68315000248473,139.77777161085478,decentralized,0.8572283983230591,09LD1877_r1_c3.png
35.6829736089858,139.77763353156345,decentralized,0.853721559047699,09LD1877_r1_c3.png
35.68300082556216,139.7776705042013,decentralized,0.8453124761581421,09LD1877_r1_c3.png
35.68317394953914,139.77774737762246,decentralized,0.8415666818618774,09LD1877_r1_c3.png
35.68321921722195,139.7778407175186,decentralized,0.8164334297180176,09LD1877_r1_c3.png
35.68303840154876,139.77771016603913,decentralized,0.7845853567123413,09LD1877_r1_c3.png
35.68326627849032,139.77785158981146,decentralized,0.7679394483566284,09LD1877_r1_c3.png
35.682981969384045,139.7776132410187,decentralized,0.7395501732826233,09LD1877_r1_c3.png
35.68311846052247,139.7777799244346,decentralized,0.6731330156326294,09LD1877_r1_c3.png
35.68296016779993,139.77762484805123,decentralized,0.4623991549015045,09LD1877_r1_c3.png
35.683032710779585,139.7777065139951,decentralized,0.27922287583351135,09LD1877_r1_c3.png
35.683220533621125,139.77779371479645,decentralized,0.25811299681663513,09LD1877_r1_c3.png
35.682960085789496,139.77769305581273,decentralized,0.20484144985675812,09LD1877_r1_c3.png
35.683225454041036,139.7778344466241,decentralized,0.19364352524280548,09LD1877_r1_c3.png
35.68285707013706,139.77616870733442,decentralized,0.2698040008544922,09LD1877_r2_c0.png
35.682649313679285,139.7768429460163,decentralized,0.9432717561721802,09LD1877_r2_c1.png
35.682807539466566,139.77693305822098,decentralized,0.9374982714653015,09LD1877_r2_c1.png
35.68283449539727,139.77683352618627,decentralized,0.9373440742492676,09LD1877_r2_c1.png
35.68269240368898,139.77685515882337,decentralized,0.9364538788795471,09LD1877_r2_c1.png
35.682633718381794,139.77686795508896,decentralized,0.9333931803703308,09LD1877_r2_c1.png
35.68266203383604,139.77684435934614,decentralized,0.9307352304458618,09LD1877_r2_c1.png
35.68284994624004,139.776857921358,decentralized,0.9289246797561646,09LD1877_r2_c1.png
35.682845219791155,139.7768056564271,decentralized,0.9276471138000488,09LD1877_r2_c1.png
35.682826232231854,139.7768873955894,decentralized,0.9273149371147156,09LD1877_r2_c1.png
35.682673460860016,139.77689446227782,decentralized,0.9257735013961792,09LD1877_r2_c1.png
35.682817983994276,139.7769390806287,decentralized,0.9246259331703186,09LD1877_r2_c1.png
35.68278275929459,139.77690926500227,decentralized,0.9236552119255066,09LD1877_r2_c1.png
35.68281790743165,139.77690818050243,decentralized,0.9229652881622314,09LD1877_r2_c1.png
35.682855232380895,139.7768179819169,decentralized,0.9206118583679199,09LD1877_r2_c1.png
35.682683462344436,139.77687755787352,decentralized,0.9205504655838013,09LD1877_r2_c1.png
35.682807869680225,139.77696494735113,decentralized,0.9202902913093567,09LD1877_r2_c1.png
35.682828330803254,139.77691378363346,decentralized,0.9192550778388977,09LD1877_r2_c1.png
35.68280035532687,139.77676814626895,decentralized,0.914798378944397,09LD1877_r2_c1.png
35.68283644396017,139.77689291022864,decentralized,0.9102257490158081,09LD1877_r2_c1.png
35.68266736821411,139.77689112055648,decentralized,0.8976215124130249,09LD1877_r2_c1.png
35.682658178114174,139.77686042849643,decentralized,0.8891100287437439,09LD1877_r2_c1.png
35.68279757315395,139.77695835642302,decentralized,0.8812018632888794,09LD1877_r2_c1.png
35.68267074355792,139.77691016605877,decentralized,0.8808974027633667,09LD1877_r2_c1.png
35.68278814036219,139.77698215831012,decentralized,0.8732022047042847,09LD1877_r2_c1.png
35.68286432302662,139.77682322515238,decentralized,0.8677236437797546,09LD1877_r2_c1.png
35.68267933895175,139.77684784043097,decentralized,0.8395232558250427,09LD1877_r2_c1.png
35.68263769482342,139.77683585422503,decentralized,0.8051862716674805,09LD1877_r2_c1.png
35.68264381293186,139.7768978835853,decentralized,0.7880792021751404,09LD1877_r2_c1.png
35.68279879668577,139.77698586534768,decentralized,0.7661876678466797,09LD1877_r2_c1.png
35.6826726997598,139.776865502488,decentralized,0.7290382981300354,09LD1877_r2_c1.png
35.68291184648919,139.7767758608453,decentralized,0.5024133324623108,09LD1877_r2_c1.png
35.68284147376389,139.77685133350397,decentralized,0.4941740334033966,09LD1877_r2_c1.png
35.68265610186506,139.77689299108025,decentralized,0.3140658736228943,09LD1877_r2_c1.png
35.68269580404897,139.77681113576293,decentralized,0.3016858696937561,09LD1877_r2_c1.png
35.68293560460605,139.77646460755562,decentralized,0.25511234998703003,09LD1877_r2_c1.png
35.68267076558557,139.77689307532566,decentralized,0.23373182117938995,09LD1877_r2_c1.png
35.68264363351837,139.77689645720142,decentralized,0.1860480159521103,09LD1877_r2_c1.png
35.682696756398286,139.77744469286887,decentralized,0.9255449175834656,09LD1877_r2_c2.png
35.68267265144767,139.7774707062275,decentralized,0.9174504280090332,09LD1877_r2_c2.png
35.68276029486582,139.77699867373673,decentralized,0.9096977114677429,09LD1877_r2_c2.png
35.68267033918967,139.7774279395582,decentralized,0.906072735786438,09LD1877_r2_c2.png
35.68279477619257,139.77699674162673,decentralized,0.9052399396896362,09LD1877_r2_c2.png
35.68281766281344,139.77721603440372,decentralized,0.8923108577728271,09LD1877_r2_c2.png
35.68262388697155,139.77701312480116,decentralized,0.8822309374809265,09LD1877_r2_c2.png
35.682746864807804,139.77702801640575,decentralized,0.8811150193214417,09LD1877_r2_c2.png
35.68292623855153,139.77707662963394,decentralized,0.8759576678276062,09LD1877_r2_c2.png
35.68267471775344,139.7774483856757,decentralized,0.8712463974952698,09LD1877_r2_c2.png
35.68274512304032,139.77703305563855,decentralized,0.8699919581413269,09LD1877_r2_c2.png
35.682836854229286,139.77727946715805,decentralized,0.8043034076690674,09LD1877_r2_c2.png
35.682645517863264,139.77702867623913,decentralized,0.7808958888053894,09LD1877_r2_c2.png
35.68267061130098,139.77714001802434,decentralized,0.7734243869781494,09LD1877_r2_c2.png
35.68282848401476,139.77722152063973,decentralized,0.7703201770782471,09LD1877_r2_c2.png
35.68278424166944,139.77699249727183,decentralized,0.726718008518219,09LD1877_r2_c2.png
35.682709107353816,139.77700553516348,decentralized,0.6665766835212708,09LD1877_r2_c2.png
35.6826027576757,139.7770011498562,decentralized,0.5618093013763428,09LD1877_r2_c2.png
35.68281191919042,139.7772583792159,decentralized,0.4034048914909363,09LD1877_r2_c2.png
35.682854740370594,139.77748579097752,decentralized,0.383768230676651,09LD1877_r2_c2.png
35.682601974661054,139.7774610479458,decentralized,0.37916770577430725,09LD1877_r2_c2.png
35.68282279456309,139.77723476149444,decentralized,0.3788379728794098,09LD1877_r2_c2.png
35.682641647486214,139.7769921777383,decentralized,0.2518652081489563,09LD1877_r2_c2.png
35.68265509664114,139.776992397283,decentralized,0.18226517736911774,09LD1877_r2_c2.png
35.682835969296725,139.77720277790095,decentralized,0.12920299172401428,09LD1877_r2_c2.png
35.682693552000046,139.77699242998992,decentralized,0.12049305438995361,09LD1877_r2_c2.png
35.68282217967102,139.77716094344706,decentralized,0.11910022050142288,09LD1877_r2_c2.png
35.68251291258848,139.77687777791692,decentralized,0.9557890892028809,09LD1877_r3_c1.png
35.68248552787749,139.7769802471089,CT,0.9462178349494934,09LD1877_r3_c1.png
35.68252705245867,139.776884415093,decentralized,0.9446589350700378,09LD1877_r3_c1.png
35.68255084971241,139.7768298197288,decentralized,0.9349668025970459,09LD1877_r3_c1.png
35.68256277628336,139.7768807981694,decentralized,0.9346791505813599,09LD1877_r3_c1.png
35.68254920689333,139.77687194368494,decentralized,0.933698296546936,09LD1877_r3_c1.png
35.68243016120958,139.7766769705531,decentralized,0.9336503148078918,09LD1877_r3_c1.png
35.682576195791235,139.77689000677668,decentralized,0.9314995408058167,09LD1877_r3_c1.png
35.68258937984856,139.77689765559708,decentralized,0.9279689192771912,09LD1877_r3_c1.png
35.6825368858506,139.77685947852615,decentralized,0.9248627424240112,09LD1877_r3_c1.png
35.68243785282889,139.7766071139512,decentralized,0.9244447946548462,09LD1877_r3_c1.png
35.68241243125257,139.77666666521012,decentralized,0.9155062437057495,09LD1877_r3_c1.png
35.682454445027346,139.77661708780542,decentralized,0.9052714109420776,09LD1877_r3_c1.png
35.68231146967691,139.77683183017933,decentralized,0.9007975459098816,09LD1877_r3_c1.png
35.68231083644608,139.7765532669228,decentralized,0.89876788854599,09LD1877_r3_c1.png
35.68252202751386,139.7768540159729,decentralized,0.8969683051109314,09LD1877_r3_c1.png
35.682518808246826,139.77693570795896,decentralized,0.8923975825309753,09LD1877_r3_c1.png
35.68254001450788,139.77689453545364,decentralized,0.8847029209136963,09LD1877_r3_c1.png
35.682319752040485,139.7765328540065,decentralized,0.8813807368278503,09LD1877_r3_c1.png
35.68232129365179,139.77681171506939,decentralized,0.8809179067611694,09LD1877_r3_c1.png
35.68250959298689,139.77692972658375,decentralized,0.880110502243042,09LD1877_r3_c1.png
35.682311738669036,139.77650528106057,decentralized,0.8666535019874573,09LD1877_r3_c1.png
35.68256000195378,139.77690728075825,decentralized,0.8647240996360779,09LD1877_r3_c1.png
35.68229586435403,139.77649329227742,decentralized,0.853162944316864,09LD1877_r3_c1.png
35.68258254887837,139.7769867727237,decentralized,0.7472417950630188,09LD1877_r3_c1.png
35.682555620695545,139.7769789226626,decentralized,0.7203800678253174,09LD1877_r3_c1.png
35.68255612303665,139.77696259362338,decentralized,0.6431665420532227,09LD1877_r3_c1.png
35.682349021485415,139.77650000526828,decentralized,0.561246931552887,09LD1877_r3_c1.png
35.682340852680255,139.77695433294497,decentralized,0.48997390270233154,09LD1877_r3_c1.png
35.68228026576051,139.77698177644186,decentralized,0.4817773401737213,09LD1877_r3_c1.png
35.68233886235751,139.77649681502507,decentralized,0.41801345348358154,09LD1877_r3_c1.png
35.68233952752633,139.7764944963777,decentralized,0.3499525785446167,09LD1877_r3_c1.png
35.68255483726991,139.77690499699088,decentralized,0.3164753019809723,09LD1877_r3_c1.png
35.682348775718445,139.77650003516706,decentralized,0.31329283118247986,09LD1877_r3_c1.png
35.68251506181788,139.77693351948463,decentralized,0.3020189702510834,09LD1877_r3_c1.png
35.68227512851418,139.77692686259633,decentralized,0.21543829143047333,09LD1877_r3_c1.png
35.68259237578456,139.7769945399257,decentralized,0.7128018736839294,09LD1877_r3_c2.png
35.68248310168458,139.77699354048366,CT,0.37639960646629333,09LD1877_r3_c2.png
35.68206075401674,139.77632570869633,decentralized,0.9423288106918335,09LD1877_r4_c0.png
35.682095706873824,139.77640385683438,decentralized,0.9356167912483215,09LD1877_r4_c0.png
35.68207300320704,139.7762954372109,decentralized,0.9324371218681335,09LD1877_r4_c0.png
35.682110419451725,139.77631881267843,decentralized,0.9305153489112854,09LD1877_r4_c0.png
35.682085809304624,139.776340792222,decentralized,0.9301417469978333,09LD1877_r4_c0.png
35.68207357080697,139.77633311781813,decentralized,0.9295002818107605,09LD1877_r4_c0.png
35.68208548499035,139.77630303584587,decentralized,0.9203959107398987,09LD1877_r4_c0.png
35.68206103212368,139.7762864883839,decentralized,0.9118672609329224,09LD1877_r4_c0.png
35.682098076471085,139.77631126768233,decentralized,0.9052353501319885,09LD1877_r4_c0.png
35.682098224626316,139.77634876822202,decentralized,0.9011132121086121,09LD1877_r4_c0.png
35.682089593593275,139.77642957159537,decentralized,0.8892010450363159,09LD1877_r4_c0.png
35.68213431950459,139.77599781181945,CT,0.6703773140907288,09LD1877_r4_c0.png
35.68203329061398,139.77643477107625,decentralized,0.13756008446216583,09LD1877_r4_c0.png
35.6821858530347,139.7763855434511,CT,0.12280115485191345,09LD1877_r4_c0.png
35.68203936514535,139.7767607797803,decentralized,0.9521676301956177,09LD1877_r4_c1.png
35.682049137237044,139.77650559454312,decentralized,0.9503350853919983,09LD1877_r4_c1.png
35.682030742445626,139.77649625198805,decentralized,0.9412094950675964,09LD1877_r4_c1.png
35.68206269437528,139.77672121207752,decentralized,0.9349949359893799,09LD1877_r4_c1.png
35.682162194425864,139.77653266580054,CT,0.9287084341049194,09LD1877_r4_c1.png
35.682180176838635,139.77654423691075,CT,0.9272217750549316,09LD1877_r4_c1.png
35.68215797414273,139.7764499740723,decentralized,0.9265217781066895,09LD1877_r4_c1.png
35.682041041527675,139.7767455519033,decentralized,0.9254543781280518,09LD1877_r4_c1.png
35.68220676959551,139.77649553921492,decentralized,0.9157932996749878,09LD1877_r4_c1.png
35.6821954730909,139.77647992688367,decentralized,0.9112477898597717,09LD1877_r4_c1.png
35.68205185400552,139.7767342154135,decentralized,0.9101662039756775,09LD1877_r4_c1.png
35.68201647854798,139.776621585491,decentralized,0.9007943868637085,09LD1877_r4_c1.png
35.68224019647105,139.7767867688118,decentralized,0.8943623304367065,09LD1877_r4_c1.png
35.682188157356286,139.7764966200789,decentralized,0.8936392664909363,09LD1877_r4_c1.png
35.68203594047919,139.77677415464348,decentralized,0.8850762844085693,09LD1877_r4_c1.png
35.68201840362161,139.7769820019024,decentralized,0.8772016167640686,09LD1877_r4_c1.png
35.68199569321919,139.77695671678748,decentralized,0.8738930821418762,09LD1877_r4_c1.png
35.68195067522129,139.77695229900237,decentralized,0.8673983812332153,09LD1877_r4_c1.png
35.68214479482732,139.77672687475413,decentralized,0.8669257164001465,09LD1877_r4_c1.png
35.68214486288194,139.77674141675945,decentralized,0.8492653369903564,09LD1877_r4_c1.png
35.68194928305004,139.77689451171386,decentralized,0.8415151834487915,09LD1877_r4_c1.png
35.682178500943536,139.77647680969739,decentralized,0.8410164713859558,09LD1877_r4_c1.png
35.68204433936842,139.77671574168485,decentralized,0.771210253238678,09LD1877_r4_c1.png
35.682206571889914,139.7764751176966,decentralized,0.6695622801780701,09LD1877_r4_c1.png
35.68194788708929,139.77696150317294,decentralized,0.6681496500968933,09LD1877_r4_c1.png
35.68193575536863,139.7769428033467,decentralized,0.661894679069519,09LD1877_r4_c1.png
35.68225783732766,139.77677387130723,decentralized,0.657564103603363,09LD1877_r4_c1.png
35.68225847851938,139.7767704386829,decentralized,0.6501654982566833,09LD1877_r4_c1.png
35.68215631498577,139.77673311736424,decentralized,0.5033085942268372,09LD1877_r4_c1.png
35.6820743331559,139.77671511479775,decentralized,0.40955695509910583,09LD1877_r4_c1.png
35.682177042834,139.77648200176503,decentralized,0.34030941128730774,09LD1877_r4_c1.png
35.68208624803143,139.77643979593114,decentralized,0.2799762487411499,09LD1877_r4_c1.png
35.681994611788376,139.77698734404646,decentralized,0.2682550251483917,09LD1877_r4_c1.png
35.68224330024717,139.77676141242583,decentralized,0.16524969041347504,09LD1877_r4_c1.png
35.68207421400951,139.77671556011109,decentralized,0.10502885282039642,09LD1877_r4_c1.png
35.68171051735176,139.77631728915475,decentralized,0.9277703166007996,09LD1877_r5_c0.png
35.681826532680134,139.77621554687045,decentralized,0.8959896564483643,09LD1877_r5_c0.png
35.681774563792246,139.776162111815,decentralized,0.8761977553367615,09LD1877_r5_c0.png
35.68172094114185,139.7763037626507,decentralized,0.8622751832008362,09LD1877_r5_c0.png
35.68179261322862,139.77616106532884,decentralized,0.8565900921821594,09LD1877_r5_c0.png
35.68164228788018,139.77642964586883,decentralized,0.39150354266166687,09LD1877_r5_c0.png
35.68176039334762,139.77631928191718,decentralized,0.24013255536556244,09LD1877_r5_c0.png
35.68174391394412,139.7768702534094,decentralized,0.9459723234176636,09LD1877_r5_c1.png
35.68168587499272,139.77685865963056,decentralized,0.9349383115768433,09LD1877_r5_c1.png
35.681734986546374,139.77682440214662,decentralized,0.9348942637443542,09LD1877_r5_c1.png
35.68172298846376,139.77687279615787,decentralized,0.9255297183990479,09LD1877_r5_c1.png
35.68172350955631,139.77685013126143,decentralized,0.9189713001251221,09LD1877_r5_c1.png
35.68169976196296,139.77684407520215,decentralized,0.9161764979362488,09LD1877_r5_c1.png
35.681647450001584,139.77646487447137,decentralized,0.910955548286438,09LD1877_r5_c1.png
35.681704439285646,139.7767718613275,decentralized,0.9066238403320312,09LD1877_r5_c1.png
35.681724392057376,139.7767851719662,decentralized,0.9037445783615112,09LD1877_r5_c1.png
35.68165067836197,139.77649808811302,decentralized,0.9029372930526733,09LD1877_r5_c1.png
35.681632838379194,139.77645966841388,decentralized,0.8976783156394958,09LD1877_r5_c1.png
35.68171405218759,139.7767771601489,decentralized,0.8972845077514648,09LD1877_r5_c1.png
35.681745030178654,139.77679692441387,decentralized,0.8972204327583313,09LD1877_r5_c1.png
35.681733977889486,139.7767897351082,decentralized,0.8837347030639648,09LD1877_r5_c1.png
35.681861430133594,139.77659576436403,decentralized,0.8801721930503845,09LD1877_r5_c1.png
35.681619463981825,139.77649572792149,decentralized,0.8752102255821228,09LD1877_r5_c1.png
35.681906992923246,139.77687178841148,decentralized,0.8658347725868225,09LD1877_r5_c1.png
35.681691937206146,139.7764660939348,decentralized,0.8369045257568359,09LD1877_r5_c1.png
35.68173886531843,139.77688244669736,decentralized,0.7555012106895447,09LD1877_r5_c1.png
35.681862148128495,139.7769045052127,decentralized,0.7496169805526733,09LD1877_r5_c1.png
35.68179643043744,139.77656753059475,decentralized,0.7235755324363708,09LD1877_r5_c1.png
35.681907525817365,139.77693414898775,decentralized,0.7125549912452698,09LD1877_r5_c1.png
35.681905171626724,139.77667539324543,decentralized,0.6877667903900146,09LD1877_r5_c1.png
35.68192159216897,139.77693011458612,decentralized,0.6503912210464478,09LD1877_r5_c1.png
35.681684685090595,139.77649628816698,decentralized,0.6488726139068604,09LD1877_r5_c1.png
35.68184830827306,139.77662893601212,decentralized,0.6443393230438232,09LD1877_r5_c1.png
35.6816095086853,139.77644111420173,decentralized,0.61290043592453,09LD1877_r5_c1.png
35.68186776851731,139.77687074490868,decentralized,0.3278575837612152,09LD1877_r5_c1.png
35.68183544583332,139.77661191175451,decentralized,0.27879980206489563,09LD1877_r5_c1.png
35.6816617772034,139.77652329993253,decentralized,0.12550319731235504,09LD1877_r5_c1.png
35.68191996965794,139.77647914022614,decentralized,0.12116836756467819,09LD1877_r5_c1.png
35.6806507528647,139.7711450806289,decentralized,0.9520100355148315,09LD1885_r0_c7.png
35.68072629854563,139.77115911207778,decentralized,0.9480648636817932,09LD1885_r0_c7.png
35.68060004092856,139.77133232472153,decentralized,0.9378119707107544,09LD1885_r0_c7.png
35.68073466913339,139.77113221767115,decentralized,0.9281405806541443,09LD1885_r0_c7.png
35.68058698767721,139.77145021487303,decentralized,0.9267228245735168,09LD1885_r0_c7.png
35.680601604387306,139.77135194067952,decentralized,0.922918438911438,09LD1885_r0_c7.png
35.6808564434672,139.77133482878986,decentralized,0.9142071008682251,09LD1885_r0_c7.png
35.6807373498693,139.77111832666478,decentralized,0.8986107707023621,09LD1885_r0_c7.png
35.68067055966143,139.7711551466224,decentralized,0.8918959498405457,09LD1885_r0_c7.png
35.680649300247815,139.77136971079017,decentralized,0.8901902437210083,09LD1885_r0_c7.png
35.680653662499594,139.77135993223888,decentralized,0.8893320560455322,09LD1885_r0_c7.png
35.68075740741496,139.77114119992504,decentralized,0.8854016065597534,09LD1885_r0_c7.png
35.68071453247542,139.77112007325837,decentralized,0.8719227910041809,09LD1885_r0_c7.png
35.68074167679051,139.77109744407218,decentralized,0.8610316514968872,09LD1885_r0_c7.png
35.68071567731168,139.77110435952403,decentralized,0.8582923412322998,09LD1885_r0_c7.png
35.68075382978251,139.77110465846943,decentralized,0.847554087638855,09LD1885_r0_c7.png
35.68073200959834,139.7710907880035,decentralized,0.8183637261390686,09LD1885_r0_c7.png
35.68059980182518,139.77112002320928,decentralized,0.7383678555488586,09LD1885_r0_c7.png
35.68059830614006,139.77112378382486,decentralized,0.7255216240882874,09LD1885_r0_c7.png
35.68057915949603,139.77144402700176,decentralized,0.7226574420928955,09LD1885_r0_c7.png
35.680722721095435,139.77114045689441,decentralized,0.6889766454696655,09LD1885_r0_c7.png
35.680593120301594,139.7712689581308,decentralized,0.677682101726532,09LD1885_r0_c7.png
35.680588636908574,139.77110881448672,decentralized,0.6629538536071777,09LD1885_r0_c7.png
35.680744257925234,139.77116987109352,decentralized,0.6380447745323181,09LD1885_r0_c7.png
35.68071019374983,139.77114827920843,decentralized,0.6051199436187744,09LD1885_r0_c7.png
35.68057369325853,139.7714414180558,decentralized,0.43199408054351807,09LD1885_r0_c7.png
35.68074994867643,139.7712176851479,decentralized,0.3937349319458008,09LD1885_r0_c7.png
35.68057564611096,139.77095360726554,decentralized,0.37964457273483276,09LD1885_r0_c7.png
35.680787816077114,139.77109447368275,decentralized,0.31738948822021484,09LD1885_r0_c7.png
35.68057144028677,139.7709717492038,decentralized,0.3105940520763397,09LD1885_r0_c7.png
35.68089510917516,139.77146472623957,decentralized,0.2916027009487152,09LD1885_r0_c7.png
35.68073467926639,139.77114807973473,decentralized,0.2060352861881256,09LD1885_r0_c7.png
35.680620117534154,139.77140487936916,decentralized,0.1907704472541809,09LD1885_r0_c7.png
35.680687751397464,139.77112298000444,decentralized,0.1878456324338913,09LD1885_r0_c7.png
35.68077673778923,139.77115770474862,decentralized,0.18480734527111053,09LD1885_r0_c7.png
35.680627329679304,139.7711284506585,decentralized,0.15195167064666748,09LD1885_r0_c7.png
35.680761873168876,139.77110932048802,decentralized,0.10756058990955353,09LD1885_r0_c7.png
35.68049130400289,139.7712715467024,decentralized,0.934991180896759,09LD1885_r1_c7.png
35.68055885146474,139.77143278969564,decentralized,0.9274104833602905,09LD1885_r1_c7.png
35.68034640943781,139.77097866497894,decentralized,0.8988693356513977,09LD1885_r1_c7.png
35.68038371542694,139.7714115044775,decentralized,0.893337607383728,09LD1885_r1_c7.png
35.68042218750923,139.7709368257135,decentralized,0.8929418325424194,09LD1885_r1_c7.png
35.68051675734584,139.77106037989276,decentralized,0.8877189755439758,09LD1885_r1_c7.png
35.68045203407227,139.7713250220057,decentralized,0.8764777183532715,09LD1885_r1_c7.png
35.68049765161989,139.7713547558105,decentralized,0.8429208993911743,09LD1885_r1_c7.png
35.6802353442513,139.7713403938519,decentralized,0.8325554132461548,09LD1885_r1_c7.png
35.680461255352284,139.77133126390146,decentralized,0.8105149865150452,09LD1885_r1_c7.png
35.68029940581197,139.7711599518743,decentralized,0.8008502721786499,09LD1885_r1_c7.png
35.68042777988574,139.7709529021222,decentralized,0.7887792587280273,09LD1885_r1_c7.png
35.680435698645624,139.77095802420342,decentralized,0.7786003351211548,09LD1885_r1_c7.png
35.68055336328019,139.7714151320682,decentralized,0.7619094848632812,09LD1885_r1_c7.png
35.680286559403186,139.77116993309187,decentralized,0.7048982381820679,09LD1885_r1_c7.png
35.68047519876812,139.7713404882962,decentralized,0.6726232171058655,09LD1885_r1_c7.png
35.680504344114084,139.77110198114502,decentralized,0.6016238331794739,09LD1885_r1_c7.png
35.68047039782097,139.77133764985535,decentralized,0.5931475162506104,09LD1885_r1_c7.png
35.68050586990389,139.77109777796994,decentralized,0.5859876275062561,09LD1885_r1_c7.png
35.68031806031611,139.7709708744796,decentralized,0.5448145866394043,09LD1885_r1_c7.png
35.68055128076774,139.7713533532725,decentralized,0.5018342733383179,09LD1885_r1_c7.png
35.680500936224746,139.77146318260964,decentralized,0.4919626712799072,09LD1885_r1_c7.png
35.68055211026114,139.77137227728454,decentralized,0.4393952488899231,09LD1885_r1_c7.png
35.68056605971181,139.77140264677197,decentralized,0.3588492274284363,09LD1885_r1_c7.png
35.68034685565046,139.7709994031681,decentralized,0.32460445165634155,09LD1885_r1_c7.png
35.680442220141224,139.77093145799316,decentralized,0.3025299608707428,09LD1885_r1_c7.png
35.680485783834065,139.77112508216405,decentralized,0.29910844564437866,09LD1885_r1_c7.png
35.68035080719563,139.77116301958657,decentralized,0.23368272185325623,09LD1885_r1_c7.png
35.68025837721457,139.77093592216332,decentralized,0.22168728709220886,09LD1885_r1_c7.png
35.68045883090985,139.7709165981152,decentralized,0.2014201283454895,09LD1885_r1_c7.png
35.68054690220783,139.77136438783512,decentralized,0.13036702573299408,09LD1885_r1_c7.png
35.680560834043796,139.77094463208084,decentralized,0.10488682240247726,09LD1885_r1_c7.png
35.679994930089336,139.7706883245792,decentralized,0.9317588210105896,09LD1885_r2_c6.png
35.679967058491194,139.770686924419,decentralized,0.9309050440788269,09LD1885_r2_c6.png
35.680062912522374,139.7708657519149,decentralized,0.9263771176338196,09LD1885_r2_c6.png
35.679972461613836,139.77070613341004,decentralized,0.9212603569030762,09LD1885_r2_c6.png
35.679963664892,139.77088405110365,decentralized,0.8985550403594971,09LD1885_r2_c6.png
35.679972049402295,139.77067386600817,decentralized,0.8940034508705139,09LD1885_r2_c6.png
35.68005221549841,139.7708608472618,decentralized,0.8663300275802612,09LD1885_r2_c6.png
35.67995527115724,139.77089638604076,decentralized,0.8491578698158264,09LD1885_r2_c6.png
35.67996347947497,139.7706505265645,decentralized,0.764122724533081,09LD1885_r2_c6.png
35.67998115783014,139.77087695094426,decentralized,0.7458536624908447,09LD1885_r2_c6.png
35.679976750164315,139.7708739297453,decentralized,0.7236071228981018,09LD1885_r2_c6.png
35.68007092624711,139.77068420365057,decentralized,0.6608337759971619,09LD1885_r2_c6.png
35.679987711273604,139.77069958397195,decentralized,0.5981309413909912,09LD1885_r2_c6.png
35.680078255955955,139.77070087939705,decentralized,0.572300136089325,09LD1885_r2_c6.png
35.679967497896904,139.7708509166282,decentralized,0.5442456007003784,09LD1885_r2_c6.png
35.67996537575537,139.7709021292641,decentralized,0.5358307361602783,09LD1885_r2_c6.png
35.67997491081762,139.7709076285357,decentralized,0.5221657752990723,09LD1885_r2_c6.png
35.679941898691645,139.77088972357558,decentralized,0.3943864703178406,09LD1885_r2_c6.png
35.67996754914806,139.7708687904235,decentralized,0.24903832376003265,09LD1885_r2_c6.png
35.679940019665,139.77090101384644,decentralized,0.19353078305721283,09LD1885_r2_c6.png
35.68004511088682,139.77144996861043,decentralized,0.9426101446151733,09LD1885_r2_c7.png
35.68016003966337,139.77123417667482,decentralized,0.9391666054725647,09LD1885_r2_c7.png
35.68016747034213,139.77125850175636,decentralized,0.9374697804450989,09LD1885_r2_c7.png
35.68018831621499,139.77135966739672,decentralized,0.9323282837867737,09LD1885_r2_c7.png
35.68016170759617,139.77134246468407,decentralized,0.9317238330841064,09LD1885_r2_c7.png
35.680031423324884,139.77144309388697,decentralized,0.9309454560279846,09LD1885_r2_c7.png
35.680064835019664,139.77145327629128,decentralized,0.9278805255889893,09LD1885_r2_c7.png
35.68002688190383,139.77118820545863,decentralized,0.9209188222885132,09LD1885_r2_c7.png
35.68012714398421,139.77116802215895,decentralized,0.9151241183280945,09LD1885_r2_c7.png
35.6799687573395,139.77097316731874,decentralized,0.9080552458763123,09LD1885_r2_c7.png
35.68016449310328,139.77100327710573,decentralized,0.9019347429275513,09LD1885_r2_c7.png
35.680159728174,139.77144062527935,decentralized,0.8993585109710693,09LD1885_r2_c7.png
35.680004515128346,139.77101712723865,decentralized,0.8951140642166138,09LD1885_r2_c7.png
35.67998598282392,139.7710166918954,decentralized,0.8933871388435364,09LD1885_r2_c7.png
35.6801754850361,139.77140646713053,decentralized,0.8870553374290466,09LD1885_r2_c7.png
35.680006735038795,139.77093259915821,decentralized,0.88486248254776,09LD1885_r2_c7.png
35.68011609929813,139.77108789397803,decentralized,0.881286084651947,09LD1885_r2_c7.png
35.68011806975171,139.7714396485392,decentralized,0.8626648187637329,09LD1885_r2_c7.png
35.680173587895275,139.77131189584202,decentralized,0.8465948104858398,09LD1885_r2_c7.png
35.68022686067651,139.77133480496062,decentralized,0.8408357501029968,09LD1885_r2_c7.png
35.68017146646504,139.77124650977117,decentralized,0.8272798657417297,09LD1885_r2_c7.png
35.680157024508475,139.77138142316528,decentralized,0.8106879591941833,09LD1885_r2_c7.png
35.68000995538535,139.77121516216855,decentralized,0.7889164090156555,09LD1885_r2_c7.png
35.68011351046843,139.77146268608377,decentralized,0.7727159857749939,09LD1885_r2_c7.png
35.68022364088201,139.77110963350017,decentralized,0.724819004535675,09LD1885_r2_c7.png
35.68017277143243,139.77144438716664,decentralized,0.7194086909294128,09LD1885_r2_c7.png
35.680077658478574,139.7714547114994,decentralized,0.7145230770111084,09LD1885_r2_c7.png
35.679996608255166,139.77092648046204,decentralized,0.7047423124313354,09LD1885_r2_c7.png
35.68016990127022,139.7710113900182,decentralized,0.6671977639198303,09LD1885_r2_c7.png
35.680157127896166,139.77139210269956,decentralized,0.6139541864395142,09LD1885_r2_c7.png
35.68003538407338,139.77093668646208,decentralized,0.5935129523277283,09LD1885_r2_c7.png
35.680202285169266,139.77142479575494,decentralized,0.43800243735313416,09LD1885_r2_c7.png
35.68002427836825,139.7709939051633,decentralized,0.4107784628868103,09LD1885_r2_c7.png
35.68017524689516,139.77130307433748,decentralized,0.36384791135787964,09LD1885_r2_c7.png
35.68000235043838,139.7709164416407,decentralized,0.3496108949184418,09LD1885_r2_c7.png
35.68007363459796,139.77118223562502,decentralized,0.30925557017326355,09LD1885_r2_c7.png
35.679998612913494,139.7710303872975,decentralized,0.2645486891269684,09LD1885_r2_c7.png
35.68003673849004,139.7709335949546,decentralized,0.22418782114982605,09LD1885_r2_c7.png
35.68000398989692,139.77101747329715,decentralized,0.20749613642692566,09LD1885_r2_c7.png
35.68018870425723,139.77145586488092,decentralized,0.16722816228866577,09LD1885_r2_c7.png
35.68022353708336,139.77137910204905,decentralized,0.16468270123004913,09LD1885_r2_c7.png
35.68014365271597,139.77126302191428,decentralized,0.13086113333702087,09LD1885_r2_c7.png
35.68000087529012,139.77102513843192,decentralized,0.11216822266578674,09LD1885_r2_c7.png
35.68003243849335,139.77094307875674,decentralized,0.11202821135520935,09LD1885_r2_c7.png
35.68004104361286,139.77119829774287,decentralized,0.10776004195213318,09LD1885_r2_c7.png
35.679843359541835,139.7707616553903,decentralized,0.8648542761802673,09LD1885_r3_c6.png
35.67981809308898,139.77140121648546,decentralized,0.922820508480072,09LD1885_r3_c7.png
35.6797639038679,139.77121061143202,decentralized,0.9202523231506348,09LD1885_r3_c7.png
35.679717123198564,139.77122122775512,decentralized,0.916400671005249,09LD1885_r3_c7.png
35.67968341107753,139.77140445930067,decentralized,0.9161390662193298,09LD1885_r3_c7.png
35.679753941966325,139.77124478147473,decentralized,0.9157169461250305,09LD1885_r3_c7.png
35.67976570508672,139.77125135902224,decentralized,0.9146773219108582,09LD1885_r3_c7.png
35.67974860064307,139.7713678481992,decentralized,0.9145574569702148,09LD1885_r3_c7.png
35.679769935564714,139.7713789149306,decentralized,0.914363443851471,09LD1885_r3_c7.png
35.67974182171911,139.7712362419235,decentralized,0.9077105522155762,09LD1885_r3_c7.png
35.67973006797977,139.77122958787484,decentralized,0.9074172377586365,09LD1885_r3_c7.png
35.679683166657455,139.77137588007164,decentralized,0.8910133242607117,09LD1885_r3_c7.png
35.67973907188439,139.77139014061677,decentralized,0.8758845925331116,09LD1885_r3_c7.png
35.67978678568568,139.77142825982594,decentralized,0.8670433759689331,09LD1885_r3_c7.png
35.6797840349247,139.77142777990102,decentralized,0.8440341949462891,09LD1885_r3_c7.png
35.67971152535548,139.7713035553402,decentralized,0.8277302980422974,09LD1885_r3_c7.png
35.67972233002094,139.771417339502,decentralized,0.7392598986625671,09LD1885_r3_c7.png
35.67972442752362,139.7714353957773,decentralized,0.4057129919528961,09LD1885_r3_c7.png
35.680795640853226,139.77196817506444,decentralized,0.9278286099433899,09LD1886_r0_c0.png
35.680764456592705,139.77164273875022,decentralized,0.9210382103919983,09LD1886_r0_c0.png
35.68077474698669,139.7716173315163,decentralized,0.8896186351776123,09LD1886_r0_c0.png
35.68076307965769,139.77161580091044,decentralized,0.8890951871871948,09LD1886_r0_c0.png
35.680856173501105,139.7715193000989,decentralized,0.8624343872070312,09LD1886_r0_c0.png
35.68084423985507,139.77153350906516,decentralized,0.8555583953857422,09LD1886_r0_c0.png
35.68090362127526,139.77148386352076,decentralized,0.8250265717506409,09LD1886_r0_c0.png
35.68071254866908,139.77164820404974,decentralized,0.8167288303375244,09LD1886_r0_c0.png
35.68060777908879,139.77147490058562,decentralized,0.8155396580696106,09LD1886_r0_c0.png
35.68089250411903,139.77167860639113,decentralized,0.8099836707115173,09LD1886_r0_c0.png
35.680734151662115,139.77164900885208,decentralized,0.8085396885871887,09LD1886_r0_c0.png
35.68073586735988,139.77161898067916,CT,0.7585734128952026,09LD1886_r0_c0.png
35.68087463645803,139.77201249313848,decentralized,0.724007785320282,09LD1886_r0_c0.png
35.68075451068065,139.77163691288874,decentralized,0.7223904728889465,09LD1886_r0_c0.png
35.680612699854876,139.77146836756663,decentralized,0.6438055038452148,09LD1886_r0_c0.png
35.68085185778547,139.77201386772708,CT,0.6052334308624268,09LD1886_r0_c0.png
35.68066551150068,139.77190153664097,decentralized,0.5782923102378845,09LD1886_r0_c0.png
35.68090358506563,139.77147144914645,decentralized,0.5772035717964172,09LD1886_r0_c0.png
35.68080484423137,139.77148727402886,decentralized,0.4854130744934082,09LD1886_r0_c0.png
35.68088754238901,139.77147292085328,decentralized,0.36995357275009155,09LD1886_r0_c0.png
35.68073592094388,139.7716190592947,decentralized,0.287410706281662,09LD1886_r0_c0.png
35.68082519333956,139.77193804033686,decentralized,0.2565055787563324,09LD1886_r0_c0.png
35.680904618262694,139.77150372965428,decentralized,0.22454820573329926,09LD1886_r0_c0.png
35.680875766268336,139.77160989628678,decentralized,0.19078324735164642,09LD1886_r0_c0.png
35.68058520215301,139.7714694835816,decentralized,0.16555117070674896,09LD1886_r0_c0.png
35.68090489251258,139.7715751341472,decentralized,0.12380351126194,09LD1886_r0_c0.png
35.68088629546835,139.77148352723358,decentralized,0.11861860007047653,09LD1886_r0_c0.png
35.680593729341965,139.77207384983532,decentralized,0.9333809018135071,09LD1886_r0_c1.png
35.68080825279018,139.77208389148115,decentralized,0.9309856295585632,09LD1886_r0_c1.png
35.68057663620549,139.7720504994255,decentralized,0.8957388997077942,09LD1886_r0_c1.png
35.680657174545296,139.7721239831609,decentralized,0.8806500434875488,09LD1886_r0_c1.png
35.6805738716782,139.77206183938108,decentralized,0.7109168767929077,09LD1886_r0_c1.png
35.68086969275778,139.77202535727062,decentralized,0.5744284987449646,09LD1886_r0_c1.png
35.68078395070109,139.7721970454559,decentralized,0.41430357098579407,09LD1886_r0_c1.png
35.68080119349586,139.7720449085977,decentralized,0.17875421047210693,09LD1886_r0_c1.png
35.68033493627617,139.77175880562797,decentralized,0.9411664605140686,09LD1886_r1_c0.png
35.680284362827415,139.77171687885615,decentralized,0.9284566640853882,09LD1886_r1_c0.png
35.6803597601995,139.77169907516938,decentralized,0.9281747937202454,09LD1886_r1_c0.png
35.68034633452793,139.77176550775002,decentralized,0.9261318445205688,09LD1886_r1_c0.png
35.6803203605257,139.771664254788,decentralized,0.9197124242782593,09LD1886_r1_c0.png
35.68027317312475,139.77171066512835,decentralized,0.9192652702331543,09LD1886_r1_c0.png
35.680295751401886,139.77172345242138,decentralized,0.9191844463348389,09LD1886_r1_c0.png
35.680298099680485,139.77165023146844,decentralized,0.9164819717407227,09LD1886_r1_c0.png
35.68030899913912,139.77165776124696,decentralized,0.9158703088760376,09LD1886_r1_c0.png
35.680325841375584,139.77161770827144,decentralized,0.9058476090431213,09LD1886_r1_c0.png
35.68031525540604,139.77161133261282,decentralized,0.9057934880256653,09LD1886_r1_c0.png
35.68033611297663,139.77162492250676,decentralized,0.9013524651527405,09LD1886_r1_c0.png
35.68043390717838,139.77183219169484,decentralized,0.8983389139175415,09LD1886_r1_c0.png
35.68036908809823,139.7714988389193,decentralized,0.8812616467475891,09LD1886_r1_c0.png
35.68037012733503,139.77170678328218,decentralized,0.8797817230224609,09LD1886_r1_c0.png
35.680404165264484,139.7719017238771,decentralized,0.8779014348983765,09LD1886_r1_c0.png
35.68043688228321,139.77182413664482,decentralized,0.8707605004310608,09LD1886_r1_c0.png
35.68045178989645,139.77149134447154,decentralized,0.8682695031166077,09LD1886_r1_c0.png
35.68047433605037,139.7715020099322,decentralized,0.8627060651779175,09LD1886_r1_c0.png
35.68054288632361,139.77151090583186,decentralized,0.8524570465087891,09LD1886_r1_c0.png
35.68040598470362,139.77189479343065,decentralized,0.6171326041221619,09LD1886_r1_c0.png
35.68032390863581,139.77158799562213,decentralized,0.5613545179367065,09LD1886_r1_c0.png
35.68034027040699,139.77150723150635,decentralized,0.5105908513069153,09LD1886_r1_c0.png
35.68045253013838,139.77169499138537,CT,0.42781689763069153,09LD1886_r1_c0.png
35.6804050469098,139.77199456979886,decentralized,0.412710577249527,09LD1886_r1_c0.png
35.680440204024734,139.77150723904154,decentralized,0.2974330484867096,09LD1886_r1_c0.png
35.68044152724387,139.77157649405092,decentralized,0.23220576345920563,09LD1886_r1_c0.png
35.680317545817054,139.7719326927882,CT,0.19203463196754456,09LD1886_r1_c0.png
35.68032288243862,139.77150888514367,decentralized,0.1647791713476181,09LD1886_r1_c0.png
35.68037024183885,139.77154990258532,decentralized,0.10447270423173904,09LD1886_r1_c0.png
35.68054324906862,139.77146840069508,decentralized,0.10029912739992142,09LD1886_r1_c0.png
35.6802962496116,139.77208373926,decentralized,0.9144012331962585,09LD1886_r1_c1.png
35.680298979619415,139.77205186000367,decentralized,0.9137080311775208,09LD1886_r1_c1.png
35.680251727043824,139.77205453741598,decentralized,0.901383101940155,09LD1886_r1_c1.png
35.680288518771164,139.77209866843322,decentralized,0.885654628276825,09LD1886_r1_c1.png
35.68026989943315,139.77208786892933,decentralized,0.8737687468528748,09LD1886_r1_c1.png
35.68025788365326,139.77202844734362,decentralized,0.8290818333625793,09LD1886_r1_c1.png
35.68028318904681,139.77204222828547,decentralized,0.8246676325798035,09LD1886_r1_c1.png
35.680566645842255,139.77205773242432,decentralized,0.5290982127189636,09LD1886_r1_c1.png
35.6802525890424,139.77207608661675,decentralized,0.5252633690834045,09LD1886_r1_c1.png
35.68028250152493,139.7720221405122,decentralized,0.11961544305086136,09LD1886_r1_c1.png
35.680279947985326,139.77202354253404,decentralized,0.10895133763551712,09LD1886_r1_c1.png
35.680501482380194,139.77270485542755,ACC,0.9516575336456299,09LD1886_r1_c2.png
35.68026466551994,139.77304992254946,decentralized,0.9345741868019104,09LD1886_r1_c2.png
35.680297895016835,139.77303139850903,decentralized,0.9305291771888733,09LD1886_r1_c2.png
35.680534187425295,139.7727628168846,decentralized,0.9163603186607361,09LD1886_r1_c2.png
35.68051332119903,139.7727747763671,decentralized,0.9147199988365173,09LD1886_r1_c2.png
35.68043182659525,139.77263529583342,decentralized,0.9122756123542786,09LD1886_r1_c2.png
35.68024818268815,139.77290372842862,decentralized,0.9100438952445984,09LD1886_r1_c2.png
35.68052521040314,139.77274604041605,decentralized,0.9086819887161255,09LD1886_r1_c2.png
35.68028140143276,139.77269161158304,decentralized,0.907537043094635,09LD1886_r1_c2.png
35.680337851922836,139.77263170988869,decentralized,0.9054480791091919,09LD1886_r1_c2.png
35.68032844338492,139.77261686710065,decentralized,0.9046655297279358,09LD1886_r1_c2.png
35.68040918606178,139.77264762032857,ACC,0.9005932211875916,09LD1886_r1_c2.png
35.68054694134026,139.772769156264,decentralized,0.8935326933860779,09LD1886_r1_c2.png
35.68026441398963,139.77288582340879,decentralized,0.8895689845085144,09LD1886_r1_c2.png
35.68030895840667,139.7730365996783,decentralized,0.880925178527832,09LD1886_r1_c2.png
35.68029536556163,139.77306922454827,decentralized,0.8762432932853699,09LD1886_r1_c2.png
35.68030148382983,139.77264351415906,decentralized,0.8688677549362183,09LD1886_r1_c2.png
35.68031473166355,139.77268723204446,decentralized,0.8652196526527405,09LD1886_r1_c2.png
35.68050449995054,139.7728352751598,decentralized,0.8628955483436584,09LD1886_r1_c2.png
35.68024316339976,139.77285006490632,decentralized,0.8445779085159302,09LD1886_r1_c2.png
35.680250289892776,139.772873001854,decentralized,0.8021610379219055,09LD1886_r1_c2.png
35.680394943932725,139.77310570625102,decentralized,0.7304765582084656,09LD1886_r1_c2.png
35.680310232308216,139.7726231416096,decentralized,0.715584933757782,09LD1886_r1_c2.png
35.680499406666,139.77281032462778,decentralized,0.7036035060882568,09LD1886_r1_c2.png
35.6805142133586,139.77281109289856,decentralized,0.6737073659896851,09LD1886_r1_c2.png
35.68025537742464,139.77304049772172,decentralized,0.6039209365844727,09LD1886_r1_c2.png
35.68040853965222,139.77311655089773,decentralized,0.5572076439857483,09LD1886_r1_c2.png
35.68028815545788,139.7730244326289,decentralized,0.5292559862136841,09LD1886_r1_c2.png
35.68032150198045,139.77267202859716,decentralized,0.4748746156692505,09LD1886_r1_c2.png
35.68030574597874,139.7726723856259,decentralized,0.2638232409954071,09LD1886_r1_c2.png
35.68051391718563,139.77281260226314,decentralized,0.15669091045856476,09LD1886_r1_c2.png
35.680522520567195,139.7726917488891,decentralized,0.13326363265514374,09LD1886_r1_c2.png
35.68027426511035,139.77301364598907,decentralized,0.13296951353549957,09LD1886_r1_c2.png
35.68027620966238,139.77305578608696,decentralized,0.13197378814220428,09LD1886_r1_c2.png
35.6805251286294,139.7727830308209,decentralized,0.13115744292736053,09LD1886_r1_c2.png
35.6802695604957,139.77301084018694,decentralized,0.12864340841770172,09LD1886_r1_c2.png
35.68052014068989,139.77276001037745,decentralized,0.11030089110136032,09LD1886_r1_c2.png
35.68023340093338,139.77310365244054,decentralized,0.10663248598575592,09LD1886_r1_c2.png
35.6801489532006,139.77161351847045,decentralized,0.9367958903312683,09LD1886_r2_c0.png
35.67995647032193,139.77153768499403,decentralized,0.9264658093452454,09LD1886_r2_c0.png
35.679957962782865,139.77152081263014,decentralized,0.9106607437133789,09LD1886_r2_c0.png
35.680047299167896,139.77179756520567,decentralized,0.9009681344032288,09LD1886_r2_c0.png
35.68019256326608,139.7715109460487,decentralized,0.8794194459915161,09LD1886_r2_c0.png
35.680047295152455,139.77168641893607,decentralized,0.8544244766235352,09LD1886_r2_c0.png
35.68004471104291,139.77181280699253,decentralized,0.8499994277954102,09LD1886_r2_c0.png
35.680116995236986,139.77154001533944,decentralized,0.7571160197257996,09LD1886_r2_c0.png
35.68005764381764,139.77146972592107,decentralized,0.6838037967681885,09LD1886_r2_c0.png
35.67993068121951,139.77152045592413,decentralized,0.47740915417671204,09LD1886_r2_c0.png
35.67992922135624,139.77152516552044,decentralized,0.4731881618499756,09LD1886_r2_c0.png
35.67995597212552,139.7717613023398,decentralized,0.46185603737831116,09LD1886_r2_c0.png
35.679990744312754,139.77155793141893,decentralized,0.4341569244861603,09LD1886_r2_c0.png
35.679894508137465,139.77171400724384,decentralized,0.2019234150648117,09LD1886_r2_c0.png
35.68012248734765,139.7714688435214,decentralized,0.1410561352968216,09LD1886_r2_c0.png
35.679991331500034,139.77154004355566,decentralized,0.12832657992839813,09LD1886_r2_c0.png
35.680149639683314,139.77247963997016,decentralized,0.9300603866577148,09LD1886_r2_c1.png
35.68013514746134,139.77247195807286,decentralized,0.9281371235847473,09LD1886_r2_c1.png
35.680118430328285,139.77255521039132,decentralized,0.9267904162406921,09LD1886_r2_c1.png
35.680103127068136,139.77254985887885,decentralized,0.9158974885940552,09LD1886_r2_c1.png
35.680226880158024,139.77206112868527,decentralized,0.7521136403083801,09LD1886_r2_c1.png
35.68015963543888,139.77245531560314,decentralized,0.2838927209377289,09LD1886_r2_c1.png
35.68013198043793,139.77309624849437,decentralized,0.936937153339386,09LD1886_r2_c2.png
35.680149065216575,139.7730562823398,decentralized,0.9172862768173218,09LD1886_r2_c2.png
35.67994585581678,139.77289184543596,decentralized,0.9125916361808777,09LD1886_r2_c2.png
35.67995867955545,139.77290211893765,decentralized,0.9012326598167419,09LD1886_r2_c2.png
35.680052123751786,139.77267182179295,decentralized,0.8960056304931641,09LD1886_r2_c2.png
35.680030871954436,139.77277787506353,decentralized,0.8957656621932983,09LD1886_r2_c2.png
35.680077252395975,139.77261226285015,decentralized,0.8936191201210022,09LD1886_r2_c2.png
35.67996820737436,139.77283936353322,decentralized,0.8915714025497437,09LD1886_r2_c2.png
35.68016487261043,139.77307179128576,decentralized,0.8759540319442749,09LD1886_r2_c2.png
35.68022267891011,139.77298125576402,decentralized,0.8755646347999573,09LD1886_r2_c2.png
35.679982133376676,139.7728466229592,decentralized,0.8732702732086182,09LD1886_r2_c2.png
35.680004536107624,139.77279195568767,decentralized,0.8665632605552673,09LD1886_r2_c2.png
35.67999375047581,139.7727782149361,decentralized,0.8641365170478821,09LD1886_r2_c2.png
35.680151076232136,139.77310510176355,decentralized,0.8488973379135132,09LD1886_r2_c2.png
35.6800833730283,139.77263884553201,decentralized,0.8305817246437073,09LD1886_r2_c2.png
35.68021144817583,139.77297728798226,decentralized,0.8299011588096619,09LD1886_r2_c2.png
35.68007047741012,139.77267129141953,decentralized,0.8274055123329163,09LD1886_r2_c2.png
35.680108161381206,139.77258036746528,decentralized,0.8098731637001038,09LD1886_r2_c2.png
35.68008764517037,139.7725725401399,decentralized,0.6178700923919678,09LD1886_r2_c2.png
35.67997288788348,139.77286799118951,decentralized,0.3056124448776245,09LD1886_r2_c2.png
35.68009319475496,139.7725748400636,decentralized,0.233455628156662,09LD1886_r2_c2.png
35.68005708128139,139.77340489459834,decentralized,0.9460018277168274,09LD1886_r2_c3.png
35.68014037350064,139.77334737721003,decentralized,0.9296205639839172,09LD1886_r2_c3.png
35.680063241055244,139.77339117356604,decentralized,0.917029619216919,09LD1886_r2_c3.png
35.68016166375656,139.77336131004662,decentralized,0.9104167222976685,09LD1886_r2_c3.png
35.68003790488999,139.77354224682298,decentralized,0.9083503484725952,09LD1886_r2_c3.png
35.680050352968365,139.77355972094213,decentralized,0.905198335647583,09LD1886_r2_c3.png
35.68012342467817,139.77334804679063,decentralized,0.8995278477668762,09LD1886_r2_c3.png
35.679971116628685,139.77355900803926,decentralized,0.8960750102996826,09LD1886_r2_c3.png
35.679919090731524,139.7735639295461,decentralized,0.8956812024116516,09LD1886_r2_c3.png
35.680217377036975,139.7735231589961,decentralized,0.8752861022949219,09LD1886_r2_c3.png
35.68011154347506,139.77336918075136,decentralized,0.8682848811149597,09LD1886_r2_c3.png
35.6801237050402,139.7733348047614,decentralized,0.8596382737159729,09LD1886_r2_c3.png
35.680228654696585,139.77351077305244,decentralized,0.8074292540550232,09LD1886_r2_c3.png
35.680092257632204,139.77335725549136,decentralized,0.7447995543479919,09LD1886_r2_c3.png
35.680226685787225,139.7734071115915,decentralized,0.6138452291488647,09LD1886_r2_c3.png
35.68002581544843,139.7735666947268,decentralized,0.4829728603363037,09LD1886_r2_c3.png
35.68005632084157,139.77342309976234,decentralized,0.3066559135913849,09LD1886_r2_c3.png
35.68006452923812,139.77342706628417,decentralized,0.27899566292762756,09LD1886_r2_c3.png
35.68012499318244,139.77333847284063,decentralized,0.1262679249048233,09LD1886_r2_c3.png
35.68004358781853,139.77341339041158,decentralized,0.10328596085309982,09LD1886_r2_c3.png
35.67993447388134,139.77413562805415,decentralized,0.9170173406600952,09LD1886_r2_c4.png
35.679921958183805,139.7741789410494,decentralized,0.9046732187271118,09LD1886_r2_c4.png
35.679924052920576,139.77416332037046,decentralized,0.8971729874610901,09LD1886_r2_c4.png
35.67991906394886,139.77421094676922,decentralized,0.8963442444801331,09LD1886_r2_c4.png
35.67991013070826,139.77422269265526,decentralized,0.8938646912574768,09LD1886_r2_c4.png
35.67996665184817,139.77407025831133,decentralized,0.8756148815155029,09LD1886_r2_c4.png
35.68022634527116,139.7742077786652,decentralized,0.8661893606185913,09LD1886_r2_c4.png
35.67992205706121,139.77419599385306,decentralized,0.8637757897377014,09LD1886_r2_c4.png
35.679915308454625,139.77369662649056,decentralized,0.8633005023002625,09LD1886_r2_c4.png
35.680027407580454,139.77374650887185,decentralized,0.8482145071029663,09LD1886_r2_c4.png
35.67993430880318,139.7741524052367,decentralized,0.8319345116615295,09LD1886_r2_c4.png
35.68001039036498,139.7737602705513,decentralized,0.8143575191497803,09LD1886_r2_c4.png
35.67996105476237,139.77408453742473,decentralized,0.8057973384857178,09LD1886_r2_c4.png
35.67995498769763,139.7740980167025,decentralized,0.7993543744087219,09LD1886_r2_c4.png
35.679898695471365,139.77398964478283,decentralized,0.7992874383926392,09LD1886_r2_c4.png
35.67995027245839,139.77411225709665,decentralized,0.7988380789756775,09LD1886_r2_c4.png
35.67994308037173,139.77412482215527,decentralized,0.7966132164001465,09LD1886_r2_c4.png
35.680041123274854,139.7736855488453,decentralized,0.754572331905365,09LD1886_r2_c4.png
35.68011987173659,139.77382925771596,decentralized,0.6926058530807495,09LD1886_r2_c4.png
35.67992699655205,139.7737178424655,decentralized,0.6037521362304688,09LD1886_r2_c4.png
35.68001842704109,139.77373226386013,decentralized,0.5513144135475159,09LD1886_r2_c4.png
35.67999382210538,139.77373757439472,decentralized,0.40207722783088684,09LD1886_r2_c4.png
35.68000424066991,139.77375633509493,decentralized,0.35515138506889343,09LD1886_r2_c4.png
35.68013944507923,139.773759477881,decentralized,0.3486536741256714,09LD1886_r2_c4.png
35.68000066418421,139.77376560908965,decentralized,0.28177979588508606,09LD1886_r2_c4.png
35.68004321628871,139.77367915436676,decentralized,0.25760161876678467,09LD1886_r2_c4.png
35.680139341626834,139.77375924971832,CT,0.17970682680606842,09LD1886_r2_c4.png
35.68011970982788,139.77380481775924,decentralized,0.13137273490428925,09LD1886_r2_c4.png
35.67993031445532,139.7736792619367,decentralized,0.11948113143444061,09LD1886_r2_c4.png
35.68000492223814,139.77376230442624,decentralized,0.11800627410411835,09LD1886_r2_c4.png
35.67969816313999,139.77156594958785,decentralized,0.9520784616470337,09LD1886_r3_c0.png
35.67965611846796,139.77156423883605,decentralized,0.9419881701469421,09LD1886_r3_c0.png
35.67964957396968,139.77158009842879,decentralized,0.9410579800605774,09LD1886_r3_c0.png
35.67966546445908,139.77154516705522,decentralized,0.9293422102928162,09LD1886_r3_c0.png
35.67985277637692,139.77175079354387,decentralized,0.9263343811035156,09LD1886_r3_c0.png
35.679729462678935,139.77158461155662,decentralized,0.9226430654525757,09LD1886_r3_c0.png
35.679689793279366,139.77158549617246,decentralized,0.9198696613311768,09LD1886_r3_c0.png
35.67987691229179,139.77169607366116,decentralized,0.9180717468261719,09LD1886_r3_c0.png
35.679780965905444,139.7715005011171,decentralized,0.9083353877067566,09LD1886_r3_c0.png
35.67968773303263,139.7716331099953,CT,0.9040601849555969,09LD1886_r3_c0.png
35.67977651666679,139.77154924696785,decentralized,0.8131977319717407,09LD1886_r3_c0.png
35.67988776967805,139.7716737052552,decentralized,0.31400278210639954,09LD1886_r3_c0.png
35.67975061132182,139.7715503561923,decentralized,0.207471564412117,09LD1886_r3_c0.png
35.67986975996043,139.77171349000741,decentralized,0.14669524133205414,09LD1886_r3_c0.png
35.67979708839726,139.77229121827128,decentralized,0.9509146809577942,09LD1886_r3_c1.png
35.67967004754657,139.7725243244755,decentralized,0.9470589756965637,09LD1886_r3_c1.png
35.67979199103276,139.7723048971827,decentralized,0.946053147315979,09LD1886_r3_c1.png
35.679782261242735,139.7723267888902,decentralized,0.9438742399215698,09LD1886_r3_c1.png
35.67967236458038,139.77249768238852,decentralized,0.9427462816238403,09LD1886_r3_c1.png
35.67965484305918,139.7725592768912,decentralized,0.9421045184135437,09LD1886_r3_c1.png
35.6797226457043,139.7724684028087,decentralized,0.9410198926925659,09LD1886_r3_c1.png
35.6797168074462,139.77248127500005,decentralized,0.9408403635025024,09LD1886_r3_c1.png
35.679812669448104,139.77225660391548,decentralized,0.9386143088340759,09LD1886_r3_c1.png
35.679761049291265,139.77244766470585,decentralized,0.9378622770309448,09LD1886_r3_c1.png
35.679777508541115,139.77234062201424,decentralized,0.9362545609474182,09LD1886_r3_c1.png
35.67976798786192,139.77236252147725,decentralized,0.935287356376648,09LD1886_r3_c1.png
35.67966446066472,139.77253753003413,decentralized,0.9332579970359802,09LD1886_r3_c1.png
35.679693013844336,139.77253885253654,decentralized,0.9310847520828247,09LD1886_r3_c1.png
35.67983089316906,139.77231243225035,decentralized,0.9292816519737244,09LD1886_r3_c1.png
35.67965123137481,139.77251159682606,decentralized,0.9285792112350464,09LD1886_r3_c1.png
35.67976254420197,139.7723759424572,decentralized,0.9267846941947937,09LD1886_r3_c1.png
35.67975317427669,139.77239779638393,decentralized,0.9264954328536987,09LD1886_r3_c1.png
35.679685818809084,139.7725506465143,decentralized,0.9232474565505981,09LD1886_r3_c1.png
35.6797902209814,139.7722593141004,decentralized,0.9203643798828125,09LD1886_r3_c1.png
35.67970853197215,139.7725038804428,decentralized,0.9202383756637573,09LD1886_r3_c1.png
35.679746044563494,139.77248286954537,decentralized,0.9201186895370483,09LD1886_r3_c1.png
35.67978638027857,139.7724186599849,decentralized,0.9195184707641602,09LD1886_r3_c1.png
35.67981611444609,139.77234799630287,decentralized,0.9192295074462891,09LD1886_r3_c1.png
35.6797606278911,139.7725087078233,decentralized,0.9189047813415527,09LD1886_r3_c1.png
35.6797502943254,139.77241251456323,decentralized,0.9175119400024414,09LD1886_r3_c1.png
35.67980714560911,139.7722698774703,decentralized,0.9136777520179749,09LD1886_r3_c1.png
35.679781959159406,139.77246052319796,decentralized,0.9133922457695007,09LD1886_r3_c1.png
35.67974066686987,139.77249610506763,decentralized,0.9121658205986023,09LD1886_r3_c1.png
35.679766656493115,139.77249581154518,decentralized,0.9104149341583252,09LD1886_r3_c1.png
35.679691662234404,139.77246523175984,decentralized,0.9104074239730835,09LD1886_r3_c1.png
35.67975610979301,139.77246118768673,decentralized,0.9078489542007446,09LD1886_r3_c1.png
35.679776846427956,139.7724743141072,decentralized,0.906676173210144,09LD1886_r3_c1.png
35.67979553615278,139.772396499716,decentralized,0.9039738774299622,09LD1886_r3_c1.png
35.67971555836666,139.77239037645037,decentralized,0.9038828015327454,09LD1886_r3_c1.png
35.679839151762145,139.77229009843757,decentralized,0.903773307800293,09LD1886_r3_c1.png
35.67981011289019,139.77236084598607,decentralized,0.9029483795166016,09LD1886_r3_c1.png
35.67982474480779,139.77232555206965,decentralized,0.8953864574432373,09LD1886_r3_c1.png
35.67971586504709,139.7725528064688,decentralized,0.8953565359115601,09LD1886_r3_c1.png
35.67984386314666,139.7722761943792,decentralized,0.8902871608734131,09LD1886_r3_c1.png
35.67980084811488,139.7723832142294,decentralized,0.8885087370872498,09LD1886_r3_c1.png
35.6797422375083,139.7725247829745,decentralized,0.8865822553634644,09LD1886_r3_c1.png
35.679721543955495,139.7724231524542,decentralized,0.8849139213562012,09LD1886_r3_c1.png
35.679702097033804,139.77251600323925,decentralized,0.8819966912269592,09LD1886_r3_c1.png
35.67973490254445,139.77253693413664,decentralized,0.8808281421661377,09LD1886_r3_c1.png
35.67971223091744,139.77256753474865,decentralized,0.8740028738975525,09LD1886_r3_c1.png
35.679715154241066,139.77243523446396,decentralized,0.8549969792366028,09LD1886_r3_c1.png
35.67978075450753,139.7724314612957,decentralized,0.8362606763839722,09LD1886_r3_c1.png
35.679735610057044,139.77256535211765,decentralized,0.8359283804893494,09LD1886_r3_c1.png
35.67970030546673,139.77242699373323,decentralized,0.7971966862678528,09LD1886_r3_c1.png
35.67970254949145,139.77241085097148,decentralized,0.7598421573638916,09LD1886_r3_c1.png
35.67967452188603,139.7725699437785,decentralized,0.6234878897666931,09LD1886_r3_c1.png
35.67977124478647,139.772426137388,decentralized,0.48512786626815796,09LD1886_r3_c1.png
35.67974500106759,139.77219905605403,decentralized,0.4125315248966217,09LD1886_r3_c1.png
35.67978959892223,139.77243678857585,decentralized,0.29574498534202576,09LD1886_r3_c1.png
35.67965293234059,139.77256989039086,decentralized,0.14626429975032806,09LD1886_r3_c1.png
35.67969393962141,139.77270087815964,decentralized,0.8999377489089966,09LD1886_r3_c2.png
35.679705782340704,139.77260811672608,decentralized,0.8983621001243591,09LD1886_r3_c2.png
35.67966504468544,139.77258247228667,decentralized,0.8906260132789612,09LD1886_r3_c2.png
35.67971077122595,139.7725942822607,decentralized,0.8860760927200317,09LD1886_r3_c2.png
35.67967755150307,139.77257433732825,decentralized,0.7647060751914978,09LD1886_r3_c2.png
35.679726500788775,139.77257595074198,decentralized,0.7520751357078552,09LD1886_r3_c2.png
35.67965453579496,139.77257616626844,decentralized,0.6006838083267212,09LD1886_r3_c2.png
35.67974136330409,139.77257472812204,decentralized,0.5213354229927063,09LD1886_r3_c2.png
35.679701016889254,139.77258866467923,decentralized,0.31262049078941345,09LD1886_r3_c2.png
35.679879702408606,139.772899358637,CT,0.12239281833171844,09LD1886_r3_c2.png
35.679873024396315,139.77282147039566,CT,0.1223355308175087,09LD1886_r3_c2.png
35.67988113688447,139.77279022049277,CT,0.10634927451610565,09LD1886_r3_c2.png
35.67959639547872,139.77337231174215,decentralized,0.9448248147964478,09LD1886_r3_c3.png
35.67958703741538,139.7733942380517,decentralized,0.9421741366386414,09LD1886_r3_c3.png
35.67966346645363,139.77350421483646,decentralized,0.9387935996055603,09LD1886_r3_c3.png
35.67957762841689,139.77341646706512,decentralized,0.936851978302002,09LD1886_r3_c3.png
35.679712276123006,139.7735767783384,decentralized,0.9226232767105103,09LD1886_r3_c3.png
35.67963098622023,139.77347666403435,decentralized,0.9210792779922485,09LD1886_r3_c3.png
35.67970367829614,139.7734282403176,decentralized,0.9207420945167542,09LD1886_r3_c3.png
35.679568719517505,139.77343883370943,decentralized,0.9170327186584473,09LD1886_r3_c3.png
35.679809372187194,139.77322275743848,decentralized,0.9165046811103821,09LD1886_r3_c3.png
35.67985889321773,139.77365476573965,decentralized,0.9121249318122864,09LD1886_r3_c3.png
35.679707800521385,139.77358779938552,decentralized,0.908961832523346,09LD1886_r3_c3.png
35.67976008771822,139.77350045859794,decentralized,0.9074631333351135,09LD1886_r3_c3.png
35.67970397798569,139.77320131948073,decentralized,0.8974320888519287,09LD1886_r3_c3.png
35.679768272310504,139.77344352008467,decentralized,0.8873035907745361,09LD1886_r3_c3.png
35.67969135000309,139.7734212314345,decentralized,0.8743158578872681,09LD1886_r3_c3.png
35.67977462215153,139.77341893216607,decentralized,0.8690924644470215,09LD1886_r3_c3.png
35.6797186257997,139.77356194366547,decentralized,0.8517109751701355,09LD1886_r3_c3.png
35.67987076072992,139.77333145435816,decentralized,0.8503550291061401,09LD1886_r3_c3.png
35.67984115952524,139.77337536761655,decentralized,0.8469593524932861,09LD1886_r3_c3.png
35.679733224880884,139.77352418382085,decentralized,0.7922065854072571,09LD1886_r3_c3.png
35.67960534027268,139.77335018491695,decentralized,0.777603030204773,09LD1886_r3_c3.png
35.67985640407595,139.773673410971,decentralized,0.7138956785202026,09LD1886_r3_c3.png
35.679623002188954,139.77330652656576,decentralized,0.7133080363273621,09LD1886_r3_c3.png
35.67972195753729,139.77345937017225,decentralized,0.712742805480957,09LD1886_r3_c3.png
35.679804537668474,139.7732839986639,decentralized,0.705040693283081,09LD1886_r3_c3.png
35.67984370631143,139.7734085898813,decentralized,0.6818544864654541,09LD1886_r3_c3.png
35.67972353246965,139.77355077958063,decentralized,0.6653369069099426,09LD1886_r3_c3.png
35.679823470055325,139.77345549748145,decentralized,0.4945211708545685,09LD1886_r3_c3.png
35.67973047218823,139.77353745082496,decentralized,0.42140138149261475,09LD1886_r3_c3.png
35.679718919907145,139.77356237738476,decentralized,0.4030155837535858,09LD1886_r3_c3.png
35.67971357663478,139.7734794848388,decentralized,0.23620997369289398,09LD1886_r3_c3.png
35.67971897591873,139.77322065328173,decentralized,0.22115950286388397,09LD1886_r3_c3.png
35.67971566310372,139.77347212008004,decentralized,0.20514996349811554,09LD1886_r3_c3.png
35.679716077295964,139.77338823853975,decentralized,0.198612779378891,09LD1886_r3_c3.png
35.67961285310176,139.77325299980484,decentralized,0.18658046424388885,09LD1886_r3_c3.png
35.67988413889305,139.77420644322282,decentralized,0.9465126991271973,09LD1886_r3_c4.png
35.67987296371334,139.77390438013515,decentralized,0.9121984839439392,09LD1886_r3_c4.png
35.6798874387285,139.77419150964113,decentralized,0.9046310186386108,09LD1886_r3_c4.png
35.6797946925463,139.7741352919957,decentralized,0.8995405435562134,09LD1886_r3_c4.png
35.67988590198902,139.77389132010825,decentralized,0.8917027711868286,09LD1886_r3_c4.png
35.679889627442726,139.77417668432645,decentralized,0.8495587706565857,09LD1886_r3_c4.png
35.67984214121678,139.77397829264004,decentralized,0.7772890329360962,09LD1886_r3_c4.png
35.6798359922093,139.77394671692866,decentralized,0.7383480072021484,09LD1886_r3_c4.png
35.67987382400718,139.77368498855543,decentralized,0.7036369442939758,09LD1886_r3_c4.png
35.679891790577805,139.77416082069016,decentralized,0.6756581664085388,09LD1886_r3_c4.png
35.67982649344241,139.7739684466507,decentralized,0.5819568037986755,09LD1886_r3_c4.png
35.67985169709878,139.77395633391743,decentralized,0.26632943749427795,09LD1886_r3_c4.png
35.67975496094337,139.77399907564725,decentralized,0.1785292774438858,09LD1886_r3_c4.png
35.67986825893475,139.7739231400491,decentralized,0.10794315487146378,09LD1886_r3_c4.png
35.67988730691799,139.77368158467274,decentralized,0.1061820313334465,09LD1886_r3_c4.png
35.67985930793739,139.7739157863696,decentralized,0.10039456188678741,09LD1886_r3_c4.png
35.67962508346299,139.7747663972587,decentralized,0.938965916633606,09LD1886_r3_c5.png
35.67958655472068,139.77476992597718,decentralized,0.9123178124427795,09LD1886_r3_c5.png
35.67959550283322,139.77474815538264,decentralized,0.800102710723877,09LD1886_r3_c5.png
35.67956889282249,139.77477352626096,decentralized,0.1138036847114563,09LD1886_r3_c5.png
35.67957955125913,139.77474939229052,decentralized,0.10478714108467102,09LD1886_r3_c5.png
35.679503897744,139.77201302512833,decentralized,0.8824458718299866,09LD1886_r4_c0.png
35.67952271286307,139.77201591761954,decentralized,0.6394060254096985,09LD1886_r4_c0.png
35.6794290639263,139.77219352820927,decentralized,0.9394485950469971,09LD1886_r4_c1.png
35.67937897134224,139.77240853423183,decentralized,0.937996506690979,09LD1886_r4_c1.png
35.679237964479164,139.77247627676857,decentralized,0.9353753328323364,09LD1886_r4_c1.png
35.679395018545506,139.77241862236855,decentralized,0.9281319379806519,09LD1886_r4_c1.png
35.67947054815194,139.77214089334495,decentralized,0.9279224276542664,09LD1886_r4_c1.png
35.679322473193466,139.77248439468715,decentralized,0.9274682402610779,09LD1886_r4_c1.png
35.67933585753038,139.7724164572585,decentralized,0.9251234531402588,09LD1886_r4_c1.png
35.67944436962519,139.77220325557514,decentralized,0.9220185875892639,09LD1886_r4_c1.png
35.679487578726544,139.77210207403388,decentralized,0.9198864102363586,09LD1886_r4_c1.png
35.67939064946512,139.77228508652595,decentralized,0.9198094606399536,09LD1886_r4_c1.png
35.67948647385567,139.77205508094593,decentralized,0.9176709055900574,09LD1886_r4_c1.png
35.679351377626276,139.77242585680673,decentralized,0.9169358611106873,09LD1886_r4_c1.png
35.67941657616437,139.77222346379327,decentralized,0.9168524742126465,09LD1886_r4_c1.png
35.67945842567107,139.7721710729174,decentralized,0.9163000583648682,09LD1886_r4_c1.png
35.67937658319783,139.772318207211,decentralized,0.9146201610565186,09LD1886_r4_c1.png
35.67940580448314,139.77229564096407,decentralized,0.9135019183158875,09LD1886_r4_c1.png
35.679362044444474,139.77235321921117,decentralized,0.9126695990562439,09LD1886_r4_c1.png
35.67947143852815,139.77209175648431,decentralized,0.912463903427124,09LD1886_r4_c1.png
35.67951690157746,139.77203058168183,decentralized,0.9114772081375122,09LD1886_r4_c1.png
35.67933072667523,139.7725330582896,decentralized,0.9113906621932983,09LD1886_r4_c1.png
35.6794270966698,139.77229373775876,decentralized,0.9083791375160217,09LD1886_r4_c1.png
35.67941206171048,139.77237740903936,decentralized,0.9083343744277954,09LD1886_r4_c1.png
35.679432176652,139.7722335668702,decentralized,0.9046173691749573,09LD1886_r4_c1.png
35.679456957897116,139.77212563460003,decentralized,0.9037059545516968,09LD1886_r4_c1.png
35.67944267099487,139.77216013863068,decentralized,0.9018057584762573,09LD1886_r4_c1.png
35.679417744005086,139.7722680602187,decentralized,0.9012927412986755,09LD1886_r4_c1.png
35.67937618551935,139.77236873665208,decentralized,0.8721829056739807,09LD1886_r4_c1.png
35.67949950195793,139.7720263419886,decentralized,0.8697454333305359,09LD1886_r4_c1.png
35.67939170165065,139.77237839384352,decentralized,0.8390016555786133,09LD1886_r4_c1.png
35.67940177550907,139.7722583916913,decentralized,0.8065106868743896,09LD1886_r4_c1.png
35.679382162644785,139.7723527813636,decentralized,0.7552084922790527,09LD1886_r4_c1.png
35.67941053892259,139.77233386944167,decentralized,0.6679113507270813,09LD1886_r4_c1.png
35.679384917536545,139.7723455247586,decentralized,0.6519345641136169,09LD1886_r4_c1.png
35.67939983727795,139.77235896174074,decentralized,0.6190701127052307,09LD1886_r4_c1.png
35.67922916056102,139.77250501897484,decentralized,0.35742583870887756,09LD1886_r4_c1.png
35.67926581051019,139.77277283023787,decentralized,0.9501506090164185,09LD1886_r4_c2.png
35.67923944518129,139.772668944246,decentralized,0.9450124502182007,09LD1886_r4_c2.png
35.67933997181821,139.77308261185158,decentralized,0.9418942332267761,09LD1886_r4_c2.png
35.67935736003763,139.77309388976448,decentralized,0.9361633658409119,09LD1886_r4_c2.png
35.67925279098549,139.7726778608855,decentralized,0.9273185729980469,09LD1886_r4_c2.png
35.67922638599747,139.77266104682673,decentralized,0.9247177839279175,09LD1886_r4_c2.png
35.67925143550525,139.77274306894077,decentralized,0.9223228096961975,09LD1886_r4_c2.png
35.67924764754573,139.77276119309343,decentralized,0.8985786437988281,09LD1886_r4_c2.png
35.67935415324996,139.77301497055996,decentralized,0.8979528546333313,09LD1886_r4_c2.png
35.679403252894694,139.77287276649434,decentralized,0.8955373764038086,09LD1886_r4_c2.png
35.67934471246278,139.77299384069485,decentralized,0.8849168419837952,09LD1886_r4_c2.png
35.679224083749446,139.7727463338202,decentralized,0.8683741688728333,09LD1886_r4_c2.png
35.67923325739455,139.7727322782126,decentralized,0.8532313704490662,09LD1886_r4_c2.png
35.67927003679621,139.77275446700284,decentralized,0.8506168127059937,09LD1886_r4_c2.png
35.67938709788559,139.77291325169188,decentralized,0.8394622802734375,09LD1886_r4_c2.png
35.67930479250979,139.77297831535415,decentralized,0.7308037281036377,09LD1886_r4_c2.png
35.67940213485985,139.7728560093698,decentralized,0.7080858945846558,09LD1886_r4_c2.png
35.679219882711145,139.77289907670428,decentralized,0.6821519732475281,09LD1886_r4_c2.png
35.67921964076563,139.77285861535546,decentralized,0.45037320256233215,09LD1886_r4_c2.png
35.67934608871847,139.77300496611534,decentralized,0.44598913192749023,09LD1886_r4_c2.png
35.679229008735774,139.7728380397195,decentralized,0.24078741669654846,09LD1886_r4_c2.png
35.67928002887929,139.77261608217205,decentralized,0.21205240488052368,09LD1886_r4_c2.png
35.67934869074774,139.7731144123349,decentralized,0.15182046592235565,09LD1886_r4_c2.png
35.679444239267816,139.77333436610581,decentralized,0.924608051776886,09LD1886_r4_c3.png
35.67946123448066,139.77329089836925,decentralized,0.8972567915916443,09LD1886_r4_c3.png
35.67944220133051,139.77331330561648,decentralized,0.8162796497344971,09LD1886_r4_c3.png
35.67943762776092,139.77332353496726,decentralized,0.3962353467941284,09LD1886_r4_c3.png
35.679553450006445,139.7734483119141,decentralized,0.10101643949747086,09LD1886_r4_c3.png
35.67943478920475,139.77333022029998,decentralized,0.10001590102910995,09LD1886_r4_c3.png
35.67937626379952,139.77392959758075,decentralized,0.9245346784591675,09LD1886_r4_c4.png
35.679449081260074,139.7739912522836,decentralized,0.9099620580673218,09LD1886_r4_c4.png
35.679317340267495,139.7738814763973,decentralized,0.909430205821991,09LD1886_r4_c4.png
35.67934572123516,139.77389745036456,decentralized,0.9011684656143188,09LD1886_r4_c4.png
35.67936564123324,139.77394481090445,decentralized,0.8990780115127563,09LD1886_r4_c4.png
35.6793309339834,139.77389124092716,decentralized,0.89557945728302,09LD1886_r4_c4.png
35.67945634521169,139.7739740295683,decentralized,0.8878924250602722,09LD1886_r4_c4.png
35.679487501930105,139.77388043279558,decentralized,0.8874287009239197,09LD1886_r4_c4.png
35.67947036675991,139.77393926386335,decentralized,0.8861675262451172,09LD1886_r4_c4.png
35.67948027720221,139.7738980695428,decentralized,0.8798522353172302,09LD1886_r4_c4.png
35.679490668204544,139.77395132430436,decentralized,0.8776880502700806,09LD1886_r4_c4.png
35.6795010433281,139.77393244224413,decentralized,0.8742144703865051,09LD1886_r4_c4.png
35.6794727446622,139.77391516588875,decentralized,0.8719484806060791,09LD1886_r4_c4.png
35.679458458400724,139.77395127018673,decentralized,0.838128924369812,09LD1886_r4_c4.png
35.679498754993645,139.77390849139343,decentralized,0.6149824857711792,09LD1886_r4_c4.png
35.67950140870891,139.7739772720158,decentralized,0.16986271739006042,09LD1886_r4_c4.png
35.67946398959885,139.77388819661087,decentralized,0.11366618424654007,09LD1886_r4_c4.png
35.67924255711702,139.7745561901842,CT,0.9199069738388062,09LD1886_r4_c5.png
35.679436418433745,139.77475262893677,decentralized,0.9174244403839111,09LD1886_r4_c5.png
35.67924327973741,139.77474648859445,decentralized,0.9070995450019836,09LD1886_r4_c5.png
35.679420328104555,139.7747480025169,decentralized,0.9027884006500244,09LD1886_r4_c5.png
35.67940182579391,139.77474281692332,decentralized,0.8839668035507202,09LD1886_r4_c5.png
35.67928998176621,139.77472460731084,decentralized,0.8803057670593262,09LD1886_r4_c5.png
35.67938592461718,139.77473900247927,decentralized,0.8665580749511719,09LD1886_r4_c5.png
35.679445339302696,139.77477643906184,decentralized,0.8169015645980835,09LD1886_r4_c5.png
35.6794231458181,139.77477809487087,decentralized,0.17441651225090027,09LD1886_r4_c5.png
35.67928779227945,139.7747423853977,decentralized,0.17415493726730347,09LD1886_r4_c5.png
35.679316811937895,139.77493400281782,ACC,0.9739847183227539,09LD1886_r4_c6.png
35.67925672986384,139.7747994127749,decentralized,0.9328810572624207,09LD1886_r4_c6.png
35.679378195246336,139.77480129790996,decentralized,0.9240135550498962,09LD1886_r4_c6.png
35.67940940707207,139.77481942045154,decentralized,0.9198193550109863,09LD1886_r4_c6.png
35.679419845229944,139.7747941977679,decentralized,0.9183517694473267,09LD1886_r4_c6.png
35.67939796261588,139.77480192107728,decentralized,0.915849506855011,09LD1886_r4_c6.png
35.67936511039775,139.77478957647776,decentralized,0.9037663340568542,09LD1886_r4_c6.png
35.67943608794263,139.77479929004616,decentralized,0.8703875541687012,09LD1886_r4_c6.png
35.67954940672749,139.77488944870103,decentralized,0.8656940460205078,09LD1886_r4_c6.png
35.67924031927294,139.77478917573066,decentralized,0.7914931178092957,09LD1886_r4_c6.png
35.6792993900412,139.77528819881692,decentralized,0.7605541348457336,09LD1886_r4_c6.png
35.67923000318258,139.7747842150841,decentralized,0.16112449765205383,09LD1886_r4_c6.png
35.67925976079138,139.7747840096903,decentralized,0.15054596960544586,09LD1886_r4_c6.png
35.67896668039876,139.77309944970187,decentralized,0.9376389980316162,09LD1886_r5_c2.png
35.679088477199414,139.77275099278026,decentralized,0.9298896789550781,09LD1886_r5_c2.png
35.67900094275911,139.77303853971935,decentralized,0.9258862137794495,09LD1886_r5_c2.png
35.67913368882342,139.7727806685362,decentralized,0.9130480289459229,09LD1886_r5_c2.png
35.67911622129649,139.77281370103992,decentralized,0.9107447862625122,09LD1886_r5_c2.png
35.678959830658556,139.77311447223323,decentralized,0.9091952443122864,09LD1886_r5_c2.png
35.67908866148885,139.77293830705202,decentralized,0.9082859754562378,09LD1886_r5_c2.png
35.6791960872521,139.77294837604254,decentralized,0.8960949182510376,09LD1886_r5_c2.png
35.679109975888586,139.77282732900156,decentralized,0.8958619236946106,09LD1886_r5_c2.png
35.67901632320259,139.77300202219945,decentralized,0.8901174068450928,09LD1886_r5_c2.png
35.67899626839303,139.77300718723097,decentralized,0.8879145979881287,09LD1886_r5_c2.png
35.67910307130612,139.77293173328968,decentralized,0.8858227133750916,09LD1886_r5_c2.png
35.679146945858285,139.77297411950457,decentralized,0.8785895705223083,09LD1886_r5_c2.png
35.67920422678246,139.77282211569056,decentralized,0.8732237219810486,09LD1886_r5_c2.png
35.67896049990391,139.77302584602725,decentralized,0.8666632771492004,09LD1886_r5_c2.png
35.678949220614655,139.773062031316,decentralized,0.8663339018821716,09LD1886_r5_c2.png
35.67917914119816,139.77294020397522,decentralized,0.8603764176368713,09LD1886_r5_c2.png
35.67917139260994,139.77277070826588,decentralized,0.8540391325950623,09LD1886_r5_c2.png
35.67914550514675,139.77295781879465,decentralized,0.8408755660057068,09LD1886_r5_c2.png
35.67918609897502,139.7728108705463,decentralized,0.8295581936836243,09LD1886_r5_c2.png
35.679010421707595,139.77301583996783,decentralized,0.8247805833816528,09LD1886_r5_c2.png
35.67898743148343,139.77302690933595,decentralized,0.8144441843032837,09LD1886_r5_c2.png
35.678951814099,139.77305610539008,decentralized,0.808399498462677,09LD1886_r5_c2.png
35.67920710955146,139.77288943536755,decentralized,0.8083652257919312,09LD1886_r5_c2.png
35.67900405727943,139.77299286239884,decentralized,0.7924667596817017,09LD1886_r5_c2.png
35.67914755679893,139.77281085659646,decentralized,0.7759020924568176,09LD1886_r5_c2.png
35.6789845214856,139.77300398409287,decentralized,0.7507283091545105,09LD1886_r5_c2.png
35.67913591346142,139.77295338650032,decentralized,0.7327935695648193,09LD1886_r5_c2.png
35.679214988343396,139.77282972971332,decentralized,0.7310159206390381,09LD1886_r5_c2.png
35.679077992660346,139.77275922746927,decentralized,0.6307222247123718,09LD1886_r5_c2.png
35.678942909534236,139.77308914632553,decentralized,0.6019342541694641,09LD1886_r5_c2.png
35.67917159748639,139.7729724113862,decentralized,0.49412477016448975,09LD1886_r5_c2.png
35.67897965945353,139.7731191196632,decentralized,0.46809452772140503,09LD1886_r5_c2.png
35.679158554954846,139.77296834209253,decentralized,0.34822678565979004,09LD1886_r5_c2.png
35.67921579316303,139.77286566709537,decentralized,0.25735512375831604,09LD1886_r5_c2.png
35.678983095082195,139.77311142098804,decentralized,0.17170827090740204,09LD1886_r5_c2.png
35.679089117467434,139.77284824239715,decentralized,0.1003914475440979,09LD1886_r5_c2.png
35.679091710352424,139.77360111384274,ACC,0.9373010396957397,09LD1886_r5_c3.png
35.679071613662124,139.77318444727663,decentralized,0.42885658144950867,09LD1886_r5_c3.png
35.679210733836626,139.77313382171752,decentralized,0.35152769088745117,09LD1886_r5_c3.png
35.679200384873226,139.77359549353923,CT,0.15160834789276123,09LD1886_r5_c3.png
35.6791694758997,139.7736650175837,ACC,0.13244818150997162,09LD1886_r5_c3.png
35.679126125231775,139.7737886265909,decentralized,0.9310723543167114,09LD1886_r5_c4.png
35.67909430473394,139.7737687576748,decentralized,0.9236462712287903,09LD1886_r5_c4.png
35.67912742559394,139.77381652312712,decentralized,0.9222750663757324,09LD1886_r5_c4.png
35.67920102906738,139.77377534621067,decentralized,0.7207598090171814,09LD1886_r5_c4.png
35.67916925720408,139.77368464387408,ACC,0.699683666229248,09LD1886_r5_c4.png
35.679167763605726,139.77368558171236,decentralized,0.5176523923873901,09LD1886_r5_c4.png
35.67914275197688,139.7738246738705,decentralized,0.45493462681770325,09LD1886_r5_c4.png
35.6789981246949,139.7737380079314,decentralized,0.27635499835014343,09LD1886_r5_c4.png
35.67909436766246,139.7744691984857,decentralized,0.9402710199356079,09LD1886_r5_c5.png
35.679082794722696,139.77446185530528,decentralized,0.9377701282501221,09LD1886_r5_c5.png
35.67906790955941,139.77445258268753,decentralized,0.9329627752304077,09LD1886_r5_c5.png
35.67905085667872,139.77449372115052,decentralized,0.9313982725143433,09LD1886_r5_c5.png
35.67891423151578,139.77439228234766,decentralized,0.9292631149291992,09LD1886_r5_c5.png
35.67909159591253,139.77452074638487,decentralized,0.9286078810691833,09LD1886_r5_c5.png
35.67889929265595,139.7743819228255,decentralized,0.9285823702812195,09LD1886_r5_c5.png
35.67910953411876,139.77447779729354,decentralized,0.9285100102424622,09LD1886_r5_c5.png
35.67890079240945,139.77442453717126,decentralized,0.9237226247787476,09LD1886_r5_c5.png
35.679065282794475,139.77450308623486,decentralized,0.9185775518417358,09LD1886_r5_c5.png
35.67892141380208,139.77442100428522,decentralized,0.9156028628349304,09LD1886_r5_c5.png
35.67907709615249,139.77451130933488,decentralized,0.9150466918945312,09LD1886_r5_c5.png
35.67904431722421,139.77446418514842,decentralized,0.9095141291618347,09LD1886_r5_c5.png
35.67888539636933,139.7744154599256,decentralized,0.8533692955970764,09LD1886_r5_c5.png
35.67916051615873,139.77456663189608,decentralized,0.8457180261611938,09LD1886_r5_c5.png
35.67915868238239,139.7745717601603,decentralized,0.8267887830734253,09LD1886_r5_c5.png
35.678884146461854,139.77437480527206,decentralized,0.8184398412704468,09LD1886_r5_c5.png
35.678918475180495,139.7747657840214,decentralized,0.7971053123474121,09LD1886_r5_c5.png
35.67898119335674,139.77477829923652,decentralized,0.7792305946350098,09LD1886_r5_c5.png
35.679215869649326,139.77476610287007,decentralized,0.7044628858566284,09LD1886_r5_c5.png
35.679156999950166,139.77457611430262,decentralized,0.6164805293083191,09LD1886_r5_c5.png
35.67897235300052,139.7747672357612,decentralized,0.3429546058177948,09LD1886_r5_c5.png
35.67919784022937,139.77476122963935,decentralized,0.2033631056547165,09LD1886_r5_c5.png
35.67888184799959,139.77440143366178,decentralized,0.10061223804950714,09LD1886_r5_c5.png
35.6790696262645,139.77531018798862,decentralized,0.9140763282775879,09LD1886_r5_c6.png
35.67907812077955,139.77529107493746,decentralized,0.9019531607627869,09LD1886_r5_c6.png
35.67913181567091,139.77485820498381,decentralized,0.8920920491218567,09LD1886_r5_c6.png
35.679159328297175,139.7748730997155,decentralized,0.890190601348877,09LD1886_r5_c6.png
35.678937875604625,139.77512346080462,decentralized,0.88633793592453,09LD1886_r5_c6.png
35.6789373692499,139.7751346847364,decentralized,0.8569451570510864,09LD1886_r5_c6.png
35.67914352099771,139.7748652003337,decentralized,0.8487889170646667,09LD1886_r5_c6.png
35.67904118779597,139.77528912896597,decentralized,0.79670250415802,09LD1886_r5_c6.png
35.678999897082555,139.7752588274003,decentralized,0.6369678974151611,09LD1886_r5_c6.png
35.67897253399581,139.77480054272465,decentralized,0.5520903468132019,09LD1886_r5_c6.png
35.67904912309497,139.77480487081908,decentralized,0.5025937557220459,09LD1886_r5_c6.png
35.67917544795273,139.77487646631656,decentralized,0.48010629415512085,09LD1886_r5_c6.png
35.67894230593735,139.77478669313078,decentralized,0.2772752642631531,09LD1886_r5_c6.png
35.678928791361884,139.77478450380767,decentralized,0.17870210111141205,09LD1886_r5_c6.png
35.67894130203599,139.77510756976292,decentralized,0.16813786327838898,09LD1886_r5_c6.png
35.6789491497518,139.77514129281477,decentralized,0.12452402710914612,09LD1886_r5_c6.png
35.678699443598404,139.77442022832963,CT,0.9541851282119751,09LD1886_r6_c5.png
35.67868003287387,139.77454583217997,decentralized,0.947459876537323,09LD1886_r6_c5.png
35.67870228157208,139.77432435286804,decentralized,0.9453281164169312,09LD1886_r6_c5.png
35.678576551172654,139.77424734214557,decentralized,0.9399557709693909,09LD1886_r6_c5.png
35.67861803653137,139.77427277505362,decentralized,0.9344196915626526,09LD1886_r6_c5.png
35.6787612448146,139.77461390987386,decentralized,0.9342322945594788,09LD1886_r6_c5.png
35.67856375206544,139.77432273042697,CT,0.9303666353225708,09LD1886_r6_c5.png
35.678714634916346,139.7745913278111,decentralized,0.92925626039505,09LD1886_r6_c5.png
35.67858235676558,139.77435576108624,CT,0.929087221622467,09LD1886_r6_c5.png
35.678596447481006,139.77432187252506,CT,0.9288414716720581,09LD1886_r6_c5.png
35.678801078240085,139.77456113558713,decentralized,0.9243894815444946,09LD1886_r6_c5.png
35.67881620014377,139.77457166874126,decentralized,0.9241154193878174,09LD1886_r6_c5.png
35.678775177921935,139.7746238531322,decentralized,0.9229211807250977,09LD1886_r6_c5.png
35.678798515939164,139.774391644611,decentralized,0.9181379675865173,09LD1886_r6_c5.png
35.67876360326637,139.77447413419236,decentralized,0.9110217094421387,09LD1886_r6_c5.png
35.67879050680573,139.77441007632683,decentralized,0.910735011100769,09LD1886_r6_c5.png
35.67887044155209,139.77440601428546,decentralized,0.9082494974136353,09LD1886_r6_c5.png
35.678693391744616,139.77453683436096,decentralized,0.9079336524009705,09LD1886_r6_c5.png
35.678670936224925,139.77449997781062,decentralized,0.9064600467681885,09LD1886_r6_c5.png
35.678790042304335,139.77463414111253,decentralized,0.9013388156890869,09LD1886_r6_c5.png
35.67860955345944,139.77460551890954,decentralized,0.9008905291557312,09LD1886_r6_c5.png
35.67856293849807,139.77440068379113,CT,0.89771968126297,09LD1886_r6_c5.png
35.678664766187424,139.77427813248858,decentralized,0.896896243095398,09LD1886_r6_c5.png
35.67878789271184,139.77459421351566,decentralized,0.8928176760673523,09LD1886_r6_c5.png
35.67878117076836,139.77443293843348,decentralized,0.8827865123748779,09LD1886_r6_c5.png
35.678695847053376,139.77451717803132,decentralized,0.8818737268447876,09LD1886_r6_c5.png
35.678693260445016,139.77429751631536,decentralized,0.8764935731887817,09LD1886_r6_c5.png
35.678708787992825,139.7743992426936,CT,0.8750529885292053,09LD1886_r6_c5.png
35.67885616517865,139.77439438416866,decentralized,0.873550534248352,09LD1886_r6_c5.png
35.67877436396409,139.7744491240204,decentralized,0.8729246854782104,09LD1886_r6_c5.png
35.67862317866232,139.7745793216571,decentralized,0.8693575263023376,09LD1886_r6_c5.png
35.678655550340835,139.77453206077445,decentralized,0.8676922917366028,09LD1886_r6_c5.png
35.678609082173516,139.77424351229197,decentralized,0.8655886054039001,09LD1886_r6_c5.png
35.678803206799415,139.7746027675182,decentralized,0.8653216361999512,09LD1886_r6_c5.png
35.67854667779676,139.77436827317462,CT,0.848042905330658,09LD1886_r6_c5.png
35.67886843286277,139.77436473205393,decentralized,0.8453444242477417,09LD1886_r6_c5.png
35.678773278056305,139.7745854511229,decentralized,0.8450732827186584,09LD1886_r6_c5.png
35.67860529543771,139.77456758541152,decentralized,0.833707332611084,09LD1886_r6_c5.png
35.67865509356992,139.77429562237072,decentralized,0.8292805552482605,09LD1886_r6_c5.png
35.678664577844906,139.77430021053164,decentralized,0.8258499503135681,09LD1886_r6_c5.png
35.678611738858095,139.77464149990075,decentralized,0.8190905451774597,09LD1886_r6_c5.png
35.67868521713408,139.774503838,decentralized,0.8142262101173401,09LD1886_r6_c5.png
35.67867855988743,139.77430886406347,decentralized,0.813082218170166,09LD1886_r6_c5.png
35.67858194686109,139.7746259056426,decentralized,0.8010798096656799,09LD1886_r6_c5.png
35.67863867058725,139.77451499274,decentralized,0.7846997380256653,09LD1886_r6_c5.png
35.678586268010314,139.77461083105277,decentralized,0.7499595284461975,09LD1886_r6_c5.png
35.67854555500984,139.77426242345314,decentralized,0.6781558990478516,09LD1886_r6_c5.png
35.67862891003651,139.7744951269069,decentralized,0.6651368737220764,09LD1886_r6_c5.png
35.67859480504842,139.77423415276527,decentralized,0.6344782114028931,09LD1886_r6_c5.png
35.678651711206726,139.77452919746298,decentralized,0.6218251585960388,09LD1886_r6_c5.png
35.678621042723876,139.77425037748273,decentralized,0.6104339957237244,09LD1886_r6_c5.png
35.678877158342765,139.77442119707308,decentralized,0.5217574238777161,09LD1886_r6_c5.png
35.67868084247744,139.77452918087826,decentralized,0.46602508425712585,09LD1886_r6_c5.png
35.67887702420074,139.774378742872,decentralized,0.3346747159957886,09LD1886_r6_c5.png
35.67855166528268,139.77443146307482,CT,0.11193077266216278,09LD1886_r6_c5.png
35.67865701338375,139.77504707940193,decentralized,0.9548389911651611,09LD1886_r6_c6.png
35.678725193278524,139.7750174595193,CT,0.9546578526496887,09LD1886_r6_c6.png
35.678588926329155,139.77489873368376,decentralized,0.9300990700721741,09LD1886_r6_c6.png
35.67871022313944,139.77492493275807,decentralized,0.9224295020103455,09LD1886_r6_c6.png
35.6786307770468,139.77492967062466,decentralized,0.9199168682098389,09LD1886_r6_c6.png
35.67861759309581,139.77492568242727,decentralized,0.8942949175834656,09LD1886_r6_c6.png
35.67869511484212,139.77493111381992,decentralized,0.8889093399047852,09LD1886_r6_c6.png
35.678653343153975,139.77490932950528,decentralized,0.8520037531852722,09LD1886_r6_c6.png
35.678626382604314,139.77494542510163,decentralized,0.5286678671836853,09LD1886_r6_c6.png
35.67862786256744,139.77494002476246,decentralized,0.48672792315483093,09LD1886_r6_c6.png
35.678688332228376,139.77497326262437,decentralized,0.3974405825138092,09LD1886_r6_c6.png
35.67861427567307,139.77493771527384,decentralized,0.18951858580112457,09LD1886_r6_c6.png
35.67866419055086,139.77496936457376,decentralized,0.15410004556179047,09LD1886_r6_c6.png
35.678543677993424,139.77481497353278,decentralized,0.14367994666099548,09LD1886_r6_c6.png
35.67845952452998,139.77476748697939,decentralized,0.9279155731201172,09LD1886_r7_c5.png
35.678375115914484,139.7747618611901,decentralized,0.8978593945503235,09LD1886_r7_c5.png
35.67843976842974,139.77475598144014,decentralized,0.8831011652946472,09LD1886_r7_c5.png
35.678434425902964,139.77477282628254,decentralized,0.8146502375602722,09LD1886_r7_c5.png
35.678537831980385,139.77427783333616,decentralized,0.8068715929985046,09LD1886_r7_c5.png
35.67842201252894,139.7747445592687,decentralized,0.6543060541152954,09LD1886_r7_c5.png
35.678414193715184,139.77476109753664,decentralized,0.4303858280181885,09LD1886_r7_c5.png
35.678395558612415,139.77476083888087,decentralized,0.33362293243408203,09LD1886_r7_c5.png
35.67845326455538,139.77477961706532,decentralized,0.30874356627464294,09LD1886_r7_c5.png
35.67841019227982,139.77477882463023,decentralized,0.2000146061182022,09LD1886_r7_c5.png
35.67840193578803,139.77476538734908,decentralized,0.12230847775936127,09LD1886_r7_c5.png
35.671849066842604,139.76076202365775,decentralized,0.9436978101730347,09LD2813_r2_c4.png
35.67179417417506,139.76075172255184,decentralized,0.9327084422111511,09LD2813_r2_c4.png
35.67184265223304,139.7607791841812,decentralized,0.9139625430107117,09LD2813_r2_c4.png
35.67184640187329,139.76068881690554,decentralized,0.8864454627037048,09LD2813_r2_c4.png
35.671830739196196,139.76073314762306,decentralized,0.8827525973320007,09LD2813_r2_c4.png
35.67183668477606,139.7607157773007,decentralized,0.8445628881454468,09LD2813_r2_c4.png
35.671811435368646,139.76074143632803,decentralized,0.8443962335586548,09LD2813_r2_c4.png
35.67184103086817,139.76070238470302,decentralized,0.8113423585891724,09LD2813_r2_c4.png
35.6718737941783,139.7610905828254,decentralized,0.9465857744216919,09LD2813_r2_c5.png
35.671848604605735,139.761138402708,decentralized,0.939849853515625,09LD2813_r2_c5.png
35.671820317503624,139.76136810994439,decentralized,0.9344139695167542,09LD2813_r2_c5.png
35.67178395568225,139.76105105276605,decentralized,0.9254968166351318,09LD2813_r2_c5.png
35.6718323190422,139.76134404648624,decentralized,0.9226918816566467,09LD2813_r2_c5.png
35.671868738780844,139.76105010813092,decentralized,0.9226247072219849,09LD2813_r2_c5.png
35.67182946610714,139.76111862888297,decentralized,0.9190794229507446,09LD2813_r2_c5.png
35.67180660228263,139.76111512351375,decentralized,0.9177838563919067,09LD2813_r2_c5.png
35.6717896203331,139.76109691310305,decentralized,0.9144623279571533,09LD2813_r2_c5.png
35.6718566099708,139.76132493446363,decentralized,0.914140522480011,09LD2813_r2_c5.png
35.67182480598823,139.76135424872288,decentralized,0.9122273325920105,09LD2813_r2_c5.png
35.671783310799576,139.76132299175666,decentralized,0.9083241820335388,09LD2813_r2_c5.png
35.671843252202066,139.76115422219394,decentralized,0.9073783159255981,09LD2813_r2_c5.png
35.671843329370645,139.76131300540402,decentralized,0.9073399901390076,09LD2813_r2_c5.png
35.67178233499299,139.76144798518058,decentralized,0.9050482511520386,09LD2813_r2_c5.png
35.6718258392484,139.76113519993584,decentralized,0.8992961049079895,09LD2813_r2_c5.png
35.67183219134063,139.76132884676042,decentralized,0.8887941241264343,09LD2813_r2_c5.png
35.67179477620812,139.76138833287072,decentralized,0.8854836225509644,09LD2813_r2_c5.png
35.6718327548629,139.76131302285904,decentralized,0.8839895129203796,09LD2813_r2_c5.png
35.67188305669191,139.76107220612678,decentralized,0.8786039352416992,09LD2813_r2_c5.png
35.67178214379995,139.76129170064135,decentralized,0.8749584555625916,09LD2813_r2_c5.png
35.671859109174235,139.76117245717188,decentralized,0.874034583568573,09LD2813_r2_c5.png
35.671790173970976,139.76145995368566,decentralized,0.8608944416046143,09LD2813_r2_c5.png
35.671780356072944,139.7612573638823,decentralized,0.8435795307159424,09LD2813_r2_c5.png
35.671881402773074,139.76107758657628,decentralized,0.8293517827987671,09LD2813_r2_c5.png
35.672058883902885,139.76151607893019,decentralized,0.5741288661956787,09LD2813_r2_c5.png
35.67178894214491,139.7613849167321,decentralized,0.21509559452533722,09LD2813_r2_c5.png
35.67181554122549,139.76098307370904,decentralized,0.16733992099761963,09LD2813_r2_c5.png
35.67174458243307,139.76024620752372,decentralized,0.9297305345535278,09LD2813_r3_c3.png
35.67170543245004,139.7606420881523,decentralized,0.9441686272621155,09LD2813_r3_c4.png
35.67161727239784,139.76084503046968,decentralized,0.9437521696090698,09LD2813_r3_c4.png
35.67170169922667,139.76066017005903,decentralized,0.9357024431228638,09LD2813_r3_c4.png
35.67168834408334,139.76095949975377,decentralized,0.9347403049468994,09LD2813_r3_c4.png
35.671656141619515,139.76079594770306,decentralized,0.9338075518608093,09LD2813_r3_c4.png
35.6716726327432,139.7606235770115,decentralized,0.9233154654502869,09LD2813_r3_c4.png
35.67166721013081,139.76064039750932,decentralized,0.9202102422714233,09LD2813_r3_c4.png
35.67145367110946,139.76068481837532,decentralized,0.9118832349777222,09LD2813_r3_c4.png
35.67164183620858,139.7607146348072,decentralized,0.9112669825553894,09LD2813_r3_c4.png
35.67146684739632,139.76096979381043,decentralized,0.9102486968040466,09LD2813_r3_c4.png
35.67167432892289,139.76096678219514,decentralized,0.9073963761329651,09LD2813_r3_c4.png
35.67167379795116,139.76073254732063,decentralized,0.9068996906280518,09LD2813_r3_c4.png
35.6717475646764,139.76090419513417,decentralized,0.9041656255722046,09LD2813_r3_c4.png
35.671448193413134,139.7607035122586,decentralized,0.9040982723236084,09LD2813_r3_c4.png
35.6716669643886,139.76089372060235,decentralized,0.9026782512664795,09LD2813_r3_c4.png
35.671699896486885,139.7609335084403,decentralized,0.8987711668014526,09LD2813_r3_c4.png
35.67168274875701,139.7609359549986,decentralized,0.8962742686271667,09LD2813_r3_c4.png
35.67147020543848,139.76092341112246,decentralized,0.8962079882621765,09LD2813_r3_c4.png
35.67169386673257,139.76091326749082,decentralized,0.8907580375671387,09LD2813_r3_c4.png
35.67173714210744,139.76095630145804,decentralized,0.8866613507270813,09LD2813_r3_c4.png
35.671666750264464,139.76086135983476,decentralized,0.8783610463142395,09LD2813_r3_c4.png
35.67147728129413,139.76091282710425,decentralized,0.8770902752876282,09LD2813_r3_c4.png
35.67169511695183,139.76060422232914,decentralized,0.8769398331642151,09LD2813_r3_c4.png
35.67176008093929,139.76094658044988,decentralized,0.8691607117652893,09LD2813_r3_c4.png
35.67144545964432,139.76071902560383,decentralized,0.8550212979316711,09LD2813_r3_c4.png
35.67155967024601,139.7607703290593,decentralized,0.8547419309616089,09LD2813_r3_c4.png
35.67175357625603,139.7608783776261,decentralized,0.8530047535896301,09LD2813_r3_c4.png
35.67169025531867,139.7609342280793,decentralized,0.8500365614891052,09LD2813_r3_c4.png
35.671701807358176,139.76084954872218,decentralized,0.8467942476272583,09LD2813_r3_c4.png
35.67156369205983,139.7607814319841,decentralized,0.8315478563308716,09LD2813_r3_c4.png
35.671690648104,139.76061739930196,decentralized,0.8110083937644958,09LD2813_r3_c4.png
35.671510336052606,139.76097600568838,decentralized,0.7761545181274414,09LD2813_r3_c4.png
35.67165356470981,139.76072107674847,decentralized,0.7732365727424622,09LD2813_r3_c4.png
35.67176641256177,139.76089219805954,decentralized,0.7679015398025513,09LD2813_r3_c4.png
35.671439958504344,139.7607368953385,decentralized,0.7039310336112976,09LD2813_r3_c4.png
35.67148221847463,139.76097667727024,decentralized,0.6679987907409668,09LD2813_r3_c4.png
35.67167683410047,139.76096148648853,decentralized,0.6675256490707397,09LD2813_r3_c4.png
35.67153918244279,139.76080231722815,decentralized,0.5322676301002502,09LD2813_r3_c4.png
35.671660667668114,139.76072470952468,decentralized,0.5129055380821228,09LD2813_r3_c4.png
35.67158591738268,139.76076856669167,CT,0.5011162757873535,09LD2813_r3_c4.png
35.67176723758369,139.76086977505187,decentralized,0.38064828515052795,09LD2813_r3_c4.png
35.67157276175362,139.7609763355424,decentralized,0.35051366686820984,09LD2813_r3_c4.png
35.67176269657175,139.76086777122222,decentralized,0.2405732423067093,09LD2813_r3_c4.png
35.671437887457756,139.76093753074977,decentralized,0.22693517804145813,09LD2813_r3_c4.png
35.671513071120295,139.7609610880282,decentralized,0.13526400923728943,09LD2813_r3_c4.png
35.671671331932274,139.76151182530546,decentralized,0.9327919483184814,09LD2813_r3_c5.png
35.6717012293349,139.7612100465069,decentralized,0.9217875003814697,09LD2813_r3_c5.png
35.67157206433383,139.7614039795159,decentralized,0.917478621006012,09LD2813_r3_c5.png
35.67157222308828,139.76122572831702,decentralized,0.9163374900817871,09LD2813_r3_c5.png
35.671592358827674,139.76139785145494,decentralized,0.9129215478897095,09LD2813_r3_c5.png
35.67148977177152,139.76150966071302,decentralized,0.9103448987007141,09LD2813_r3_c5.png
35.6716715612337,139.76122764034812,decentralized,0.9100216031074524,09LD2813_r3_c5.png
35.67155392774568,139.76136180464076,decentralized,0.897992730140686,09LD2813_r3_c5.png
35.6716583141281,139.76110100488097,decentralized,0.8978873491287231,09LD2813_r3_c5.png
35.67169807638031,139.7610243153384,decentralized,0.8957194685935974,09LD2813_r3_c5.png
35.671534616373236,139.76132354414761,decentralized,0.8917430639266968,09LD2813_r3_c5.png
35.67162059493428,139.76146221692935,decentralized,0.8910501599311829,09LD2813_r3_c5.png
35.67165422480646,139.76142773641513,decentralized,0.8903613686561584,09LD2813_r3_c5.png
35.67160254298973,139.76140875110488,decentralized,0.8894412517547607,09LD2813_r3_c5.png
35.67159857510263,139.7611869492235,decentralized,0.8877202272415161,09LD2813_r3_c5.png
35.67159012348982,139.76144074598412,decentralized,0.8862314820289612,09LD2813_r3_c5.png
35.67176517546542,139.76101833494207,decentralized,0.8855074644088745,09LD2813_r3_c5.png
35.67156174154826,139.76124969150743,decentralized,0.883468747138977,09LD2813_r3_c5.png
35.671456300784136,139.76151634328738,decentralized,0.8832305073738098,09LD2813_r3_c5.png
35.671675151352304,139.76126006095492,decentralized,0.8828791975975037,09LD2813_r3_c5.png
35.67166340171394,139.76107480040346,decentralized,0.8827328085899353,09LD2813_r3_c5.png
35.67157445108226,139.76137230442507,decentralized,0.8821179866790771,09LD2813_r3_c5.png
35.67176974933948,139.76107627266873,decentralized,0.8791871070861816,09LD2813_r3_c5.png
35.671626695625854,139.76123654533654,decentralized,0.8780354261398315,09LD2813_r3_c5.png
35.67144568305364,139.76105835397126,decentralized,0.8771328330039978,09LD2813_r3_c5.png
35.671677059011046,139.76100386863644,decentralized,0.8748789429664612,09LD2813_r3_c5.png
35.67168926714377,139.76108544964384,decentralized,0.8672457337379456,09LD2813_r3_c5.png
35.67165375265423,139.76149191569917,decentralized,0.8669636249542236,09LD2813_r3_c5.png
35.67164070012594,139.76147736415658,decentralized,0.8635990023612976,09LD2813_r3_c5.png
35.67169230251879,139.7612562330342,decentralized,0.8619248867034912,09LD2813_r3_c5.png
35.671664706281284,139.76098451981073,decentralized,0.8608335852622986,09LD2813_r3_c5.png
35.67160498724929,139.76117935204982,decentralized,0.8583520650863647,09LD2813_r3_c5.png
35.67163203495136,139.76144486021983,decentralized,0.8574662804603577,09LD2813_r3_c5.png
35.67157766048521,139.76123149411242,decentralized,0.857311487197876,09LD2813_r3_c5.png
35.67146982713297,139.76103136735549,decentralized,0.8542945981025696,09LD2813_r3_c5.png
35.671750804381745,139.76138917981135,decentralized,0.8458982706069946,09LD2813_r3_c5.png
35.67170871577033,139.76146577684213,decentralized,0.8432087302207947,09LD2813_r3_c5.png
35.67154543832309,139.76123133142642,decentralized,0.8409224152565002,09LD2813_r3_c5.png
35.67176922252967,139.76127886936865,decentralized,0.8391153216362,09LD2813_r3_c5.png
35.67168659888118,139.7613205501568,decentralized,0.8386375308036804,09LD2813_r3_c5.png
35.6717523634138,139.76141057554986,decentralized,0.8360947370529175,09LD2813_r3_c5.png
35.67147480911761,139.76098709123812,decentralized,0.833099901676178,09LD2813_r3_c5.png
35.67176558413137,139.76099025759234,decentralized,0.8324035406112671,09LD2813_r3_c5.png
35.67159901094322,139.7612021837713,decentralized,0.8307418823242188,09LD2813_r3_c5.png
35.67177026613823,139.7610435534579,decentralized,0.8131135702133179,09LD2813_r3_c5.png
35.67147483713186,139.76152209776612,decentralized,0.8122293949127197,09LD2813_r3_c5.png
35.67177052695269,139.76134019667464,decentralized,0.8100581169128418,09LD2813_r3_c5.png
35.67171284063104,139.76104291000465,decentralized,0.7996917366981506,09LD2813_r3_c5.png
35.671455155938865,139.76105431396255,decentralized,0.7902536392211914,09LD2813_r3_c5.png
35.67164192300523,139.76105186414992,decentralized,0.783657431602478,09LD2813_r3_c5.png
35.671689195484795,139.7611344269972,decentralized,0.7751415371894836,09LD2813_r3_c5.png
35.67156550846621,139.7613920419566,decentralized,0.7749786376953125,09LD2813_r3_c5.png
35.67165681022165,139.76112340159955,decentralized,0.7617365717887878,09LD2813_r3_c5.png
35.67170292720517,139.76113768962813,decentralized,0.7526605725288391,09LD2813_r3_c5.png
35.67150758597381,139.7613551205957,decentralized,0.743573009967804,09LD2813_r3_c5.png
35.671529400958065,139.7612430839847,decentralized,0.731650710105896,09LD2813_r3_c5.png
35.67153857602168,139.76140739030188,decentralized,0.728963315486908,09LD2813_r3_c5.png
35.67168774350748,139.7613761954764,decentralized,0.7205169200897217,09LD2813_r3_c5.png
35.671771997401514,139.76143912431758,decentralized,0.7001239657402039,09LD2813_r3_c5.png
35.67170361657411,139.76135579031362,decentralized,0.6773762106895447,09LD2813_r3_c5.png
35.67154919573099,139.76126453672538,decentralized,0.6403661966323853,09LD2813_r3_c5.png
35.671730539520375,139.76101815218087,decentralized,0.5581455230712891,09LD2813_r3_c5.png
35.671681620306096,139.76138382027878,decentralized,0.5294884443283081,09LD2813_r3_c5.png
35.67172506326795,139.76148659843355,decentralized,0.4730912446975708,09LD2813_r3_c5.png
35.67170391418195,139.761336491436,decentralized,0.43787798285484314,09LD2813_r3_c5.png
35.6715678922401,139.76135576396894,decentralized,0.4359191358089447,09LD2813_r3_c5.png
35.67169919806249,139.76129778319438,decentralized,0.4015577435493469,09LD2813_r3_c5.png
35.67177191708896,139.76125866693593,decentralized,0.28535786271095276,09LD2813_r3_c5.png
35.67164840858868,139.76130324369907,decentralized,0.2626233994960785,09LD2813_r3_c5.png
35.67153818600859,139.76131813875352,decentralized,0.23750130832195282,09LD2813_r3_c5.png
35.671676009039224,139.76139246222263,decentralized,0.23697009682655334,09LD2813_r3_c5.png
35.67154371329464,139.76127987260887,CT,0.23046179115772247,09LD2813_r3_c5.png
35.67168040564554,139.76125361917184,decentralized,0.2303410917520523,09LD2813_r3_c5.png
35.67177272159477,139.76126594469196,decentralized,0.2114010602235794,09LD2813_r3_c5.png
35.67147240675628,139.76152553495635,decentralized,0.1980435997247696,09LD2813_r3_c5.png
35.67164742121616,139.76131295269352,decentralized,0.18884412944316864,09LD2813_r3_c5.png
35.67157464301474,139.7613372119274,CT,0.1875571459531784,09LD2813_r3_c5.png
35.67166056227882,139.76098414453955,decentralized,0.14637301862239838,09LD2813_r3_c5.png
35.67155862448013,139.76125811872498,decentralized,0.1460392326116562,09LD2813_r3_c5.png
35.6715144146091,139.76122502262098,decentralized,0.13139308989048004,09LD2813_r3_c5.png
35.6715579910543,139.76124636888383,decentralized,0.1270572394132614,09LD2813_r3_c5.png
35.67144445710795,139.76152874082084,decentralized,0.10343559086322784,09LD2813_r3_c5.png
35.67170502758104,139.7618052885451,decentralized,0.9264686107635498,09LD2813_r3_c6.png
35.671710897362445,139.7617900287271,decentralized,0.9262842535972595,09LD2813_r3_c6.png
35.67165087829843,139.76165431083467,decentralized,0.9232426881790161,09LD2813_r3_c6.png
35.671728964759794,139.76180881450514,decentralized,0.9211679100990295,09LD2813_r3_c6.png
35.671593906698405,139.7620069726494,decentralized,0.9171417951583862,09LD2813_r3_c6.png
35.67152021536941,139.761929352774,decentralized,0.9129310846328735,09LD2813_r3_c6.png
35.67157107611245,139.76198370852634,decentralized,0.9116011261940002,09LD2813_r3_c6.png
35.67158519421511,139.7617014557817,decentralized,0.9103603959083557,09LD2813_r3_c6.png
35.67158139030127,139.76163102979837,decentralized,0.9099246263504028,09LD2813_r3_c6.png
35.671447254819064,139.761550350127,decentralized,0.9097195863723755,09LD2813_r3_c6.png
35.67158219479644,139.76199451535155,decentralized,0.9088172912597656,09LD2813_r3_c6.png
35.671603995920236,139.76160365267688,decentralized,0.9074804782867432,09LD2813_r3_c6.png
35.671706395034235,139.76176051738653,decentralized,0.9071879982948303,09LD2813_r3_c6.png
35.67156077074171,139.76196957195054,decentralized,0.9069251418113708,09LD2813_r3_c6.png
35.671530462098495,139.76193996335417,decentralized,0.9050278663635254,09LD2813_r3_c6.png
35.67157282333065,139.7615877472864,decentralized,0.9002668261528015,09LD2813_r3_c6.png
35.67154101605026,139.76194958242522,decentralized,0.8987300395965576,09LD2813_r3_c6.png
35.671624867401206,139.7616468816158,decentralized,0.8932011127471924,09LD2813_r3_c6.png
35.67162877847559,139.76198348521496,decentralized,0.8924694061279297,09LD2813_r3_c6.png
35.67161821117325,139.76197087499443,decentralized,0.8920218348503113,09LD2813_r3_c6.png
35.67155153797904,139.76195891764692,decentralized,0.891426146030426,09LD2813_r3_c6.png
35.67164011363031,139.76199570610098,decentralized,0.8905740976333618,09LD2813_r3_c6.png
35.67155095832067,139.76160009523338,decentralized,0.8822581171989441,09LD2813_r3_c6.png
35.67164872005563,139.76167103944448,decentralized,0.8776406645774841,09LD2813_r3_c6.png
35.67173102748999,139.76178736800043,decentralized,0.8769088387489319,09LD2813_r3_c6.png
35.67158506142094,139.76158310911376,decentralized,0.876190185546875,09LD2813_r3_c6.png
35.67169372830189,139.76177122471017,decentralized,0.8690934181213379,09LD2813_r3_c6.png
35.67167996621666,139.7617791060996,decentralized,0.8570071458816528,09LD2813_r3_c6.png
35.671439907194575,139.76158070314312,decentralized,0.8311969041824341,09LD2813_r3_c6.png
35.67150329757051,139.7616599799256,decentralized,0.8303382992744446,09LD2813_r3_c6.png
35.6717208919588,139.7618224657097,decentralized,0.8259776830673218,09LD2813_r3_c6.png
35.67156519871704,139.7615621598891,decentralized,0.8041876554489136,09LD2813_r3_c6.png
35.671587748082686,139.76195575652255,decentralized,0.792935311794281,09LD2813_r3_c6.png
35.671648217429755,139.7619678016837,decentralized,0.7919281125068665,09LD2813_r3_c6.png
35.671746028195614,139.76180272611188,decentralized,0.783611536026001,09LD2813_r3_c6.png
35.67159815662462,139.7616790337842,decentralized,0.7568658590316772,09LD2813_r3_c6.png
35.67148036627648,139.76176365888156,decentralized,0.7526834607124329,09LD2813_r3_c6.png
35.67159293855762,139.7619610493868,decentralized,0.6607025265693665,09LD2813_r3_c6.png
35.67175524586559,139.76181574928154,decentralized,0.6527002453804016,09LD2813_r3_c6.png
35.6715723432441,139.76169642296622,decentralized,0.6327072978019714,09LD2813_r3_c6.png
35.671567431134555,139.7616626773128,CT,0.6006393432617188,09LD2813_r3_c6.png
35.671473554610465,139.7617809510395,decentralized,0.5845359563827515,09LD2813_r3_c6.png
35.671597307697816,139.76196593271962,decentralized,0.5399098992347717,09LD2813_r3_c6.png
35.67147442946044,139.76159075201815,decentralized,0.5341461896896362,09LD2813_r3_c6.png
35.67144523282736,139.7616405542887,decentralized,0.5113976001739502,09LD2813_r3_c6.png
35.67158073798042,139.76169577286592,decentralized,0.47779855132102966,09LD2813_r3_c6.png
35.67177275839153,139.76192235613792,decentralized,0.46831750869750977,09LD2813_r3_c6.png
35.6714755388585,139.76178272013985,decentralized,0.44302016496658325,09LD2813_r3_c6.png
35.67149100664783,139.76167799778574,decentralized,0.42278167605400085,09LD2813_r3_c6.png
35.671476136821234,139.7617588369984,decentralized,0.35605588555336,09LD2813_r3_c6.png
35.67155912731987,139.76165409914003,CT,0.3381594121456146,09LD2813_r3_c6.png
35.67161822481417,139.76167006579632,decentralized,0.31851544976234436,09LD2813_r3_c6.png
35.67165415931448,139.7616849394469,decentralized,0.2697582244873047,09LD2813_r3_c6.png
35.67144566922374,139.76166858063633,decentralized,0.18618611991405487,09LD2813_r3_c6.png
35.671448997563445,139.7616119644801,decentralized,0.13471899926662445,09LD2813_r3_c6.png
35.67150100191783,139.76153462816944,decentralized,0.1264142096042633,09LD2813_r3_c6.png
35.67153987845933,139.76155107757637,CT,0.11283794790506363,09LD2813_r3_c6.png
35.67141432230392,139.75940536846304,CT,0.9555728435516357,09LD2813_r4_c2.png
35.6714226670727,139.7593816434154,CT,0.9529848098754883,09LD2813_r4_c2.png
35.67141349524456,139.75946639939997,CT,0.9508588314056396,09LD2813_r4_c2.png
35.67142782615599,139.75935754436742,CT,0.8651708364486694,09LD2813_r4_c2.png
35.67143235070742,139.75947800723432,CT,0.7995508313179016,09LD2813_r4_c2.png
35.6714308090939,139.75933318671494,CT,0.24482007324695587,09LD2813_r4_c2.png
35.67142032560113,139.76006132704177,decentralized,0.4914817214012146,09LD2813_r4_c3.png
35.67118041836954,139.76090621958994,decentralized,0.9329656958580017,09LD2813_r4_c4.png
35.671396161826344,139.76062279170358,decentralized,0.9196434617042542,09LD2813_r4_c4.png
35.6712735540948,139.76091955977142,decentralized,0.9146255254745483,09LD2813_r4_c4.png
35.67131809661744,139.76091150113143,decentralized,0.9140365719795227,09LD2813_r4_c4.png
35.67119222329223,139.76089215267893,decentralized,0.9127032160758972,09LD2813_r4_c4.png
35.671372262781745,139.76066691647884,decentralized,0.9092685580253601,09LD2813_r4_c4.png
35.67142109436523,139.76071770182924,decentralized,0.9077216386795044,09LD2813_r4_c4.png
35.671228890716215,139.7608427183572,decentralized,0.9046283960342407,09LD2813_r4_c4.png
35.67122874458493,139.76095635854318,decentralized,0.898614227771759,09LD2813_r4_c4.png
35.67123694610798,139.76081882924544,decentralized,0.8985537886619568,09LD2813_r4_c4.png
35.67125404752199,139.760948119011,decentralized,0.8939182162284851,09LD2813_r4_c4.png
35.671288798075636,139.76077746526204,decentralized,0.8911463022232056,09LD2813_r4_c4.png
35.67131865603392,139.7608130629185,decentralized,0.8860913515090942,09LD2813_r4_c4.png
35.671195983271545,139.76078615762728,decentralized,0.8849962949752808,09LD2813_r4_c4.png
35.67125111585985,139.76089469419375,decentralized,0.883884847164154,09LD2813_r4_c4.png
35.67142593468319,139.7606984507324,decentralized,0.875585675239563,09LD2813_r4_c4.png
35.67142297240839,139.7609232817542,decentralized,0.8754308819770813,09LD2813_r4_c4.png
35.6713830440231,139.7606529786127,decentralized,0.8630931973457336,09LD2813_r4_c4.png
35.67122792998098,139.76092619974705,decentralized,0.8620281219482422,09LD2813_r4_c4.png
35.671178927764274,139.76085220202998,decentralized,0.8590444922447205,09LD2813_r4_c4.png
35.67138932540034,139.76064045683927,decentralized,0.853001594543457,09LD2813_r4_c4.png
35.671239692277474,139.7608852134877,decentralized,0.8458952903747559,09LD2813_r4_c4.png
35.671306163256595,139.7607814290181,decentralized,0.8371737003326416,09LD2813_r4_c4.png
35.67143000495096,139.7606841829283,decentralized,0.8329422473907471,09LD2813_r4_c4.png
35.671265577464546,139.76075424305807,decentralized,0.8321394324302673,09LD2813_r4_c4.png
35.67125591027538,139.76074450275706,decentralized,0.8286885619163513,09LD2813_r4_c4.png
35.67124932774637,139.76092906239924,decentralized,0.799811601638794,09LD2813_r4_c4.png
35.671218359735974,139.7609154188564,decentralized,0.7816091775894165,09LD2813_r4_c4.png
35.67131139478966,139.7607961379144,decentralized,0.7451956272125244,09LD2813_r4_c4.png
35.67127169522179,139.76074659640756,decentralized,0.7431427240371704,09LD2813_r4_c4.png
35.671262144495984,139.7607343177402,decentralized,0.7212120890617371,09LD2813_r4_c4.png
35.67143390736505,139.76066557829282,decentralized,0.711899995803833,09LD2813_r4_c4.png
35.67126123573036,139.76076638739048,decentralized,0.6770833134651184,09LD2813_r4_c4.png
35.67142215899636,139.76087133620376,decentralized,0.6005342602729797,09LD2813_r4_c4.png
35.67118694150864,139.76076862507418,decentralized,0.5364153981208801,09LD2813_r4_c4.png
35.671231885858674,139.76089654965347,decentralized,0.5124509334564209,09LD2813_r4_c4.png
35.6712285203002,139.760900981561,decentralized,0.413971483707428,09LD2813_r4_c4.png
35.671222569077294,139.76085138985619,decentralized,0.24253840744495392,09LD2813_r4_c4.png
35.67125478331874,139.76096293414446,decentralized,0.24001681804656982,09LD2813_r4_c4.png
35.671256424594105,139.7609761844446,decentralized,0.2325463443994522,09LD2813_r4_c4.png
35.671217198905225,139.7608587406459,decentralized,0.21652093529701233,09LD2813_r4_c4.png
35.67128354034814,139.7607908921137,decentralized,0.19167113304138184,09LD2813_r4_c4.png
35.67143555187107,139.76092546868455,decentralized,0.1678701788187027,09LD2813_r4_c4.png
35.67123734047196,139.7607781414139,decentralized,0.15320229530334473,09LD2813_r4_c4.png
35.67118524271899,139.7608412460585,decentralized,0.1273067146539688,09LD2813_r4_c4.png
35.67137843567693,139.7609608123793,decentralized,0.11036890745162964,09LD2813_r4_c4.png
35.671374717431796,139.76102116032726,CT,0.9598067998886108,09LD2813_r4_c5.png
35.67113654963378,139.76138396945598,decentralized,0.951266348361969,09LD2813_r4_c5.png
35.671135535287405,139.7614037692772,decentralized,0.9214064478874207,09LD2813_r4_c5.png
35.67126253975209,139.76132952385032,decentralized,0.9170022010803223,09LD2813_r4_c5.png
35.671173946943256,139.76123286721963,CT,0.9137858748435974,09LD2813_r4_c5.png
35.67128964705272,139.7613523093434,decentralized,0.9057775735855103,09LD2813_r4_c5.png
35.67125780083779,139.76126654039965,decentralized,0.905619740486145,09LD2813_r4_c5.png
35.67125394082486,139.7612994240474,decentralized,0.895302951335907,09LD2813_r4_c5.png
35.671341761144944,139.76103870791778,decentralized,0.8925458192825317,09LD2813_r4_c5.png
35.671401549337254,139.761055136504,decentralized,0.8914369344711304,09LD2813_r4_c5.png
35.671237032950515,139.7612975776565,decentralized,0.8886789083480835,09LD2813_r4_c5.png
35.67139067665161,139.76137337987174,decentralized,0.8884186744689941,09LD2813_r4_c5.png
35.671414220896374,139.76105878425227,decentralized,0.8868281841278076,09LD2813_r4_c5.png
35.67142345299019,139.76107625130857,decentralized,0.8808974027633667,09LD2813_r4_c5.png
35.67140208362826,139.76145852378133,decentralized,0.872665524482727,09LD2813_r4_c5.png
35.671200190904436,139.76134955096668,decentralized,0.8716703653335571,09LD2813_r4_c5.png
35.671275873107,139.76140160372844,decentralized,0.8686222434043884,09LD2813_r4_c5.png
35.67116400547405,139.76144908626955,decentralized,0.8555574417114258,09LD2813_r4_c5.png
35.6713862725957,139.7615040475524,decentralized,0.8464775681495667,09LD2813_r4_c5.png
35.67124154812332,139.7613146155265,decentralized,0.8452314138412476,09LD2813_r4_c5.png
35.67131858545384,139.76140690592342,decentralized,0.8434784412384033,09LD2813_r4_c5.png
35.671432837549304,139.7610460875192,decentralized,0.8341241478919983,09LD2813_r4_c5.png
35.671368083435716,139.76135049252832,decentralized,0.8245276808738708,09LD2813_r4_c5.png
35.671427472107354,139.76109089979033,decentralized,0.764179527759552,09LD2813_r4_c5.png
35.671251607687815,139.76130128523127,decentralized,0.7618858218193054,09LD2813_r4_c5.png
35.67115758232652,139.76144109622152,decentralized,0.755965530872345,09LD2813_r4_c5.png
35.67124696283815,139.76133087235226,decentralized,0.750866711139679,09LD2813_r4_c5.png
35.67140097614767,139.7610167255498,decentralized,0.735283374786377,09LD2813_r4_c5.png
35.67134783330806,139.76114157795487,decentralized,0.7304500341415405,09LD2813_r4_c5.png
35.67127943692236,139.76134171646814,decentralized,0.7039381265640259,09LD2813_r4_c5.png
35.67139185084395,139.76152920369222,decentralized,0.7030486464500427,09LD2813_r4_c5.png
35.671377649799545,139.76148448975513,decentralized,0.66278475522995,09LD2813_r4_c5.png
35.671339894471416,139.76145828449458,decentralized,0.5898647308349609,09LD2813_r4_c5.png
35.67130235498525,139.76104864277514,decentralized,0.5351694822311401,09LD2813_r4_c5.png
35.67125584454758,139.7613362807708,decentralized,0.500421941280365,09LD2813_r4_c5.png
35.67113080911107,139.76133391517132,decentralized,0.43248361349105835,09LD2813_r4_c5.png
35.671239220980745,139.76128318225923,decentralized,0.3991881310939789,09LD2813_r4_c5.png
35.671382917753846,139.76105539874146,decentralized,0.3883395791053772,09LD2813_r4_c5.png
35.671366736462346,139.76098203804224,decentralized,0.3851652443408966,09LD2813_r4_c5.png
35.67131214600968,139.76103667423263,decentralized,0.37324222922325134,09LD2813_r4_c5.png
35.671339578967206,139.76138164654574,decentralized,0.32261940836906433,09LD2813_r4_c5.png
35.67143364408945,139.76107581652303,decentralized,0.2983613908290863,09LD2813_r4_c5.png
35.671341568760624,139.7614521049284,decentralized,0.25782889127731323,09LD2813_r4_c5.png
35.671331679768585,139.7610109453229,decentralized,0.18963301181793213,09LD2813_r4_c5.png
35.671432266433236,139.76146074807556,decentralized,0.15881483256816864,09LD2813_r4_c5.png
35.67139615764037,139.76100288307,decentralized,0.12703876197338104,09LD2813_r4_c5.png
35.67137156738828,139.7615218641776,decentralized,0.12063485383987427,09LD2813_r4_c5.png
35.67115462727743,139.76118354372278,decentralized,0.10604862123727798,09LD2813_r4_c5.png
35.671154748825984,139.7615287590484,decentralized,0.1049228236079216,09LD2813_r4_c5.png
35.671251629322114,139.76161044868473,decentralized,0.9157590866088867,09LD2813_r4_c6.png
35.67142852324979,139.7616227172993,decentralized,0.8987205028533936,09LD2813_r4_c6.png
35.67142291103075,139.761542429772,decentralized,0.8706472516059875,09LD2813_r4_c6.png
35.67127036330553,139.76157632767737,decentralized,0.8655993342399597,09LD2813_r4_c6.png
35.67142911164515,139.7615699410883,decentralized,0.8554025888442993,09LD2813_r4_c6.png
35.67136606568859,139.76167532764174,decentralized,0.842815101146698,09LD2813_r4_c6.png
35.671394903301504,139.7615879230241,decentralized,0.8403854370117188,09LD2813_r4_c6.png
35.671377868945875,139.76166174375564,decentralized,0.5247704982757568,09LD2813_r4_c6.png
35.67135875572295,139.76164373892186,decentralized,0.45281901955604553,09LD2813_r4_c6.png
35.67137456714671,139.76168499506412,decentralized,0.2859574258327484,09LD2813_r4_c6.png
35.67136989533507,139.7615342444266,decentralized,0.28212860226631165,09LD2813_r4_c6.png
35.671278693778774,139.76156498453585,decentralized,0.2708452343940735,09LD2813_r4_c6.png
35.671370027705585,139.76153922094926,decentralized,0.263116717338562,09LD2813_r4_c6.png
35.67131343095992,139.7616074359993,decentralized,0.2529445290565491,09LD2813_r4_c6.png
35.671434783634034,139.76155853763498,decentralized,0.11848252266645432,09LD2813_r4_c6.png
35.671403766487785,139.76234717417856,decentralized,0.9298371076583862,09LD2813_r4_c7.png
35.67138351741587,139.76237362884694,decentralized,0.9237877726554871,09LD2813_r4_c7.png
35.67111733014203,139.76215127649155,decentralized,0.9159796237945557,09LD2813_r4_c7.png
35.67136751592316,139.76228951431668,decentralized,0.9134974479675293,09LD2813_r4_c7.png
35.67126593209156,139.7621616707907,decentralized,0.9111872911453247,09LD2813_r4_c7.png
35.6714136936724,139.7623323167442,decentralized,0.9081671237945557,09LD2813_r4_c7.png
35.671172080975566,139.76245607880904,decentralized,0.9046469926834106,09LD2813_r4_c7.png
35.67113051770789,139.76211323178035,decentralized,0.9018051028251648,09LD2813_r4_c7.png
35.67127853741806,139.7625269060441,decentralized,0.8989445567131042,09LD2813_r4_c7.png
35.67111771839888,139.76254998683737,decentralized,0.8977581262588501,09LD2813_r4_c7.png
35.67121708696087,139.76255780494768,decentralized,0.8956308960914612,09LD2813_r4_c7.png
35.671206617137216,139.76254805017595,decentralized,0.8948500752449036,09LD2813_r4_c7.png
35.671293673483405,139.76216188624514,decentralized,0.891299307346344,09LD2813_r4_c7.png
35.671119717966775,139.76212590263097,decentralized,0.8905481100082397,09LD2813_r4_c7.png
35.67120906211298,139.7621539210569,decentralized,0.8880999684333801,09LD2813_r4_c7.png
35.67139349540115,139.76228537852748,decentralized,0.8869633078575134,09LD2813_r4_c7.png
35.67110637038097,139.76210072083398,decentralized,0.8863151669502258,09LD2813_r4_c7.png
35.67126209243864,139.76224730584835,decentralized,0.8856619000434875,09LD2813_r4_c7.png
35.67126238029311,139.7625370185101,decentralized,0.8827370405197144,09LD2813_r4_c7.png
35.67127840330608,139.7625417866223,decentralized,0.8818378448486328,09LD2813_r4_c7.png
35.671224849863165,139.76253567638167,decentralized,0.8775497674942017,09LD2813_r4_c7.png
35.67112994835261,139.7621344416674,decentralized,0.8727107048034668,09LD2813_r4_c7.png
35.67139294371088,139.7623168734792,decentralized,0.870733916759491,09LD2813_r4_c7.png
35.671351360354194,139.76231380728953,decentralized,0.8684589266777039,09LD2813_r4_c7.png
35.67137052108539,139.76230627453214,decentralized,0.8669200539588928,09LD2813_r4_c7.png
35.67123249491627,139.7622203870826,decentralized,0.8663517832756042,09LD2813_r4_c7.png
35.671394043048174,139.76236184593444,decentralized,0.8551777601242065,09LD2813_r4_c7.png
35.67127986490802,139.7621843905118,decentralized,0.8444163799285889,09LD2813_r4_c7.png
35.67121948912945,139.76248408990276,decentralized,0.8099194765090942,09LD2813_r4_c7.png
35.67125252187689,139.76209302430263,decentralized,0.7966207265853882,09LD2813_r4_c7.png
35.671132795039966,139.7621570469247,decentralized,0.7914087772369385,09LD2813_r4_c7.png
35.67122083128044,139.76254153655304,decentralized,0.7756213545799255,09LD2813_r4_c7.png
35.671273696828855,139.76219908870843,decentralized,0.771771252155304,09LD2813_r4_c7.png
35.67117039228093,139.7625426878497,decentralized,0.6801748871803284,09LD2813_r4_c7.png
35.67110224290495,139.76256448509466,decentralized,0.5859092473983765,09LD2813_r4_c7.png
35.67138264928294,139.7623927702465,decentralized,0.5746047496795654,09LD2813_r4_c7.png
35.67110246176058,139.76253608788582,decentralized,0.44846299290657043,09LD2813_r4_c7.png
35.67110641347137,139.762435347668,CT,0.4162474274635315,09LD2813_r4_c7.png
35.671167766057536,139.76209100867266,decentralized,0.4043952524662018,09LD2813_r4_c7.png
35.671364927582104,139.76255079916263,decentralized,0.3036709725856781,09LD2813_r4_c7.png
35.67116954716911,139.76208745233814,decentralized,0.2763077914714813,09LD2813_r4_c7.png
35.67114401172631,139.76216937841963,decentralized,0.23447774350643158,09LD2813_r4_c7.png
35.67140531573906,139.76229832419722,decentralized,0.2173655480146408,09LD2813_r4_c7.png
35.67130527942885,139.7623823754476,decentralized,0.1602853685617447,09LD2813_r4_c7.png
35.671102643986394,139.76251866401876,decentralized,0.10479222238063812,09LD2813_r4_c7.png
35.671383961139036,139.7623523693937,decentralized,0.10239077359437943,09LD2813_r4_c7.png
35.67092980623327,139.75978850166555,decentralized,0.34471577405929565,09LD2813_r5_c2.png
35.67084602304439,139.760312928485,decentralized,0.8228968381881714,09LD2813_r5_c3.png
35.6708765763698,139.7603709447923,decentralized,0.809302031993866,09LD2813_r5_c3.png
35.67080726692788,139.7604130399765,decentralized,0.7438682913780212,09LD2813_r5_c3.png
35.67088544983483,139.76034903651004,decentralized,0.6072441339492798,09LD2813_r5_c3.png
35.67100449368451,139.76042417629435,decentralized,0.47085291147232056,09LD2813_r5_c3.png
35.67103803762031,139.76042511635796,decentralized,0.2129150629043579,09LD2813_r5_c3.png
35.67079444585194,139.76051008315912,decentralized,0.9265799522399902,09LD2813_r5_c4.png
35.670809889419395,139.76050378598936,decentralized,0.9247096180915833,09LD2813_r5_c4.png
35.6709667108293,139.76045391989354,decentralized,0.9084275364875793,09LD2813_r5_c4.png
35.670846477166116,139.76054217424107,decentralized,0.9040982723236084,09LD2813_r5_c4.png
35.67103628563591,139.76063553070662,decentralized,0.9019624590873718,09LD2813_r5_c4.png
35.6710131985436,139.7606307072159,decentralized,0.8992087841033936,09LD2813_r5_c4.png
35.67086507519012,139.76053984654538,decentralized,0.8931214213371277,09LD2813_r5_c4.png
35.671028093250634,139.76052357910126,decentralized,0.8843619227409363,09LD2813_r5_c4.png
35.670994064954776,139.76060693032318,decentralized,0.8822799324989319,09LD2813_r5_c4.png
35.671014157152705,139.76048909808145,decentralized,0.8726188540458679,09LD2813_r5_c4.png
35.671004379342484,139.76060174139056,decentralized,0.8588250279426575,09LD2813_r5_c4.png
35.67100313785663,139.76047940674277,decentralized,0.8549773693084717,09LD2813_r5_c4.png
35.671012831534426,139.76070582566766,decentralized,0.8535622358322144,09LD2813_r5_c4.png
35.670788048829415,139.7604952720739,decentralized,0.8511738181114197,09LD2813_r5_c4.png
35.67103307662851,139.76048866557508,decentralized,0.8507466912269592,09LD2813_r5_c4.png
35.67096080371383,139.76053047862138,decentralized,0.8498148918151855,09LD2813_r5_c4.png
35.67078092776018,139.76050462937667,decentralized,0.8441171050071716,09LD2813_r5_c4.png
35.67099256710412,139.76046782314646,decentralized,0.8411670923233032,09LD2813_r5_c4.png
35.670925210827995,139.76068800878085,decentralized,0.8391743302345276,09LD2813_r5_c4.png
35.670984231703265,139.76045457968053,decentralized,0.821489155292511,09LD2813_r5_c4.png
35.67105309895121,139.76051449734936,decentralized,0.815018892288208,09LD2813_r5_c4.png
35.670844954628194,139.76051744869156,decentralized,0.7271242141723633,09LD2813_r5_c4.png
35.67106473723673,139.76049777339324,decentralized,0.7081438302993774,09LD2813_r5_c4.png
35.670981882172846,139.76057337911973,decentralized,0.6712409853935242,09LD2813_r5_c4.png
35.67094796496638,139.76045870089905,decentralized,0.5762970447540283,09LD2813_r5_c4.png
35.6710616533932,139.76047635626358,decentralized,0.4104509949684143,09LD2813_r5_c4.png
35.67105035951868,139.7604632747114,decentralized,0.3665362000465393,09LD2813_r5_c4.png
35.670979891206464,139.7605863113483,decentralized,0.31628429889678955,09LD2813_r5_c4.png
35.670761638872776,139.76047988835006,decentralized,0.13007721304893494,09LD2813_r5_c4.png
35.671078042727686,139.76110984705642,decentralized,0.9273616075515747,09LD2813_r5_c5.png
35.671025446154864,139.7614368285621,decentralized,0.9236162900924683,09LD2813_r5_c5.png
35.67099418923966,139.76128351444555,decentralized,0.9214735627174377,09LD2813_r5_c5.png
35.67097431878396,139.76127786680365,decentralized,0.9164993166923523,09LD2813_r5_c5.png
35.670980466697806,139.7613867892606,decentralized,0.9125876426696777,09LD2813_r5_c5.png
35.67106899222168,139.76112329934753,decentralized,0.9098174571990967,09LD2813_r5_c5.png
35.67100865383521,139.7610460850347,decentralized,0.8970550298690796,09LD2813_r5_c5.png
35.67104259329938,139.76102123140802,decentralized,0.8969249129295349,09LD2813_r5_c5.png
35.671002009944324,139.76141619185083,decentralized,0.8961565494537354,09LD2813_r5_c5.png
35.671066355156476,139.76110192821403,decentralized,0.8960108160972595,09LD2813_r5_c5.png
35.67103112577561,139.76102105915632,decentralized,0.8590226769447327,09LD2813_r5_c5.png
35.6710892259701,139.7610713555507,decentralized,0.8567683100700378,09LD2813_r5_c5.png
35.671063737342564,139.76129213844436,decentralized,0.8347136378288269,09LD2813_r5_c5.png
35.6710406354054,139.76129953401127,decentralized,0.8033887147903442,09LD2813_r5_c5.png
35.67100584465369,139.76134774113862,decentralized,0.7030196785926819,09LD2813_r5_c5.png
35.670907981187824,139.76116981840073,decentralized,0.47764870524406433,09LD2813_r5_c5.png
35.67098656325458,139.7612954832954,decentralized,0.4560083746910095,09LD2813_r5_c5.png
35.67101406301178,139.76133467275375,decentralized,0.31065887212753296,09LD2813_r5_c5.png
35.67101414274634,139.76112019099136,decentralized,0.30138304829597473,09LD2813_r5_c5.png
35.67109628632682,139.76114056409833,decentralized,0.14341220259666443,09LD2813_r5_c5.png
35.67089857094263,139.76119756401044,decentralized,0.13208475708961487,09LD2813_r5_c5.png
35.67082286320829,139.7616709941824,CT,0.9182870388031006,09LD2813_r5_c6.png
35.6707882913089,139.76165704229513,decentralized,0.901831328868866,09LD2813_r5_c6.png
35.67079703854388,139.7616301028789,decentralized,0.8938732743263245,09LD2813_r5_c6.png
35.67097005927969,139.7620255104138,decentralized,0.8871764540672302,09LD2813_r5_c6.png
35.67076632529654,139.7617058706351,decentralized,0.8841480016708374,09LD2813_r5_c6.png
35.67076893742965,139.7616473497842,decentralized,0.8814734220504761,09LD2813_r5_c6.png
35.67078142110407,139.76165073644023,decentralized,0.8800842761993408,09LD2813_r5_c6.png
35.670952013994615,139.76200700712283,decentralized,0.8667829036712646,09LD2813_r5_c6.png
35.67098357851733,139.7620444217947,decentralized,0.8598017692565918,09LD2813_r5_c6.png
35.671011346777156,139.76207481835254,decentralized,0.8444603085517883,09LD2813_r5_c6.png
35.670941595026925,139.76200885780784,decentralized,0.8372145295143127,09LD2813_r5_c6.png
35.67102299449013,139.76201785369696,decentralized,0.8344038128852844,09LD2813_r5_c6.png
35.67081463332221,139.76170046444315,decentralized,0.8157463669776917,09LD2813_r5_c6.png
35.67077848512806,139.76168092664363,decentralized,0.8053027987480164,09LD2813_r5_c6.png
35.67094060316042,139.76199103918773,decentralized,0.7243804931640625,09LD2813_r5_c6.png
35.67094299357904,139.76200689149658,decentralized,0.4974941909313202,09LD2813_r5_c6.png
35.67097171581897,139.7618996888097,decentralized,0.4066294729709625,09LD2813_r5_c6.png
35.67078964177336,139.76171644911884,CT,0.1541919708251953,09LD2813_r5_c6.png
35.67096879463415,139.7619833136878,decentralized,0.14282970130443573,09LD2813_r5_c6.png
35.67096725075099,139.76226862148835,decentralized,0.9337307214736938,09LD2813_r5_c7.png
35.67099335714056,139.76225541586913,decentralized,0.923286497592926,09LD2813_r5_c7.png
35.67098975108087,139.7622702659131,decentralized,0.9192014932632446,09LD2813_r5_c7.png
35.671089806581556,139.76255227731806,decentralized,0.9184623956680298,09LD2813_r5_c7.png
35.67101009502378,139.762572043246,decentralized,0.9118799567222595,09LD2813_r5_c7.png
35.671071197395214,139.76252748299873,decentralized,0.9093194007873535,09LD2813_r5_c7.png
35.67104512771186,139.7621098003657,decentralized,0.90622878074646,09LD2813_r5_c7.png
35.67100470020795,139.7625862733485,decentralized,0.899724543094635,09LD2813_r5_c7.png
35.67102892490388,139.7625551643565,decentralized,0.8968283534049988,09LD2813_r5_c7.png
35.67108078730636,139.76257042435898,decentralized,0.8893749117851257,09LD2813_r5_c7.png
35.67109248345468,139.76241468935777,decentralized,0.8821417689323425,09LD2813_r5_c7.png
35.67104428239142,139.76253172294358,decentralized,0.8817989230155945,09LD2813_r5_c7.png
35.67106614341661,139.76253223168453,decentralized,0.8798967003822327,09LD2813_r5_c7.png
35.67105994171567,139.76256920243583,decentralized,0.8762941360473633,09LD2813_r5_c7.png
35.67107034412515,139.76258028869393,decentralized,0.8619967699050903,09LD2813_r5_c7.png
35.67109049616001,139.7623548037043,decentralized,0.8565962910652161,09LD2813_r5_c7.png
35.670830099385434,139.76231132064987,decentralized,0.8559120893478394,09LD2813_r5_c7.png
35.67098734207814,139.76262475915988,decentralized,0.8535698652267456,09LD2813_r5_c7.png
35.67107862311162,139.76238389115275,decentralized,0.849724531173706,09LD2813_r5_c7.png
35.67103548941442,139.76256689692823,decentralized,0.831176221370697,09LD2813_r5_c7.png
35.67098860215657,139.76245568666909,decentralized,0.8153331279754639,09LD2813_r5_c7.png
35.67099605659224,139.76263341059223,decentralized,0.7858576774597168,09LD2813_r5_c7.png
35.670973344023786,139.76258802181687,decentralized,0.7525277733802795,09LD2813_r5_c7.png
35.671021157163224,139.76208723611086,decentralized,0.7347825169563293,09LD2813_r5_c7.png
35.6710954842491,139.76211786718702,decentralized,0.7243755459785461,09LD2813_r5_c7.png
35.67103127313905,139.76209555193643,decentralized,0.5987723469734192,09LD2813_r5_c7.png
35.67109477150553,139.7623321881543,decentralized,0.5794847011566162,09LD2813_r5_c7.png
35.67090124809307,139.7621993665842,decentralized,0.5140902996063232,09LD2813_r5_c7.png
35.6710924618343,139.76239785750002,decentralized,0.4961381256580353,09LD2813_r5_c7.png
35.67077342675273,139.7621929054634,decentralized,0.3077375292778015,09LD2813_r5_c7.png
35.67096853033523,139.76254310981145,decentralized,0.27881771326065063,09LD2813_r5_c7.png
35.67096425993752,139.76253344469544,decentralized,0.25119656324386597,09LD2813_r5_c7.png
35.670764865917974,139.76221587967117,decentralized,0.23526829481124878,09LD2813_r5_c7.png
35.671032193498895,139.76261072922267,decentralized,0.20563970506191254,09LD2813_r5_c7.png
35.670910929020735,139.76218592781422,CT,0.19821381568908691,09LD2813_r5_c7.png
35.670768804170706,139.7622038162587,decentralized,0.1611744910478592,09LD2813_r5_c7.png
35.671090158030616,139.76239562730942,decentralized,0.14857381582260132,09LD2813_r5_c7.png
35.6710983757487,139.76211057806995,decentralized,0.14429792761802673,09LD2813_r5_c7.png
35.67109818366417,139.76232846416636,decentralized,0.13711756467819214,09LD2813_r5_c7.png
35.671070502791416,139.76258087094178,decentralized,0.11870146542787552,09LD2813_r5_c7.png
35.670435212752515,139.75983921337556,decentralized,0.7834192514419556,09LD2813_r6_c2.png
35.67042419687272,139.7598200653057,decentralized,0.11013759672641754,09LD2813_r6_c2.png
35.67069381635737,139.7604150349335,decentralized,0.9288777709007263,09LD2813_r6_c3.png
35.670488735467245,139.75989154803236,decentralized,0.9134107232093811,09LD2813_r6_c3.png
35.67058571481312,139.76011183845395,decentralized,0.9127324223518372,09LD2813_r6_c3.png
35.67067823192894,139.76011973438338,decentralized,0.9046106338500977,09LD2813_r6_c3.png
35.670711239712375,139.76015417817194,decentralized,0.9005650877952576,09LD2813_r6_c3.png
35.67055400469821,139.76015771409809,decentralized,0.9004350900650024,09LD2813_r6_c3.png
35.67052323706139,139.76020096034853,decentralized,0.8988171219825745,09LD2813_r6_c3.png
35.670446206823726,139.75991790513785,decentralized,0.8959364295005798,09LD2813_r6_c3.png
35.670611719977565,139.76007467349936,decentralized,0.8925490379333496,09LD2813_r6_c3.png
35.67045927694122,139.7598932973733,decentralized,0.8921355605125427,09LD2813_r6_c3.png
35.67045251136991,139.76001098764954,decentralized,0.8872145414352417,09LD2813_r6_c3.png
35.6705813677664,139.76035375478648,decentralized,0.8768636584281921,09LD2813_r6_c3.png
35.670514969180985,139.76027030116228,decentralized,0.8743165135383606,09LD2813_r6_c3.png
35.67047730895192,139.75998271162516,decentralized,0.8693024516105652,09LD2813_r6_c3.png
35.670601130786885,139.7600905759393,decentralized,0.8677707314491272,09LD2813_r6_c3.png
35.67068586031223,139.76040789355784,decentralized,0.8673905730247498,09LD2813_r6_c3.png
35.67045416073399,139.75988808208706,decentralized,0.8641674518585205,09LD2813_r6_c3.png
35.670521732569874,139.7599588958014,decentralized,0.8576492071151733,09LD2813_r6_c3.png
35.67043919332107,139.75997920804343,decentralized,0.8314088582992554,09LD2813_r6_c3.png
35.670707616366535,139.7603960756818,decentralized,0.7982490658760071,09LD2813_r6_c3.png
35.67054196974556,139.7598792441754,decentralized,0.7910682559013367,09LD2813_r6_c3.png
35.67046329446464,139.75988173963663,decentralized,0.6532590389251709,09LD2813_r6_c3.png
35.67050483384124,139.7599796367332,decentralized,0.41266459226608276,09LD2813_r6_c3.png
35.670600473361205,139.76035830498085,decentralized,0.38856959342956543,09LD2813_r6_c3.png
35.670434020724265,139.75997475634406,decentralized,0.30751311779022217,09LD2813_r6_c3.png
35.67063912247967,139.7603980188416,decentralized,0.28934478759765625,09LD2813_r6_c3.png
35.67043049286162,139.76039479506457,decentralized,0.24097591638565063,09LD2813_r6_c3.png
35.67042556294448,139.75998368657795,decentralized,0.20614679157733917,09LD2813_r6_c3.png
35.670539112145015,139.76029316938752,CT,0.1868833601474762,09LD2813_r6_c3.png
35.67057856984974,139.76033354493094,decentralized,0.12442907691001892,09LD2813_r6_c3.png
35.670433247032555,139.75987754780914,decentralized,0.1216830313205719,09LD2813_r6_c3.png
35.67075676350489,139.76026280123736,decentralized,0.11235122382640839,09LD2813_r6_c3.png
35.670471358697895,139.75987756712868,decentralized,0.10127971321344376,09LD2813_r6_c3.png
35.670511216086666,139.76085053973102,decentralized,0.9253478646278381,09LD2813_r6_c4.png
35.6705911569574,139.76090734965422,decentralized,0.9186583161354065,09LD2813_r6_c4.png
35.67068814433499,139.76070509454289,ACC,0.9141430258750916,09LD2813_r6_c4.png
35.67055338638777,139.76049702793796,decentralized,0.8976548314094543,09LD2813_r6_c4.png
35.670600498380665,139.76091728368738,decentralized,0.8958073854446411,09LD2813_r6_c4.png
35.670697465904105,139.76087536752976,decentralized,0.8894747495651245,09LD2813_r6_c4.png
35.6706171341052,139.76093514789503,decentralized,0.8802431225776672,09LD2813_r6_c4.png
35.670724854445766,139.76090366859745,decentralized,0.8766986727714539,09LD2813_r6_c4.png
35.67052939802076,139.76051327722215,decentralized,0.8730201721191406,09LD2813_r6_c4.png
35.67066005221338,139.76097074431254,decentralized,0.8720477819442749,09LD2813_r6_c4.png
35.67075118011119,139.76047343813912,decentralized,0.8702234625816345,09LD2813_r6_c4.png
35.67049223402265,139.76048214920706,decentralized,0.8581503033638,09LD2813_r6_c4.png
35.670709921087294,139.76089105057144,decentralized,0.8549181222915649,09LD2813_r6_c4.png
35.67067292574457,139.7609761762874,decentralized,0.8470503091812134,09LD2813_r6_c4.png
35.670616153985,139.76055418833286,decentralized,0.8078033328056335,09LD2813_r6_c4.png
35.6705314894435,139.76085535580347,decentralized,0.7841092944145203,09LD2813_r6_c4.png
35.670473778237074,139.7606039216817,decentralized,0.7703166604042053,09LD2813_r6_c4.png
35.670602586154125,139.7609527501816,decentralized,0.718858540058136,09LD2813_r6_c4.png
35.67068872565563,139.76097746224795,decentralized,0.4547403156757355,09LD2813_r6_c4.png
35.67050960527689,139.76097803634426,decentralized,0.12432911992073059,09LD2813_r6_c4.png
35.67068076082486,139.7610129665655,decentralized,0.9134800434112549,09LD2813_r6_c5.png
35.67067612945383,139.760996002491,decentralized,0.8906093835830688,09LD2813_r6_c5.png
35.67073413152714,139.7610548918806,decentralized,0.890305757522583,09LD2813_r6_c5.png
35.670693445781566,139.76101830663586,decentralized,0.8869901299476624,09LD2813_r6_c5.png
35.67072300153395,139.7610471631564,decentralized,0.8865005373954773,09LD2813_r6_c5.png
35.67049014265956,139.76143493788726,decentralized,0.8863546848297119,09LD2813_r6_c5.png
35.67071232545914,139.7610387159755,decentralized,0.8856025338172913,09LD2813_r6_c5.png
35.67070359928633,139.76102793283295,decentralized,0.8797828555107117,09LD2813_r6_c5.png
35.6706641538925,139.76098873885115,decentralized,0.8584578633308411,09LD2813_r6_c5.png
35.67047036156071,139.7614614040486,decentralized,0.8211096525192261,09LD2813_r6_c5.png
35.6706488599175,139.76098633143957,decentralized,0.7986472845077515,09LD2813_r6_c5.png
35.67063451236658,139.7609836039066,decentralized,0.4583524465560913,09LD2813_r6_c5.png
35.67069824350861,139.76098694025043,decentralized,0.28823110461235046,09LD2813_r6_c5.png
35.670618439375794,139.7616117427329,decentralized,0.9207674860954285,09LD2813_r6_c6.png
35.6707274381663,139.76174594430242,decentralized,0.9155193567276001,09LD2813_r6_c6.png
35.67061397055784,139.76197026133786,decentralized,0.9050591588020325,09LD2813_r6_c6.png
35.67058977769771,139.76186410910367,decentralized,0.8943440914154053,09LD2813_r6_c6.png
35.67074704210905,139.76171037701076,decentralized,0.8915571570396423,09LD2813_r6_c6.png
35.67068212665894,139.76171859331302,decentralized,0.8844273090362549,09LD2813_r6_c6.png
35.670597270247825,139.76165705106757,decentralized,0.8787779808044434,09LD2813_r6_c6.png
35.67062657999226,139.7616594774055,decentralized,0.866310715675354,09LD2813_r6_c6.png
35.670688640486645,139.7617342015909,decentralized,0.8622511029243469,09LD2813_r6_c6.png
35.670571475539504,139.76192076252104,decentralized,0.8424011468887329,09LD2813_r6_c6.png
35.67063861563109,139.76164176405197,decentralized,0.8397457003593445,09LD2813_r6_c6.png
35.67063584413101,139.76164777000423,decentralized,0.8337163329124451,09LD2813_r6_c6.png
35.67075489313865,139.76169430831172,decentralized,0.7974534034729004,09LD2813_r6_c6.png
35.670626253476385,139.7616306475427,decentralized,0.7928441762924194,09LD2813_r6_c6.png
35.67067578959105,139.7617345122826,decentralized,0.567976176738739,09LD2813_r6_c6.png
35.67072816525726,139.76196761524926,decentralized,0.5512486100196838,09LD2813_r6_c6.png
35.6707236075573,139.76171892837684,decentralized,0.34757542610168457,09LD2813_r6_c6.png
35.6707223934843,139.76178830658588,decentralized,0.15399867296218872,09LD2813_r6_c6.png
35.67062137274915,139.76159369498902,decentralized,0.11035343259572983,09LD2813_r6_c6.png
35.670759086243294,139.7617347968824,decentralized,0.10472217202186584,09LD2813_r6_c6.png
35.67061837622226,139.76189003141278,decentralized,0.1032620444893837,09LD2813_r6_c6.png
35.67062619298746,139.76262097268585,decentralized,0.934892475605011,09LD2813_r6_c7.png
35.670670588343995,139.76221752307904,decentralized,0.9229423403739929,09LD2813_r6_c7.png
35.67046116430982,139.76245747185826,decentralized,0.919400691986084,09LD2813_r6_c7.png
35.670467423833635,139.7625361731805,decentralized,0.914726972579956,09LD2813_r6_c7.png
35.67073018795332,139.76228120394563,decentralized,0.9143539071083069,09LD2813_r6_c7.png
35.670484976337306,139.76250948946085,decentralized,0.9109203219413757,09LD2813_r6_c7.png
35.670472179911684,139.7624398465699,decentralized,0.9103835225105286,09LD2813_r6_c7.png
35.67063580642768,139.76260352381465,decentralized,0.9079720973968506,09LD2813_r6_c7.png
35.670680836651464,139.762203367605,decentralized,0.894352912902832,09LD2813_r6_c7.png
35.67044761974592,139.76260866573918,decentralized,0.885193407535553,09LD2813_r6_c7.png
35.670657313860005,139.76262489369742,decentralized,0.8810204267501831,09LD2813_r6_c7.png
35.67047051395226,139.76261235228907,decentralized,0.8775507211685181,09LD2813_r6_c7.png
35.670437762368145,139.76263103699452,decentralized,0.8657985925674438,09LD2813_r6_c7.png
35.67063493146268,139.7621558878072,decentralized,0.8617498278617859,09LD2813_r6_c7.png
35.67070055592517,139.7622498950614,decentralized,0.8191118240356445,09LD2813_r6_c7.png
35.67046143871447,139.76261657057293,decentralized,0.4169424772262573,09LD2813_r6_c7.png
35.670722091065265,139.7622949823632,decentralized,0.40444308519363403,09LD2813_r6_c7.png
35.67054946391157,139.76247598535878,decentralized,0.2562902271747589,09LD2813_r6_c7.png
35.67049910538091,139.76248545803432,decentralized,0.15407845377922058,09LD2813_r6_c7.png
35.67075724777111,139.76227789074753,decentralized,0.12460138648748398,09LD2813_r6_c7.png
35.67042677590112,139.76263526960125,decentralized,0.10996893048286438,09LD2813_r6_c7.png
35.67039129853333,139.75981477982646,decentralized,0.9052253365516663,09LD2813_r7_c2.png
35.670394458987914,139.75986692949624,decentralized,0.8770135045051575,09LD2813_r7_c2.png
35.670381069687394,139.75986207150567,decentralized,0.8427959084510803,09LD2813_r7_c2.png
35.670328900832125,139.759817955532,decentralized,0.7747756838798523,09LD2813_r7_c2.png
35.67040342336982,139.75983120821854,decentralized,0.7554454207420349,09LD2813_r7_c2.png
35.670396749595696,139.75984488826785,decentralized,0.5359259247779846,09LD2813_r7_c2.png
35.67038513155519,139.7598650995388,decentralized,0.4030780792236328,09LD2813_r7_c2.png
35.67041855443651,139.75985119750155,decentralized,0.3616846203804016,09LD2813_r7_c2.png
35.67015754198312,139.76029096591935,decentralized,0.9211164116859436,09LD2813_r7_c3.png
35.670297079164435,139.75997734586633,decentralized,0.9207022786140442,09LD2813_r7_c3.png
35.670154614666075,139.7602759580781,decentralized,0.9127437472343445,09LD2813_r7_c3.png
35.67014828106793,139.76034772092055,decentralized,0.9126351475715637,09LD2813_r7_c3.png
35.670360240055764,139.7599084261169,decentralized,0.9113207459449768,09LD2813_r7_c3.png
35.670341897286086,139.75997512314333,decentralized,0.9099291563034058,09LD2813_r7_c3.png
35.67020040175554,139.7603977602089,decentralized,0.9017806649208069,09LD2813_r7_c3.png
35.670247014843866,139.7603488960624,decentralized,0.90092933177948,09LD2813_r7_c3.png
35.67014150262225,139.76024261347018,decentralized,0.899827241897583,09LD2813_r7_c3.png
35.67039273266034,139.76002220965145,decentralized,0.8976978659629822,09LD2813_r7_c3.png
35.67009402470711,139.76031717408205,decentralized,0.8953742384910583,09LD2813_r7_c3.png
35.67037653396434,139.76001118560166,decentralized,0.8905096650123596,09LD2813_r7_c3.png
35.6702799173655,139.76026279471475,decentralized,0.890422523021698,09LD2813_r7_c3.png
35.67035358710933,139.7599475769001,decentralized,0.8873432874679565,09LD2813_r7_c3.png
35.67029170240629,139.760037716465,decentralized,0.8861634135246277,09LD2813_r7_c3.png
35.670302960923195,139.760278622899,decentralized,0.8841461539268494,09LD2813_r7_c3.png
35.6703114233227,139.75994375764313,decentralized,0.8827694058418274,09LD2813_r7_c3.png
35.67020493547204,139.75996290440023,decentralized,0.8827069997787476,09LD2813_r7_c3.png
35.670141372634504,139.76026208007156,decentralized,0.8823116421699524,09LD2813_r7_c3.png
35.67039028574761,139.75991318805725,decentralized,0.8818404674530029,09LD2813_r7_c3.png
35.67026904171368,139.76027493786626,decentralized,0.8798736333847046,09LD2813_r7_c3.png
35.670319271905406,139.75992511226715,decentralized,0.8770954012870789,09LD2813_r7_c3.png
35.670331056623596,139.75996335451447,decentralized,0.8726964592933655,09LD2813_r7_c3.png
35.670376131367775,139.75991746261738,decentralized,0.872039258480072,09LD2813_r7_c3.png
35.67020842807258,139.75997985706752,decentralized,0.8610641956329346,09LD2813_r7_c3.png
35.6703808870533,139.75988883308918,decentralized,0.8534837961196899,09LD2813_r7_c3.png
35.670325899006535,139.7599298634831,decentralized,0.8499695658683777,09LD2813_r7_c3.png
35.6703049823431,139.76001743421193,decentralized,0.8487177491188049,09LD2813_r7_c3.png
35.67018016655778,139.76036445042885,decentralized,0.8439937829971313,09LD2813_r7_c3.png
35.670155980973334,139.76032833999378,decentralized,0.8412460684776306,09LD2813_r7_c3.png
35.67022945474911,139.76028479719704,decentralized,0.8306824564933777,09LD2813_r7_c3.png
35.6702305988093,139.7603723632653,decentralized,0.8238188028335571,09LD2813_r7_c3.png
35.670372254529696,139.75988248502853,decentralized,0.8236072659492493,09LD2813_r7_c3.png
35.67011201277455,139.7602925344776,decentralized,0.8217391967773438,09LD2813_r7_c3.png
35.67031814756378,139.7599360476894,decentralized,0.8201081156730652,09LD2813_r7_c3.png
35.67021806048076,139.75996330857032,decentralized,0.8147825002670288,09LD2813_r7_c3.png
35.670211970240366,139.76036307141524,decentralized,0.7462380528450012,09LD2813_r7_c3.png
35.67027656472612,139.76000959278048,decentralized,0.7242292761802673,09LD2813_r7_c3.png
35.67037469142759,139.7604189233923,CT,0.6927780508995056,09LD2813_r7_c3.png
35.67035019854182,139.75991358561572,decentralized,0.6888157725334167,09LD2813_r7_c3.png
35.67039690344292,139.75988040245403,decentralized,0.6722569465637207,09LD2813_r7_c3.png
35.670393051067435,139.75995537741295,decentralized,0.6715042591094971,09LD2813_r7_c3.png
35.670396530358985,139.75995799955354,decentralized,0.621099591255188,09LD2813_r7_c3.png
35.670130565177544,139.76024249955503,decentralized,0.5978317856788635,09LD2813_r7_c3.png
35.670386860262845,139.7598936747095,decentralized,0.48399415612220764,09LD2813_r7_c3.png
35.67028472558864,139.7602440239479,decentralized,0.36004772782325745,09LD2813_r7_c3.png
35.67039507310993,139.76004842679558,decentralized,0.3011084198951721,09LD2813_r7_c3.png
35.67022700442132,139.7599751974861,CT,0.2980075478553772,09LD2813_r7_c3.png
35.670243326086435,139.76027269369715,decentralized,0.2752401828765869,09LD2813_r7_c3.png
35.670353241057406,139.7604086652414,CT,0.26046109199523926,09LD2813_r7_c3.png
35.670364137501174,139.75988250739988,decentralized,0.21614445745944977,09LD2813_r7_c3.png
35.67008615802975,139.76025316548436,decentralized,0.18723776936531067,09LD2813_r7_c3.png
35.670320377722035,139.75993548948378,decentralized,0.1263883262872696,09LD2813_r7_c3.png
35.67028907522408,139.7605923163653,decentralized,0.9132769703865051,09LD2813_r7_c4.png
35.67027968424266,139.76054482501004,decentralized,0.8966032862663269,09LD2813_r7_c4.png
35.670314015147696,139.76049551655802,decentralized,0.8930816650390625,09LD2813_r7_c4.png
35.670264961647135,139.7605660474669,decentralized,0.8897591233253479,09LD2813_r7_c4.png
35.670139616958046,139.7604406326753,decentralized,0.8788217902183533,09LD2813_r7_c4.png
35.670128970041844,139.76045791091497,decentralized,0.8748732209205627,09LD2813_r7_c4.png
35.6702560627893,139.7605481189397,decentralized,0.859705924987793,09LD2813_r7_c4.png
35.67038852320274,139.76058420281896,decentralized,0.836851179599762,09LD2813_r7_c4.png
35.67029826244659,139.7604879992817,decentralized,0.8145577907562256,09LD2813_r7_c4.png
35.67026679201242,139.76053326007641,decentralized,0.7750006914138794,09LD2813_r7_c4.png
35.670110078935636,139.7604712611598,decentralized,0.7720579504966736,09LD2813_r7_c4.png
35.670133274772546,139.76046557810113,decentralized,0.7454319596290588,09LD2813_r7_c4.png
35.67032797198833,139.7605059149219,decentralized,0.7368853092193604,09LD2813_r7_c4.png
35.67030759942789,139.76047486891704,decentralized,0.7061507105827332,09LD2813_r7_c4.png
35.670356339466274,139.7605254793402,decentralized,0.6951755285263062,09LD2813_r7_c4.png
35.670308310292796,139.76056438737533,decentralized,0.6580514311790466,09LD2813_r7_c4.png
35.67029859443475,139.76051767036705,decentralized,0.5151248574256897,09LD2813_r7_c4.png
35.670341388247216,139.76051934001808,decentralized,0.49690693616867065,09LD2813_r7_c4.png
35.67027668926046,139.76057776289244,decentralized,0.49575290083885193,09LD2813_r7_c4.png
35.67041689187149,139.76045316633505,decentralized,0.4851735532283783,09LD2813_r7_c4.png
35.670326944256544,139.76053935983197,decentralized,0.45999789237976074,09LD2813_r7_c4.png
35.67011910305064,139.76047787293248,decentralized,0.4367016553878784,09LD2813_r7_c4.png
35.67032887801208,139.7605356004351,decentralized,0.3602132797241211,09LD2813_r7_c4.png
35.67011725300733,139.76046153498083,decentralized,0.351489782333374,09LD2813_r7_c4.png
35.67011269600373,139.76046814144587,decentralized,0.31228792667388916,09LD2813_r7_c4.png
35.67028060482384,139.7605173116758,decentralized,0.2256852239370346,09LD2813_r7_c4.png
35.6701429599182,139.7604481322628,decentralized,0.17835865914821625,09LD2813_r7_c4.png
35.670142574423885,139.7604508119296,decentralized,0.17334462702274323,09LD2813_r7_c4.png
35.67033861123334,139.7605527734755,CT,0.16387395560741425,09LD2813_r7_c4.png
35.67033892910596,139.7605524210724,decentralized,0.15358737111091614,09LD2813_r7_c4.png
35.670284953548006,139.76050730475845,decentralized,0.1409521847963333,09LD2813_r7_c4.png
35.670387624602114,139.7613374370962,decentralized,0.9183201193809509,09LD2813_r7_c5.png
35.67036995154826,139.76131937786232,decentralized,0.9144636392593384,09LD2813_r7_c5.png
35.67038609605094,139.7613100941157,decentralized,0.9125005006790161,09LD2813_r7_c5.png
35.67013091636579,139.76099977806282,decentralized,0.9068804383277893,09LD2813_r7_c5.png
35.670202367862466,139.76120548084137,decentralized,0.9014624953269958,09LD2813_r7_c5.png
35.670316059967185,139.76115016837088,decentralized,0.9001036882400513,09LD2813_r7_c5.png
35.67026818936263,139.76118787720134,CT,0.8921751379966736,09LD2813_r7_c5.png
35.67035879005673,139.76128322234712,decentralized,0.881616473197937,09LD2813_r7_c5.png
35.670197530045925,139.7612309644185,decentralized,0.8723731637001038,09LD2813_r7_c5.png
35.67014371374455,139.76149066212687,decentralized,0.863228976726532,09LD2813_r7_c5.png
35.670157994780894,139.7614702635603,decentralized,0.859131395816803,09LD2813_r7_c5.png
35.6703579847569,139.76139565883034,decentralized,0.8562294840812683,09LD2813_r7_c5.png
35.67016255155212,139.76147769461326,decentralized,0.8551487326622009,09LD2813_r7_c5.png
35.670292027241,139.76115934449186,decentralized,0.8335350155830383,09LD2813_r7_c5.png
35.67018744970721,139.76124413715488,decentralized,0.8287418484687805,09LD2813_r7_c5.png
35.670209466143056,139.7615080001583,decentralized,0.8212398886680603,09LD2813_r7_c5.png
35.670100944250045,139.76104870592437,decentralized,0.7611775398254395,09LD2813_r7_c5.png
35.67015062979195,139.7614956402174,decentralized,0.7438803911209106,09LD2813_r7_c5.png
35.67029265685023,139.76131826179042,CT,0.6239063739776611,09LD2813_r7_c5.png
35.670092535034335,139.76106961615756,decentralized,0.6174679398536682,09LD2813_r7_c5.png
35.67008837851099,139.7610607778619,decentralized,0.5574759840965271,09LD2813_r7_c5.png
35.67018080170706,139.76101011529772,decentralized,0.4951247274875641,09LD2813_r7_c5.png
35.67026138401391,139.76133794779957,decentralized,0.41532498598098755,09LD2813_r7_c5.png
35.6703201387742,139.76131222190784,decentralized,0.3856835663318634,09LD2813_r7_c5.png
35.670303728550834,139.76119586786214,decentralized,0.3453751802444458,09LD2813_r7_c5.png
35.670286663646976,139.76136385978177,decentralized,0.28287023305892944,09LD2813_r7_c5.png
35.670189921428495,139.76152881508335,decentralized,0.14601610600948334,09LD2813_r7_c5.png
35.67024040619487,139.7616829322678,decentralized,0.9252448081970215,09LD2813_r7_c6.png
35.670109435826085,139.76167584945756,decentralized,0.9073991775512695,09LD2813_r7_c6.png
35.670322079590825,139.7616639812464,decentralized,0.9059319496154785,09LD2813_r7_c6.png
35.670235582323656,139.76172412392648,decentralized,0.9029620885848999,09LD2813_r7_c6.png
35.670197401628585,139.7617473097484,decentralized,0.9029061198234558,09LD2813_r7_c6.png
35.67025099447277,139.76169333954007,decentralized,0.9023077487945557,09LD2813_r7_c6.png
35.67027946779384,139.76172439759796,decentralized,0.899222195148468,09LD2813_r7_c6.png
35.67029561159268,139.7617015417176,decentralized,0.8989765048027039,09LD2813_r7_c6.png
35.670296100822,139.76164328647985,decentralized,0.8900718688964844,09LD2813_r7_c6.png
35.67025181986956,139.76176418381277,decentralized,0.8774125576019287,09LD2813_r7_c6.png
35.67028844387135,139.76156596847713,decentralized,0.8753684759140015,09LD2813_r7_c6.png
35.670308443753484,139.76158687271328,decentralized,0.8731788992881775,09LD2813_r7_c6.png
35.670101187778386,139.7615776566179,decentralized,0.8708229660987854,09LD2813_r7_c6.png
35.670275548051414,139.76154916342043,decentralized,0.8603624701499939,09LD2813_r7_c6.png
35.67028295234106,139.76159817192604,decentralized,0.8499023914337158,09LD2813_r7_c6.png
35.6702610931697,139.76154107125924,decentralized,0.8419070839881897,09LD2813_r7_c6.png
35.67009074373905,139.7615676618517,decentralized,0.8168548345565796,09LD2813_r7_c6.png
35.6701702407405,139.7617384425198,decentralized,0.8095964789390564,09LD2813_r7_c6.png
35.670181464896835,139.76154884539054,decentralized,0.4991205930709839,09LD2813_r7_c6.png
35.67016499706963,139.76153505815205,decentralized,0.38559606671333313,09LD2813_r7_c6.png
35.6702493068648,139.76153482041713,decentralized,0.31454312801361084,09LD2813_r7_c6.png
35.670086452356536,139.7616937546418,decentralized,0.21739140152931213,09LD2813_r7_c6.png
35.67020974504253,139.76177020807486,decentralized,0.16838423907756805,09LD2813_r7_c6.png
35.67016509219439,139.7615917836647,decentralized,0.155153289437294,09LD2813_r7_c6.png
35.67020052745919,139.76153476516959,decentralized,0.15491355955600739,09LD2813_r7_c6.png
35.67028445986542,139.7624237652167,decentralized,0.9202589988708496,09LD2813_r7_c7.png
35.67034218736478,139.76240152331638,decentralized,0.9179885983467102,09LD2813_r7_c7.png
35.67037223955506,139.762413812629,decentralized,0.9160616397857666,09LD2813_r7_c7.png
35.670139851895335,139.7624440567222,decentralized,0.9131983518600464,09LD2813_r7_c7.png
35.670289907834096,139.7625963779952,decentralized,0.9071944952011108,09LD2813_r7_c7.png
35.670168366637114,139.76247370305666,decentralized,0.9056701064109802,09LD2813_r7_c7.png
35.6703329053207,139.76253997247278,decentralized,0.9048653841018677,09LD2813_r7_c7.png
35.67031728869379,139.76237655218569,decentralized,0.9034751653671265,09LD2813_r7_c7.png
35.67033664374456,139.7626057518343,decentralized,0.8973516821861267,09LD2813_r7_c7.png
35.67021161605466,139.76254947914967,decentralized,0.8890849351882935,09LD2813_r7_c7.png
35.67023715663494,139.7621727756389,decentralized,0.8855463862419128,09LD2813_r7_c7.png
35.67024607651038,139.76215874193835,decentralized,0.8846227526664734,09LD2813_r7_c7.png
35.670298200433386,139.76256121334518,decentralized,0.8833233118057251,09LD2813_r7_c7.png
35.67012734789065,139.7624630147462,decentralized,0.8715670704841614,09LD2813_r7_c7.png
35.67016115260054,139.76249699062535,decentralized,0.8414867520332336,09LD2813_r7_c7.png
35.67029744169502,139.76240659611267,decentralized,0.8315935134887695,09LD2813_r7_c7.png
35.67025749883702,139.76219508001256,decentralized,0.7852748036384583,09LD2813_r7_c7.png
35.67018441815333,139.76252067329128,decentralized,0.7276694178581238,09LD2813_r7_c7.png
35.67027269928346,139.76261493916073,decentralized,0.6645772457122803,09LD2813_r7_c7.png
35.67030568042017,139.76251050250147,ACC,0.6490907669067383,09LD2813_r7_c7.png
35.6702554797385,139.7623842482051,decentralized,0.6163603067398071,09LD2813_r7_c7.png
35.670256738934945,139.76255939977773,decentralized,0.6002533435821533,09LD2813_r7_c7.png
35.670306140323895,139.76251057605603,decentralized,0.5874046087265015,09LD2813_r7_c7.png
35.67023186616788,139.76240656569937,decentralized,0.5236290693283081,09LD2813_r7_c7.png
35.67022554369237,139.7624643760159,decentralized,0.4602713882923126,09LD2813_r7_c7.png
35.67022370619206,139.76249635607968,decentralized,0.4449009895324707,09LD2813_r7_c7.png
35.67015042974454,139.76251857476632,decentralized,0.36374226212501526,09LD2813_r7_c7.png
35.6702671370466,139.7621820383119,decentralized,0.3363349139690399,09LD2813_r7_c7.png
35.67024162188829,139.76239084324348,decentralized,0.26931485533714294,09LD2813_r7_c7.png
35.670421774683966,139.76261096426776,decentralized,0.255802184343338,09LD2813_r7_c7.png
35.6702473361635,139.7624014633532,decentralized,0.23941391706466675,09LD2813_r7_c7.png
35.67038529610889,139.76238451193365,decentralized,0.15103843808174133,09LD2813_r7_c7.png
35.670246656432475,139.76262783544715,decentralized,0.1332954466342926,09LD2813_r7_c7.png
35.67085377079149,139.76298354391773,decentralized,0.9142513275146484,09LD2814_r5_c0.png
35.67082063076146,139.76278759734285,decentralized,0.9116623997688293,09LD2814_r5_c0.png
35.67077908655479,139.762714009674,decentralized,0.9105250239372253,09LD2814_r5_c0.png
35.670927542074665,139.76289144780944,decentralized,0.9092860817909241,09LD2814_r5_c0.png
35.67082028346624,139.76310446765714,decentralized,0.9060428142547607,09LD2814_r5_c0.png
35.67093497360513,139.7628794853589,decentralized,0.900897204875946,09LD2814_r5_c0.png
35.67086558684089,139.7629960616665,decentralized,0.8971191644668579,09LD2814_r5_c0.png
35.67084254936965,139.76297092239489,decentralized,0.8913034796714783,09LD2814_r5_c0.png
35.67099254720525,139.76265701589202,decentralized,0.884037971496582,09LD2814_r5_c0.png
35.67108509610778,139.7627525455973,decentralized,0.8721316456794739,09LD2814_r5_c0.png
35.6708554407909,139.76304224295325,decentralized,0.8121504187583923,09LD2814_r5_c0.png
35.67085807480355,139.762987620048,decentralized,0.7914775013923645,09LD2814_r5_c0.png
35.671009432350715,139.76264804648483,decentralized,0.7825964689254761,09LD2814_r5_c0.png
35.67085393060922,139.76311077923722,decentralized,0.7326621413230896,09LD2814_r5_c0.png
35.670791417598664,139.762897858883,decentralized,0.7183814644813538,09LD2814_r5_c0.png
35.67084619181409,139.76297536277562,decentralized,0.5629187822341919,09LD2814_r5_c0.png
35.67103451689733,139.76318506403348,decentralized,0.5095394849777222,09LD2814_r5_c0.png
35.67080778530385,139.7627745293426,decentralized,0.3923972547054291,09LD2814_r5_c0.png
35.67088716313879,139.76281052115814,decentralized,0.31072625517845154,09LD2814_r5_c0.png
35.67085560019248,139.76277147185672,decentralized,0.2785721719264984,09LD2814_r5_c0.png
35.67094354181696,139.76287007549652,decentralized,0.26382333040237427,09LD2814_r5_c0.png
35.670797682985125,139.76312919337795,decentralized,0.17730434238910675,09LD2814_r5_c0.png
35.67104967642519,139.76316544153687,decentralized,0.1462973654270172,09LD2814_r5_c0.png
35.67083176285264,139.76306933863276,decentralized,0.14190326631069183,09LD2814_r5_c0.png
35.670563440061834,139.76310266780612,decentralized,0.9234028458595276,09LD2814_r6_c0.png
35.67051496868844,139.7631723269091,decentralized,0.9228208065032959,09LD2814_r6_c0.png
35.67053982922734,139.76313641585756,decentralized,0.9180066585540771,09LD2814_r6_c0.png
35.67062558122874,139.76315801296494,decentralized,0.9168573021888733,09LD2814_r6_c0.png
35.67057483348653,139.76311490613313,decentralized,0.9151414036750793,09LD2814_r6_c0.png
35.67055118795885,139.76314841382595,decentralized,0.9113399386405945,09LD2814_r6_c0.png
35.6706097961957,139.7626469284389,decentralized,0.9061139225959778,09LD2814_r6_c0.png
35.67058627189701,139.76312716485282,decentralized,0.8825138211250305,09LD2814_r6_c0.png
35.67053287277399,139.76274739215967,decentralized,0.8784643411636353,09LD2814_r6_c0.png
35.67050950551271,139.76314810646582,decentralized,0.8734270930290222,09LD2814_r6_c0.png
35.670562937889045,139.76315974883994,decentralized,0.8694658875465393,09LD2814_r6_c0.png
35.67052733213454,139.7631825986588,decentralized,0.8615028262138367,09LD2814_r6_c0.png
35.670633922627154,139.76268812168638,decentralized,0.8578422665596008,09LD2814_r6_c0.png
35.670460385707905,139.7628077727088,decentralized,0.8310535550117493,09LD2814_r6_c0.png
35.67049498272144,139.76275583781108,decentralized,0.8302183151245117,09LD2814_r6_c0.png
35.67054290850453,139.7631876432696,decentralized,0.826913058757782,09LD2814_r6_c0.png
35.67043251438469,139.76264199335446,decentralized,0.7742759585380554,09LD2814_r6_c0.png
35.670481852363395,139.7628141302288,decentralized,0.7563683986663818,09LD2814_r6_c0.png
35.67052003176039,139.76313268120387,decentralized,0.754309356212616,09LD2814_r6_c0.png
35.67064649356102,139.76264278377866,decentralized,0.7114193439483643,09LD2814_r6_c0.png
35.6706018092724,139.76316575663577,decentralized,0.7085500359535217,09LD2814_r6_c0.png
35.670623426736014,139.76269224515093,decentralized,0.5703278183937073,09LD2814_r6_c0.png
35.67057534810024,139.7631431186876,decentralized,0.538295567035675,09LD2814_r6_c0.png
35.67051131749529,139.76286907558287,decentralized,0.4213014841079712,09LD2814_r6_c0.png
35.67055946878921,139.76307610373274,decentralized,0.4195060729980469,09LD2814_r6_c0.png
35.6704826822216,139.76277309901386,decentralized,0.3156723976135254,09LD2814_r6_c0.png
35.670477205897924,139.7626396684436,decentralized,0.3049648702144623,09LD2814_r6_c0.png
35.670559586044654,139.76307646376023,decentralized,0.29490119218826294,09LD2814_r6_c0.png
35.670616577971295,139.76314896465718,decentralized,0.20960985124111176,09LD2814_r6_c0.png
35.67044095630239,139.76263944373264,decentralized,0.14924383163452148,09LD2814_r6_c0.png
35.67061749270125,139.762915297738,decentralized,0.12727870047092438,09LD2814_r6_c0.png
35.670754778452995,139.7628583287147,CT,0.12063910067081451,09LD2814_r6_c0.png
35.670623003073224,139.76294864933448,decentralized,0.11922548711299896,09LD2814_r6_c0.png
35.670442515776244,139.7626394535171,decentralized,0.10498163849115372,09LD2814_r6_c0.png
35.670595614311814,139.7631869308342,decentralized,0.10403304547071457,09LD2814_r6_c0.png
35.670531379212264,139.76337615301614,decentralized,0.9223160147666931,09LD2814_r6_c1.png
35.670624376903774,139.7633131266912,decentralized,0.9144473671913147,09LD2814_r6_c1.png
35.67052477329897,139.76321530733202,decentralized,0.9072420001029968,09LD2814_r6_c1.png
35.67066189718199,139.76321936037277,decentralized,0.8918030261993408,09LD2814_r6_c1.png
35.670643072186344,139.76331797506867,decentralized,0.8876520395278931,09LD2814_r6_c1.png
35.67062499895879,139.7632325813692,decentralized,0.875596821308136,09LD2814_r6_c1.png
35.6705126504239,139.76320425527405,decentralized,0.8646872639656067,09LD2814_r6_c1.png
35.670726174706424,139.76367100015685,decentralized,0.8616385459899902,09LD2814_r6_c1.png
35.67053031672248,139.76326513395324,decentralized,0.8614339232444763,09LD2814_r6_c1.png
35.670742337120146,139.76368648091864,decentralized,0.8464522361755371,09LD2814_r6_c1.png
35.67058983568836,139.76322531986946,decentralized,0.8386065363883972,09LD2814_r6_c1.png
35.670512783111306,139.7634302737636,decentralized,0.8376782536506653,09LD2814_r6_c1.png
35.670594236903504,139.7632295592675,decentralized,0.8153946399688721,09LD2814_r6_c1.png
35.67053929239537,139.76319439895192,decentralized,0.7988101840019226,09LD2814_r6_c1.png
35.670737653370935,139.7636736919247,decentralized,0.7906692624092102,09LD2814_r6_c1.png
35.67051907309454,139.76328128692995,decentralized,0.7861776351928711,09LD2814_r6_c1.png
35.67052175630948,139.76319226386522,decentralized,0.7860068678855896,09LD2814_r6_c1.png
35.67059699870451,139.76347847610145,decentralized,0.6541601419448853,09LD2814_r6_c1.png
35.670509511996684,139.7632950659584,decentralized,0.5459830164909363,09LD2814_r6_c1.png
35.67050297581191,139.763193334291,decentralized,0.4051671028137207,09LD2814_r6_c1.png
35.67056955739909,139.763367119751,decentralized,0.3671770393848419,09LD2814_r6_c1.png
35.67059294827754,139.76346724504904,decentralized,0.2915189862251282,09LD2814_r6_c1.png
35.67057192936413,139.76339311699462,decentralized,0.21634994447231293,09LD2814_r6_c1.png
35.67065697984741,139.763234718439,decentralized,0.16596154868602753,09LD2814_r6_c1.png
35.67052661813639,139.7633018147729,decentralized,0.10657766461372375,09LD2814_r6_c1.png
35.6703149491294,139.76298131142866,CT,0.9600762724876404,09LD2814_r7_c0.png
35.670301670057725,139.76300009176185,CT,0.9578584432601929,09LD2814_r7_c0.png
35.67026248784473,139.76305613627324,CT,0.9527605772018433,09LD2814_r7_c0.png
35.6702499510154,139.76307602338736,CT,0.9522287845611572,09LD2814_r7_c0.png
35.67027556701256,139.76303747327768,CT,0.9459096789360046,09LD2814_r7_c0.png
35.6702886171838,139.76301888008211,CT,0.9411500692367554,09LD2814_r7_c0.png
35.67041064014238,139.7630004479935,decentralized,0.8910325169563293,09LD2814_r7_c0.png
35.67022073573841,139.76301531651498,decentralized,0.8908497095108032,09LD2814_r7_c0.png
35.670183411996014,139.76303971396908,decentralized,0.8863523602485657,09LD2814_r7_c0.png
35.67021451191234,139.76303946846178,decentralized,0.8747336268424988,09LD2814_r7_c0.png
35.670222503214006,139.76308493765956,decentralized,0.8048193454742432,09LD2814_r7_c0.png
35.670233256391995,139.76309362755757,decentralized,0.7940382957458496,09LD2814_r7_c0.png
35.6702616994343,139.76314883919198,decentralized,0.7903388738632202,09LD2814_r7_c0.png
35.67040992821671,139.76270212932664,decentralized,0.4921771287918091,09LD2814_r7_c0.png
35.670421027096495,139.7626714172042,decentralized,0.2327323853969574,09LD2814_r7_c0.png
35.67023301059201,139.76309364311112,decentralized,0.1512787640094757,09LD2814_r7_c0.png
35.670411346331555,139.76271542462618,decentralized,0.11571694165468216,09LD2814_r7_c0.png
35.67031367185745,139.76348166516834,decentralized,0.8988041877746582,09LD2814_r7_c1.png
35.670326038422985,139.7634659923819,decentralized,0.8873427510261536,09LD2814_r7_c1.png
35.67012870687642,139.76339969187697,decentralized,0.755908727645874,09LD2814_r7_c1.png
35.670290711988216,139.76344774468745,decentralized,0.516171932220459,09LD2814_r7_c1.png
35.67008761325964,139.76338243267082,decentralized,0.2568688690662384,09LD2814_r7_c1.png
35.669856090868855,139.7596027653197,decentralized,0.9130116701126099,09LD2823_r0_c2.png
35.66988647718526,139.75955969341194,decentralized,0.9021282196044922,09LD2823_r0_c2.png
35.66998164568238,139.75970034495745,decentralized,0.9000933170318604,09LD2823_r0_c2.png
35.669966303630524,139.75972196154294,decentralized,0.8941030502319336,09LD2823_r0_c2.png
35.670000081780444,139.75985662520665,decentralized,0.8890767693519592,09LD2823_r0_c2.png
35.66987049755952,139.75958178608573,decentralized,0.8874198794364929,09LD2823_r0_c2.png
35.669848341247345,139.75968487798744,decentralized,0.887352466583252,09LD2823_r0_c2.png
35.67002594366646,139.75982660693393,decentralized,0.8841663599014282,09LD2823_r0_c2.png
35.669875075284295,139.75953930915372,decentralized,0.8806583285331726,09LD2823_r0_c2.png
35.66999252024039,139.75967675953567,decentralized,0.8705158233642578,09LD2823_r0_c2.png
35.67004046251137,139.7598037430482,decentralized,0.8620008826255798,09LD2823_r0_c2.png
35.66993330399534,139.75971775246268,decentralized,0.8604412078857422,09LD2823_r0_c2.png
35.670015261309565,139.75983794327365,decentralized,0.8552134037017822,09LD2823_r0_c2.png
35.669855473263006,139.7595675491151,decentralized,0.8513388633728027,09LD2823_r0_c2.png
35.66993077833329,139.7596865575277,decentralized,0.8447924852371216,09LD2823_r0_c2.png
35.66983980091161,139.75951307758075,decentralized,0.7235299944877625,09LD2823_r0_c2.png
35.66990251625044,139.75953737522008,decentralized,0.6346429586410522,09LD2823_r0_c2.png
35.66994721541636,139.7597318689711,decentralized,0.6227682828903198,09LD2823_r0_c2.png
35.66983862417008,139.75959017863943,decentralized,0.6090705394744873,09LD2823_r0_c2.png
35.6699409353857,139.75965656825397,decentralized,0.47240176796913147,09LD2823_r0_c2.png
35.66995472551826,139.7596680763588,decentralized,0.41895338892936707,09LD2823_r0_c2.png
35.66979549771029,139.75947702079168,decentralized,0.4088490307331085,09LD2823_r0_c2.png
35.669937260253405,139.75966126097362,decentralized,0.3935009241104126,09LD2823_r0_c2.png
35.66994415658998,139.75965853680896,decentralized,0.39324137568473816,09LD2823_r0_c2.png
35.669917281823345,139.7597012763885,decentralized,0.30139318108558655,09LD2823_r0_c2.png
35.66993753739524,139.75968412916484,decentralized,0.2904045879840851,09LD2823_r0_c2.png
35.669950580615414,139.75967559082923,decentralized,0.2647385895252228,09LD2823_r0_c2.png
35.66996213731643,139.7596426399196,decentralized,0.25883620977401733,09LD2823_r0_c2.png
35.669962230373045,139.75964254669242,ACC,0.20843839645385742,09LD2823_r0_c2.png
35.66997632787019,139.75971357585865,decentralized,0.19108960032463074,09LD2823_r0_c2.png
35.66995824960121,139.75963516809077,decentralized,0.17421144247055054,09LD2823_r0_c2.png
35.6697475657931,139.75959003534982,decentralized,0.14094673097133636,09LD2823_r0_c2.png
35.67000002382963,139.7598726320483,decentralized,0.11343953013420105,09LD2823_r0_c2.png
35.670005476183505,139.7603633550825,decentralized,0.927465558052063,09LD2823_r0_c3.png
35.66978126318599,139.7599337489531,decentralized,0.9220251441001892,09LD2823_r0_c3.png
35.67003291353583,139.7603318617868,decentralized,0.9148217439651489,09LD2823_r0_c3.png
35.670012150022345,139.7602347167838,decentralized,0.9092589020729065,09LD2823_r0_c3.png
35.669817823887406,139.76006895891757,decentralized,0.8971417546272278,09LD2823_r0_c3.png
35.67001870582108,139.76032993334297,decentralized,0.8889893293380737,09LD2823_r0_c3.png
35.66986299233799,139.76013135535007,decentralized,0.8810522556304932,09LD2823_r0_c3.png
35.670010390732635,139.7603450373901,decentralized,0.8806157112121582,09LD2823_r0_c3.png
35.67000199792791,139.76033034016885,decentralized,0.8783092498779297,09LD2823_r0_c3.png
35.67001780010034,139.76035342641302,decentralized,0.8683260679244995,09LD2823_r0_c3.png
35.670050959616184,139.76034866727176,decentralized,0.8543972373008728,09LD2823_r0_c3.png
35.6697679594953,139.75995258661618,decentralized,0.851847231388092,09LD2823_r0_c3.png
35.670010632364395,139.75988963299903,decentralized,0.8438405394554138,09LD2823_r0_c3.png
35.670028701434084,139.76035774958723,decentralized,0.8436985611915588,09LD2823_r0_c3.png
35.67007425376391,139.7603449985365,decentralized,0.81302410364151,09LD2823_r0_c3.png
35.670034968564686,139.76034889342802,decentralized,0.7556860446929932,09LD2823_r0_c3.png
35.67002654201862,139.76036097753345,decentralized,0.7018254995346069,09LD2823_r0_c3.png
35.66974931535913,139.75990741390277,decentralized,0.6922591328620911,09LD2823_r0_c3.png
35.6700407015275,139.76031021621088,decentralized,0.6822179555892944,09LD2823_r0_c3.png
35.67002015758731,139.75988049708633,decentralized,0.6145980358123779,09LD2823_r0_c3.png
35.67003804619343,139.76034414312767,decentralized,0.39921215176582336,09LD2823_r0_c3.png
35.67000094455294,139.76037380695576,decentralized,0.3979494869709015,09LD2823_r0_c3.png
35.66975675229666,139.75997913450192,decentralized,0.26705682277679443,09LD2823_r0_c3.png
35.66999473954098,139.75987981482058,decentralized,0.23498451709747314,09LD2823_r0_c3.png
35.669767733900045,139.7599574546174,decentralized,0.19271326065063477,09LD2823_r0_c3.png
35.67000087060832,139.7603735395651,decentralized,0.1512531191110611,09LD2823_r0_c3.png
35.67001024768633,139.76034408564092,decentralized,0.14578987658023834,09LD2823_r0_c3.png
35.67003274201051,139.76029837696257,decentralized,0.13630667328834534,09LD2823_r0_c3.png
35.66997223322378,139.76080676098795,decentralized,0.9325320720672607,09LD2823_r0_c4.png
35.66976282889014,139.760758129968,decentralized,0.9324138164520264,09LD2823_r0_c4.png
35.66977127570667,139.76074583763,decentralized,0.9083422422409058,09LD2823_r0_c4.png
35.6699349291718,139.76096052245242,decentralized,0.9062519669532776,09LD2823_r0_c4.png
35.66997111943082,139.7609257071848,decentralized,0.9060214757919312,09LD2823_r0_c4.png
35.670016068243235,139.760806089638,decentralized,0.8997485637664795,09LD2823_r0_c4.png
35.670031484000646,139.76091389260688,decentralized,0.8931578993797302,09LD2823_r0_c4.png
35.67003099650928,139.7609383846741,decentralized,0.8887060284614563,09LD2823_r0_c4.png
35.66994208910855,139.76084942390057,decentralized,0.8886722922325134,09LD2823_r0_c4.png
35.66995057287721,139.7607802023428,decentralized,0.8819915056228638,09LD2823_r0_c4.png
35.669936398856976,139.76093467214778,decentralized,0.8645358085632324,09LD2823_r0_c4.png
35.67005631867442,139.76094161695167,decentralized,0.8387367725372314,09LD2823_r0_c4.png
35.669792947290624,139.76071399936112,decentralized,0.8277267217636108,09LD2823_r0_c4.png
35.6700160754841,139.76094914217805,decentralized,0.7276343703269958,09LD2823_r0_c4.png
35.66980539784978,139.76069718739038,decentralized,0.6806451082229614,09LD2823_r0_c4.png
35.66997288586347,139.7609085370805,decentralized,0.5520684123039246,09LD2823_r0_c4.png
35.66982013288896,139.76076817924877,CT,0.5456708073616028,09LD2823_r0_c4.png
35.669980679737506,139.760823644793,decentralized,0.5232998728752136,09LD2823_r0_c4.png
35.66978113694547,139.76073031190248,decentralized,0.4611392319202423,09LD2823_r0_c4.png
35.670076389006596,139.76097550537773,CT,0.2829784154891968,09LD2823_r0_c4.png
35.669919642130154,139.7609791423929,decentralized,0.2722485065460205,09LD2823_r0_c4.png
35.67007609659124,139.7609776675898,decentralized,0.24865607917308807,09LD2823_r0_c4.png
35.6700207603501,139.76082725496227,decentralized,0.13795557618141174,09LD2823_r0_c4.png
35.670023183470626,139.7609047734276,decentralized,0.1275157332420349,09LD2823_r0_c4.png
35.67005190329443,139.76091651729308,decentralized,0.11241433769464493,09LD2823_r0_c4.png
35.67005886358316,139.76110680806858,decentralized,0.8888845443725586,09LD2823_r0_c5.png
35.670020497433086,139.76107661447128,decentralized,0.8721039891242981,09LD2823_r0_c5.png
35.669940564845405,139.76128061760727,decentralized,0.8649352192878723,09LD2823_r0_c5.png
35.670064743374496,139.76101570237458,decentralized,0.8628011345863342,09LD2823_r0_c5.png
35.67004049379985,139.76109692090546,decentralized,0.8443242311477661,09LD2823_r0_c5.png
35.67007283809792,139.76102453965035,decentralized,0.790072500705719,09LD2823_r0_c5.png
35.670081753201515,139.76114311667993,decentralized,0.46482449769973755,09LD2823_r0_c5.png
35.669827188907526,139.7612582650567,decentralized,0.45594799518585205,09LD2823_r0_c5.png
35.669838695654796,139.76127028758296,decentralized,0.24003110826015472,09LD2823_r0_c5.png
35.67000057383168,139.76153078812544,decentralized,0.23899242281913757,09LD2823_r0_c5.png
35.67001978911826,139.7610642653098,decentralized,0.18323875963687897,09LD2823_r0_c5.png
35.669986322394664,139.7609830465743,decentralized,0.14807356894016266,09LD2823_r0_c5.png
35.67004718576602,139.7610755549551,decentralized,0.12156196683645248,09LD2823_r0_c5.png
35.67001738909437,139.7615684765832,decentralized,0.9218228459358215,09LD2823_r0_c6.png
35.669793727282,139.76166625279302,decentralized,0.9215633869171143,09LD2823_r0_c6.png
35.66982652325099,139.76205315057138,decentralized,0.9187664985656738,09LD2823_r0_c6.png
35.66988631929758,139.76182630768253,CT,0.9117423892021179,09LD2823_r0_c6.png
35.6699073734249,139.76184849820535,CT,0.9107787013053894,09LD2823_r0_c6.png
35.67006571456889,139.76166021675266,decentralized,0.909565806388855,09LD2823_r0_c6.png
35.670023790657915,139.76155555285843,decentralized,0.9076329469680786,09LD2823_r0_c6.png
35.67007761938278,139.7615880866605,decentralized,0.905585527420044,09LD2823_r0_c6.png
35.669874966972685,139.76175110692088,decentralized,0.9052579402923584,09LD2823_r0_c6.png
35.66999038054905,139.76158320421578,decentralized,0.9023118019104004,09LD2823_r0_c6.png
35.66976831099883,139.76207130985472,decentralized,0.8997439742088318,09LD2823_r0_c6.png
35.66999528358657,139.76156632948647,decentralized,0.8994673490524292,09LD2823_r0_c6.png
35.6698073774198,139.7619762216342,decentralized,0.8983709812164307,09LD2823_r0_c6.png
35.66975672863726,139.76167965023419,decentralized,0.8945886492729187,09LD2823_r0_c6.png
35.67002455943617,139.7620328879573,decentralized,0.8920416235923767,09LD2823_r0_c6.png
35.670017606288454,139.76154817114087,decentralized,0.888731837272644,09LD2823_r0_c6.png
35.67005726895309,139.7620631689836,decentralized,0.8884178400039673,09LD2823_r0_c6.png
35.669767477125355,139.76189558957842,decentralized,0.8880579471588135,09LD2823_r0_c6.png
35.66976933195185,139.76187288659563,decentralized,0.8875533938407898,09LD2823_r0_c6.png
35.67003721923745,139.76204121216142,decentralized,0.8832723498344421,09LD2823_r0_c6.png
35.6697520890582,139.76188641808832,decentralized,0.8787626624107361,09LD2823_r0_c6.png
35.66978122143763,139.76168917263124,decentralized,0.8759500980377197,09LD2823_r0_c6.png
35.67004585103712,139.76205396335718,decentralized,0.8751556873321533,09LD2823_r0_c6.png
35.669941848722466,139.76189653641015,decentralized,0.8748668432235718,09LD2823_r0_c6.png
35.669948744854565,139.76185020626792,decentralized,0.8736909031867981,09LD2823_r0_c6.png
35.669848663935575,139.76178629295075,decentralized,0.8661021590232849,09LD2823_r0_c6.png
35.66990566104449,139.76191525859463,decentralized,0.8560968637466431,09LD2823_r0_c6.png
35.67001344357415,139.7615867726181,decentralized,0.8552192449569702,09LD2823_r0_c6.png
35.66982142177842,139.76177863131628,decentralized,0.8411536812782288,09LD2823_r0_c6.png
35.67007987067194,139.76168840011573,decentralized,0.8210067749023438,09LD2823_r0_c6.png
35.67007933173992,139.76160808531174,decentralized,0.7735721468925476,09LD2823_r0_c6.png
35.66992159966749,139.76190426373225,decentralized,0.7733396291732788,09LD2823_r0_c6.png
35.669787722097965,139.76168030638277,decentralized,0.4370240271091461,09LD2823_r0_c6.png
35.66980669241558,139.7616998569118,decentralized,0.3653944134712219,09LD2823_r0_c6.png
35.66981130315629,139.76170703276085,decentralized,0.3518359959125519,09LD2823_r0_c6.png
35.66994236326563,139.76182557924596,decentralized,0.3232431411743164,09LD2823_r0_c6.png
35.669783795030774,139.76178479542736,decentralized,0.28061628341674805,09LD2823_r0_c6.png
35.66986536399203,139.7620173626972,decentralized,0.2781785726547241,09LD2823_r0_c6.png
35.669922996013725,139.76177664402383,decentralized,0.2676200270652771,09LD2823_r0_c6.png
35.66984454471299,139.76171892669788,decentralized,0.23866324126720428,09LD2823_r0_c6.png
35.669892150634276,139.76208264794374,decentralized,0.12264956533908844,09LD2823_r0_c6.png
35.66976746311489,139.76230990127183,decentralized,0.9132604002952576,09LD2823_r0_c7.png
35.66994632867141,139.7622036805861,decentralized,0.9070951342582703,09LD2823_r0_c7.png
35.669922744564296,139.76220901764307,decentralized,0.8971899747848511,09LD2823_r0_c7.png
35.66995157961533,139.76259383180277,decentralized,0.8887560963630676,09LD2823_r0_c7.png
35.66994190012507,139.76222068921894,decentralized,0.8875535130500793,09LD2823_r0_c7.png
35.66993560729402,139.76262797635417,decentralized,0.8765022158622742,09LD2823_r0_c7.png
35.66994868558512,139.76261624586206,decentralized,0.8644030690193176,09LD2823_r0_c7.png
35.66977580017407,139.76228530855568,decentralized,0.8584413528442383,09LD2823_r0_c7.png
35.669754690806805,139.76236145215543,decentralized,0.8455299735069275,09LD2823_r0_c7.png
35.66992699950822,139.76219755066455,decentralized,0.8428962230682373,09LD2823_r0_c7.png
35.66997099185649,139.76261370253073,decentralized,0.8191267251968384,09LD2823_r0_c7.png
35.67000674363459,139.7626231210887,decentralized,0.8161680698394775,09LD2823_r0_c7.png
35.66997834916329,139.76259434960664,decentralized,0.8155389428138733,09LD2823_r0_c7.png
35.66983741832489,139.76211703521037,decentralized,0.8116359114646912,09LD2823_r0_c7.png
35.66975045739269,139.76235164884943,decentralized,0.8058266043663025,09LD2823_r0_c7.png
35.66987002969083,139.7622318503764,decentralized,0.7955442070960999,09LD2823_r0_c7.png
35.66996491702283,139.76257917012862,decentralized,0.7609095573425293,09LD2823_r0_c7.png
35.66988735113249,139.76208937546673,decentralized,0.6309653520584106,09LD2823_r0_c7.png
35.66993076679219,139.76223707740672,decentralized,0.6139710545539856,09LD2823_r0_c7.png
35.66991620361217,139.76263366158574,decentralized,0.591839075088501,09LD2823_r0_c7.png
35.670041202723645,139.76208839573172,decentralized,0.47304919362068176,09LD2823_r0_c7.png
35.66999317558248,139.76260935897102,decentralized,0.41007956862449646,09LD2823_r0_c7.png
35.66999611860098,139.76263463206067,decentralized,0.40841221809387207,09LD2823_r0_c7.png
35.66996732338648,139.76261014662862,decentralized,0.3861147165298462,09LD2823_r0_c7.png
35.66993697137084,139.76220103302754,decentralized,0.34627565741539,09LD2823_r0_c7.png
35.66998163241241,139.76262486586694,decentralized,0.3055327832698822,09LD2823_r0_c7.png
35.66993714797311,139.76220078138337,decentralized,0.21992158889770508,09LD2823_r0_c7.png
35.66974877773779,139.7623261656241,decentralized,0.16906386613845825,09LD2823_r0_c7.png
35.669939390604654,139.7622246185042,decentralized,0.16032594442367554,09LD2823_r0_c7.png
35.66983876215032,139.76230656926174,decentralized,0.15543919801712036,09LD2823_r0_c7.png
35.669958197837786,139.76262572639288,decentralized,0.14752303063869476,09LD2823_r0_c7.png
35.669928587958736,139.76219986046038,decentralized,0.14054454863071442,09LD2823_r0_c7.png
35.669783867456395,139.76229320073324,decentralized,0.14017631113529205,09LD2823_r0_c7.png
35.669791621759956,139.76208989590577,decentralized,0.12287404388189316,09LD2823_r0_c7.png
35.669808361378564,139.7621086970156,decentralized,0.11118630319833755,09LD2823_r0_c7.png
35.66950173398491,139.75930150975455,decentralized,0.665803849697113,09LD2823_r1_c1.png
35.66941924438505,139.75902789466707,decentralized,0.49781695008277893,09LD2823_r1_c1.png
35.66963738545157,139.759444832393,CT,0.9413992166519165,09LD2823_r1_c2.png
35.66973346098986,139.75957552515797,decentralized,0.9408645629882812,09LD2823_r1_c2.png
35.66965975702211,139.75948110874918,decentralized,0.9360014796257019,09LD2823_r1_c2.png
35.669700823603776,139.759764899752,decentralized,0.9349294900894165,09LD2823_r1_c2.png
35.66968253110724,139.75979082668368,decentralized,0.9330774545669556,09LD2823_r1_c2.png
35.66962812857903,139.75951641615964,decentralized,0.9304667115211487,09LD2823_r1_c2.png
35.66970559620768,139.75981436176482,decentralized,0.9233759045600891,09LD2823_r1_c2.png
35.669553758161335,139.7597608019749,decentralized,0.9215842485427856,09LD2823_r1_c2.png
35.66941898981001,139.75936693487827,decentralized,0.9188090562820435,09LD2823_r1_c2.png
35.66945385009143,139.75958971330078,decentralized,0.91764897108078,09LD2823_r1_c2.png
35.66953455727306,139.75974237363081,decentralized,0.9166405200958252,09LD2823_r1_c2.png
35.66971219870518,139.75955294343882,decentralized,0.9146278500556946,09LD2823_r1_c2.png
35.66943549129742,139.75938451034452,decentralized,0.9088514447212219,09LD2823_r1_c2.png
35.66943338785404,139.7595990469501,decentralized,0.9084778428077698,09LD2823_r1_c2.png
35.66963965478442,139.75948027805447,decentralized,0.9071629047393799,09LD2823_r1_c2.png
35.66942363360195,139.7596136762484,decentralized,0.9066921472549438,09LD2823_r1_c2.png
35.66970784137698,139.7597745932971,decentralized,0.9045262336730957,09LD2823_r1_c2.png
35.66973912091449,139.75960088114576,decentralized,0.8996180295944214,09LD2823_r1_c2.png
35.66962905293175,139.75941199983282,decentralized,0.8981500267982483,09LD2823_r1_c2.png
35.66947983660545,139.75964550043975,decentralized,0.8963601589202881,09LD2823_r1_c2.png
35.66943006143867,139.7594036431033,decentralized,0.8955118656158447,09LD2823_r1_c2.png
35.66971112244047,139.75979721261726,decentralized,0.8953158259391785,09LD2823_r1_c2.png
35.66969288843915,139.75954086667028,decentralized,0.8948941230773926,09LD2823_r1_c2.png
35.669660786429084,139.75938755167874,decentralized,0.8942503929138184,09LD2823_r1_c2.png
35.669629309027144,139.75939620384906,decentralized,0.8924412131309509,09LD2823_r1_c2.png
35.66944505233744,139.75958134102254,decentralized,0.8916478753089905,09LD2823_r1_c2.png
35.669553018820444,139.75940871994206,decentralized,0.8903453946113586,09LD2823_r1_c2.png
35.66952417876113,139.75940158829047,decentralized,0.8892719149589539,09LD2823_r1_c2.png
35.669418783460436,139.75941789092474,decentralized,0.888687252998352,09LD2823_r1_c2.png
35.669601964317785,139.75943321251046,decentralized,0.8885798454284668,09LD2823_r1_c2.png
35.66942298080267,139.75934294540315,decentralized,0.8884395360946655,09LD2823_r1_c2.png
35.669416804360345,139.75952556190958,decentralized,0.8849079608917236,09LD2823_r1_c2.png
35.66942177889538,139.75939451554873,decentralized,0.8826932907104492,09LD2823_r1_c2.png
35.66960562557525,139.75945727295152,decentralized,0.8823029398918152,09LD2823_r1_c2.png
35.66956987437573,139.75940800370188,decentralized,0.8800473809242249,09LD2823_r1_c2.png
35.669411091129376,139.75962424878577,decentralized,0.879997968673706,09LD2823_r1_c2.png
35.66965345141675,139.75939751855006,decentralized,0.8754226565361023,09LD2823_r1_c2.png
35.66946672887936,139.7596041297622,decentralized,0.8716586232185364,09LD2823_r1_c2.png
35.66953992573875,139.75940960508996,decentralized,0.8701248168945312,09LD2823_r1_c2.png
35.66965610517878,139.75954447710913,decentralized,0.8648440837860107,09LD2823_r1_c2.png
35.66942772674051,139.7595380309516,decentralized,0.8604757189750671,09LD2823_r1_c2.png
35.66969407278288,139.75955209786108,decentralized,0.8582795262336731,09LD2823_r1_c2.png
35.669699120478256,139.75953461823877,decentralized,0.8571774959564209,09LD2823_r1_c2.png
35.669456041829164,139.7596195060129,decentralized,0.847194254398346,09LD2823_r1_c2.png
35.6694126691612,139.7593859170427,decentralized,0.8459048271179199,09LD2823_r1_c2.png
35.66956467105837,139.75949657797875,decentralized,0.8426768779754639,09LD2823_r1_c2.png
35.66963926677995,139.75939403494667,decentralized,0.8332000970840454,09LD2823_r1_c2.png
35.669530818187,139.75941596278645,decentralized,0.8289435505867004,09LD2823_r1_c2.png
35.66953644175921,139.75942528677064,decentralized,0.809478223323822,09LD2823_r1_c2.png
35.66960323268627,139.759476187768,decentralized,0.7989234924316406,09LD2823_r1_c2.png
35.66953517290396,139.75942888462876,decentralized,0.7810590267181396,09LD2823_r1_c2.png
35.66968773890874,139.7595754085272,decentralized,0.7657473683357239,09LD2823_r1_c2.png
35.66969293293797,139.75980058795048,decentralized,0.7294918894767761,09LD2823_r1_c2.png
35.669665023549705,139.7595758951973,decentralized,0.7054506540298462,09LD2823_r1_c2.png
35.66968463247173,139.75944812112542,decentralized,0.703234076499939,09LD2823_r1_c2.png
35.669722322443,139.75958080392684,decentralized,0.700456976890564,09LD2823_r1_c2.png
35.66961606988984,139.75951639151174,decentralized,0.6971353888511658,09LD2823_r1_c2.png
35.6696688488934,139.75954099007714,decentralized,0.6588463187217712,09LD2823_r1_c2.png
35.66941506901726,139.75950933374176,decentralized,0.5920960307121277,09LD2823_r1_c2.png
35.6695184026164,139.75987471165746,decentralized,0.5250108242034912,09LD2823_r1_c2.png
35.66974373305103,139.75958943750095,decentralized,0.4727085828781128,09LD2823_r1_c2.png
35.66967426501128,139.7598729534668,decentralized,0.44251275062561035,09LD2823_r1_c2.png
35.66956297890117,139.7596840758748,CT,0.42175501585006714,09LD2823_r1_c2.png
35.669676685684394,139.7594989486668,decentralized,0.41932985186576843,09LD2823_r1_c2.png
35.669408899709694,139.75937613330407,decentralized,0.4175434410572052,09LD2823_r1_c2.png
35.66962528059864,139.75949838795603,decentralized,0.4029553234577179,09LD2823_r1_c2.png
35.669695864335694,139.75949647032792,decentralized,0.39371901750564575,09LD2823_r1_c2.png
35.66951760935596,139.75940990777687,decentralized,0.3249524235725403,09LD2823_r1_c2.png
35.669493304738886,139.7596331692979,decentralized,0.3167811930179596,09LD2823_r1_c2.png
35.66969678334628,139.75953723911832,decentralized,0.30921128392219543,09LD2823_r1_c2.png
35.669681155631274,139.75987449013783,decentralized,0.19781437516212463,09LD2823_r1_c2.png
35.66949321333027,139.7596333484165,decentralized,0.18076463043689728,09LD2823_r1_c2.png
35.66958501487263,139.7594149393909,decentralized,0.1784946769475937,09LD2823_r1_c2.png
35.66942459261893,139.76035479599187,decentralized,0.9475770592689514,09LD2823_r1_c3.png
35.669709384084996,139.7599126014657,decentralized,0.93895024061203,09LD2823_r1_c3.png
35.66971809322385,139.7599453173774,decentralized,0.9344940185546875,09LD2823_r1_c3.png
35.669457133645835,139.76024782558378,decentralized,0.9264159798622131,09LD2823_r1_c3.png
35.6695473338694,139.76036415386454,decentralized,0.9241291880607605,09LD2823_r1_c3.png
35.66959873015601,139.76040316104823,decentralized,0.922458827495575,09LD2823_r1_c3.png
35.669420335173534,139.7604169728732,decentralized,0.9128581881523132,09LD2823_r1_c3.png
35.6697028983548,139.7600225333986,decentralized,0.9006665349006653,09LD2823_r1_c3.png
35.669697450612226,139.75992346309582,decentralized,0.9002346396446228,09LD2823_r1_c3.png
35.66944385534863,139.76026783989042,decentralized,0.8987419009208679,09LD2823_r1_c3.png
35.66973534811616,139.75991772210511,decentralized,0.8968285918235779,09LD2823_r1_c3.png
35.66953764512445,139.7603112227638,decentralized,0.8964965343475342,09LD2823_r1_c3.png
35.66966909442808,139.7599863128471,decentralized,0.8880942463874817,09LD2823_r1_c3.png
35.66944084664661,139.76023119251875,decentralized,0.8864234685897827,09LD2823_r1_c3.png
35.6694310735617,139.76019925465653,decentralized,0.88148432970047,09LD2823_r1_c3.png
35.669730818230256,139.75988925771952,decentralized,0.868898868560791,09LD2823_r1_c3.png
35.66972129005877,139.75990283276025,decentralized,0.8582503199577332,09LD2823_r1_c3.png
35.66957909065733,139.76035855786282,decentralized,0.8565955758094788,09LD2823_r1_c3.png
35.669431974696586,139.76040318324482,decentralized,0.834430992603302,09LD2823_r1_c3.png
35.669740608713155,139.75996395749652,decentralized,0.8146959543228149,09LD2823_r1_c3.png
35.66956004108535,139.76040764038552,decentralized,0.8025063872337341,09LD2823_r1_c3.png
35.66941875871469,139.76033517561297,decentralized,0.7991254329681396,09LD2823_r1_c3.png
35.669630999583696,139.75994565819605,decentralized,0.7396761178970337,09LD2823_r1_c3.png
35.66967329550102,139.75988123873196,decentralized,0.7305344343185425,09LD2823_r1_c3.png
35.66957585532636,139.76042372921825,decentralized,0.719372570514679,09LD2823_r1_c3.png
35.66941414011196,139.7601973195676,decentralized,0.7175280451774597,09LD2823_r1_c3.png
35.669461764763525,139.7602613753958,decentralized,0.7091793417930603,09LD2823_r1_c3.png
35.66955953446936,139.76040710798964,decentralized,0.660378098487854,09LD2823_r1_c3.png
35.669442307311535,139.76038405757924,decentralized,0.62994384765625,09LD2823_r1_c3.png
35.66944765669173,139.76035465128328,decentralized,0.557157039642334,09LD2823_r1_c3.png
35.66974077174567,139.75988059622696,decentralized,0.37451237440109253,09LD2823_r1_c3.png
35.66955431258112,139.76042614270136,decentralized,0.30505576729774475,09LD2823_r1_c3.png
35.6696391584559,139.76042057227158,decentralized,0.28368648886680603,09LD2823_r1_c3.png
35.669509229458136,139.76036002314765,decentralized,0.2665609121322632,09LD2823_r1_c3.png
35.66959147849405,139.76037005065984,decentralized,0.22793783247470856,09LD2823_r1_c3.png
35.66956471299297,139.76041296844488,decentralized,0.16032972931861877,09LD2823_r1_c3.png
35.66955202689601,139.76039982132025,decentralized,0.15205588936805725,09LD2823_r1_c3.png
35.66954790159565,139.76042676876412,decentralized,0.13093283772468567,09LD2823_r1_c3.png
35.6697439026185,139.75994781629186,decentralized,0.11741446703672409,09LD2823_r1_c3.png
35.66963125778119,139.76038384039563,decentralized,0.11209215968847275,09LD2823_r1_c3.png
35.669590632766635,139.76084789589046,decentralized,0.9184501767158508,09LD2823_r1_c4.png
35.669424995080654,139.76045075695114,decentralized,0.9137794971466064,09LD2823_r1_c4.png
35.669436671953925,139.76046112974217,decentralized,0.9089678525924683,09LD2823_r1_c4.png
35.669604995598306,139.76082614738564,decentralized,0.896754264831543,09LD2823_r1_c4.png
35.66960419462403,139.7608826491491,decentralized,0.893441379070282,09LD2823_r1_c4.png
35.66972096278664,139.76091936178915,decentralized,0.8932111859321594,09LD2823_r1_c4.png
35.669614706552736,139.76085394452352,decentralized,0.8917422890663147,09LD2823_r1_c4.png
35.66950008122614,139.76096237433973,decentralized,0.8897001147270203,09LD2823_r1_c4.png
35.66964877298271,139.76089367370395,decentralized,0.8826491832733154,09LD2823_r1_c4.png
35.66962404642535,139.7608170407091,decentralized,0.8802084922790527,09LD2823_r1_c4.png
35.669553514851145,139.76089982500054,decentralized,0.8530097603797913,09LD2823_r1_c4.png
35.66970792906084,139.76097202813312,decentralized,0.8433310389518738,09LD2823_r1_c4.png
35.66957359145332,139.76050286597146,decentralized,0.7587085962295532,09LD2823_r1_c4.png
35.66953706056166,139.76051279525154,decentralized,0.6430178284645081,09LD2823_r1_c4.png
35.66957493403625,139.76086953758747,decentralized,0.5748504996299744,09LD2823_r1_c4.png
35.669533474391606,139.76051804769423,decentralized,0.48851802945137024,09LD2823_r1_c4.png
35.66943619867922,139.76069184879415,decentralized,0.37713631987571716,09LD2823_r1_c4.png
35.66956445466174,139.7608832720871,decentralized,0.3392846882343292,09LD2823_r1_c4.png
35.669491992049096,139.76097962147898,decentralized,0.32731330394744873,09LD2823_r1_c4.png
35.669532544898466,139.76043372497446,decentralized,0.2983969449996948,09LD2823_r1_c4.png
35.66968033853673,139.7609781878888,CT,0.22399267554283142,09LD2823_r1_c4.png
35.66941052601402,139.76043453475194,decentralized,0.1808205246925354,09LD2823_r1_c4.png
35.66966801215765,139.76086200377878,decentralized,0.12718012928962708,09LD2823_r1_c4.png
35.6696662090117,139.76086520251897,decentralized,0.10628197342157364,09LD2823_r1_c4.png
35.66941025553423,139.76043449550858,decentralized,0.10375356674194336,09LD2823_r1_c4.png
35.669485833366934,139.76101354623438,decentralized,0.9157202243804932,09LD2823_r1_c5.png
35.66947014627112,139.76132228637545,decentralized,0.9049240350723267,09LD2823_r1_c5.png
35.66942139542671,139.76131291853218,decentralized,0.9041361808776855,09LD2823_r1_c5.png
35.66958726220666,139.76107500331315,decentralized,0.8953686952590942,09LD2823_r1_c5.png
35.66943350667852,139.76133538249138,decentralized,0.8950191140174866,09LD2823_r1_c5.png
35.669549327554094,139.76111298290036,decentralized,0.8869574069976807,09LD2823_r1_c5.png
35.6694406071181,139.7614901390033,decentralized,0.8859180212020874,09LD2823_r1_c5.png
35.669556805548915,139.761118241575,decentralized,0.8842513561248779,09LD2823_r1_c5.png
35.66945796161973,139.76149675066193,decentralized,0.8822628259658813,09LD2823_r1_c5.png
35.66966061756333,139.7610497063083,decentralized,0.8766234517097473,09LD2823_r1_c5.png
35.669527968795485,139.76138234905736,decentralized,0.8725482225418091,09LD2823_r1_c5.png
35.669535817240806,139.7610551010651,decentralized,0.8715245723724365,09LD2823_r1_c5.png
35.669499104113854,139.7609879924906,decentralized,0.8678996562957764,09LD2823_r1_c5.png
35.66942837742917,139.76136848082186,decentralized,0.8653375506401062,09LD2823_r1_c5.png
35.66947909244056,139.76130208758775,decentralized,0.8630345463752747,09LD2823_r1_c5.png
35.66945677574921,139.76134330424196,decentralized,0.8613163232803345,09LD2823_r1_c5.png
35.66951457843061,139.76134224012895,decentralized,0.8542875051498413,09LD2823_r1_c5.png
35.669506592210546,139.76141725871403,decentralized,0.8504071831703186,09LD2823_r1_c5.png
35.66949049863829,139.76144787949536,decentralized,0.8381987810134888,09LD2823_r1_c5.png
35.669563880404205,139.76108410840794,decentralized,0.8358215689659119,09LD2823_r1_c5.png
35.66964992606767,139.7610428609215,decentralized,0.8305181860923767,09LD2823_r1_c5.png
35.66954236232407,139.7613706764028,decentralized,0.820178747177124,09LD2823_r1_c5.png
35.66949304009235,139.76138116825192,decentralized,0.8135279417037964,09LD2823_r1_c5.png
35.669418831795916,139.76127922683827,decentralized,0.7476750016212463,09LD2823_r1_c5.png
35.66959334213125,139.7610661579788,decentralized,0.6886687278747559,09LD2823_r1_c5.png
35.66941385284837,139.7613625845437,decentralized,0.6632187366485596,09LD2823_r1_c5.png
35.66959709886558,139.76106270327668,decentralized,0.6608151197433472,09LD2823_r1_c5.png
35.66941876612766,139.76146812338672,decentralized,0.6382733583450317,09LD2823_r1_c5.png
35.66941254831143,139.76146140126502,decentralized,0.6046188473701477,09LD2823_r1_c5.png
35.66950505854072,139.76142862971295,decentralized,0.5892136693000793,09LD2823_r1_c5.png
35.66941488469045,139.76146358372063,decentralized,0.496146559715271,09LD2823_r1_c5.png
35.6694135768344,139.76133322534378,decentralized,0.3633922040462494,09LD2823_r1_c5.png
35.669423440879925,139.76147205077345,decentralized,0.35917389392852783,09LD2823_r1_c5.png
35.66943284538771,139.76147292528006,decentralized,0.3037163019180298,09LD2823_r1_c5.png
35.669592347809974,139.76106006339973,decentralized,0.2594313323497772,09LD2823_r1_c5.png
35.66974300973055,139.76117542252194,decentralized,0.22760556638240814,09LD2823_r1_c5.png
35.66948830674983,139.76099412527148,decentralized,0.203338623046875,09LD2823_r1_c5.png
35.66965680992727,139.76104584214326,decentralized,0.14410893619060516,09LD2823_r1_c5.png
35.66950666930157,139.76142244144518,decentralized,0.11390019208192825,09LD2823_r1_c5.png
35.66947415762284,139.76165434144133,decentralized,0.9277399778366089,09LD2823_r1_c6.png
35.66942513955918,139.76165115287523,decentralized,0.9240138530731201,09LD2823_r1_c6.png
35.66962121772445,139.7616392306034,decentralized,0.9202578663825989,09LD2823_r1_c6.png
35.66971752458932,139.76206653422673,decentralized,0.9149513840675354,09LD2823_r1_c6.png
35.66943260513951,139.76194765518125,decentralized,0.9136581420898438,09LD2823_r1_c6.png
35.66971342149276,139.76163828163612,decentralized,0.9132421612739563,09LD2823_r1_c6.png
35.66947983059506,139.76194939866048,decentralized,0.9085318446159363,09LD2823_r1_c6.png
35.66959313268853,139.76188305468185,decentralized,0.9038788676261902,09LD2823_r1_c6.png
35.66943774972469,139.76166490479392,decentralized,0.9008816480636597,09LD2823_r1_c6.png
35.66941877216555,139.761565325582,decentralized,0.8991332054138184,09LD2823_r1_c6.png
35.66945006071129,139.76165812975248,decentralized,0.8990588784217834,09LD2823_r1_c6.png
35.669662417442396,139.7619698773727,decentralized,0.8973194360733032,09LD2823_r1_c6.png
35.66964416491901,139.76160748192197,decentralized,0.8960840106010437,09LD2823_r1_c6.png
35.669599762145225,139.76166873159627,decentralized,0.8918185830116272,09LD2823_r1_c6.png
35.669697617895544,139.76177832396453,decentralized,0.890367865562439,09LD2823_r1_c6.png
35.6694168699901,139.76202906905905,decentralized,0.8827276229858398,09LD2823_r1_c6.png
35.6695691172456,139.76164166237004,decentralized,0.8821673393249512,09LD2823_r1_c6.png
35.66942649230451,139.7619272685332,decentralized,0.8800048828125,09LD2823_r1_c6.png
35.66948207713212,139.76166206862146,decentralized,0.8722320199012756,09LD2823_r1_c6.png
35.669706149859735,139.76203390130453,decentralized,0.8708799481391907,09LD2823_r1_c6.png
35.66974013396349,139.76174341686877,decentralized,0.8688146471977234,09LD2823_r1_c6.png
35.669666606247084,139.7618992624428,CT,0.866775631904602,09LD2823_r1_c6.png
35.66949927756687,139.76170374611254,decentralized,0.8603376746177673,09LD2823_r1_c6.png
35.66972035466982,139.76189554880463,decentralized,0.8558709621429443,09LD2823_r1_c6.png
35.66942574414858,139.76191553248424,decentralized,0.8535172939300537,09LD2823_r1_c6.png
35.66966035088493,139.76194051798842,decentralized,0.8473849892616272,09LD2823_r1_c6.png
35.66959457761355,139.761848802128,decentralized,0.8398454189300537,09LD2823_r1_c6.png
35.669710699341664,139.761939138974,decentralized,0.8341636061668396,09LD2823_r1_c6.png
35.669535864133714,139.76208013839457,decentralized,0.8229895830154419,09LD2823_r1_c6.png
35.66956814643397,139.76185600056596,decentralized,0.8099000453948975,09LD2823_r1_c6.png
35.669743597554636,139.76189819056484,decentralized,0.7689311504364014,09LD2823_r1_c6.png
35.66960848364823,139.76188411254802,decentralized,0.7590843439102173,09LD2823_r1_c6.png
35.66949221103586,139.76170626472432,decentralized,0.7301545143127441,09LD2823_r1_c6.png
35.66961263074021,139.76165303632655,decentralized,0.7235038876533508,09LD2823_r1_c6.png
35.66952417734656,139.7620839213173,decentralized,0.7017520070075989,09LD2823_r1_c6.png
35.669546621491115,139.76176906271812,decentralized,0.6860595941543579,09LD2823_r1_c6.png
35.66967328601552,139.76195942370083,decentralized,0.6257206797599792,09LD2823_r1_c6.png
35.669726965509405,139.7618073928625,decentralized,0.6122732758522034,09LD2823_r1_c6.png
35.66956026211672,139.7616534597369,decentralized,0.605381965637207,09LD2823_r1_c6.png
35.66968389796144,139.7619148156985,decentralized,0.5754004120826721,09LD2823_r1_c6.png
35.669412971682945,139.76197484240123,decentralized,0.41989773511886597,09LD2823_r1_c6.png
35.66945037328764,139.76192408100852,decentralized,0.3975524604320526,09LD2823_r1_c6.png
35.66955464401941,139.76176854449469,decentralized,0.37621691823005676,09LD2823_r1_c6.png
35.669557901378155,139.7618354619691,decentralized,0.2724103033542633,09LD2823_r1_c6.png
35.669492645600684,139.76170505849066,decentralized,0.24696457386016846,09LD2823_r1_c6.png
35.66974319343728,139.76197550938693,decentralized,0.23594433069229126,09LD2823_r1_c6.png
35.66952630515187,139.76207048673862,decentralized,0.23477445542812347,09LD2823_r1_c6.png
35.66948486127947,139.76202333420062,decentralized,0.22923748195171356,09LD2823_r1_c6.png
35.669737646653275,139.76181803944573,decentralized,0.20668289065361023,09LD2823_r1_c6.png
35.66973197294876,139.7618775467239,decentralized,0.19277042150497437,09LD2823_r1_c6.png
35.66973475588176,139.76191886939472,decentralized,0.1861499398946762,09LD2823_r1_c6.png
35.669484655011466,139.76157868495704,decentralized,0.1747027337551117,09LD2823_r1_c6.png
35.669694034956976,139.76161692039264,decentralized,0.17088687419891357,09LD2823_r1_c6.png
35.66954833567033,139.76176703866255,decentralized,0.13660070300102234,09LD2823_r1_c6.png
35.66944947510832,139.76165430951164,decentralized,0.12755611538887024,09LD2823_r1_c6.png
35.66947454104206,139.7615933508245,decentralized,0.11558229476213455,09LD2823_r1_c6.png
35.66952218025628,139.7620664411074,decentralized,0.11147286742925644,09LD2823_r1_c6.png
35.669715055162214,139.7617964589709,decentralized,0.11061131209135056,09LD2823_r1_c6.png
35.66965857392804,139.76247059912194,decentralized,0.9343438148498535,09LD2823_r1_c7.png
35.66966965234904,139.76250674970623,decentralized,0.9125013947486877,09LD2823_r1_c7.png
35.66962559701228,139.76229101736945,decentralized,0.9119085073471069,09LD2823_r1_c7.png
35.66941943781237,139.76259793641998,decentralized,0.8951969742774963,09LD2823_r1_c7.png
35.66965792453445,139.76252288035624,decentralized,0.8924279808998108,09LD2823_r1_c7.png
35.66971486815499,139.7625148762041,decentralized,0.8921205997467041,09LD2823_r1_c7.png
35.669560670460214,139.762622292284,decentralized,0.8914080858230591,09LD2823_r1_c7.png
35.669574950855285,139.76213865774628,decentralized,0.8858112692832947,09LD2823_r1_c7.png
35.6695514792755,139.7622853815052,decentralized,0.8819487690925598,09LD2823_r1_c7.png
35.66942380122151,139.7624868945615,decentralized,0.8806743621826172,09LD2823_r1_c7.png
35.669644025481595,139.76222586865237,decentralized,0.878850519657135,09LD2823_r1_c7.png
35.66959860296606,139.76237721888285,decentralized,0.8762075901031494,09LD2823_r1_c7.png
35.66943929552057,139.76247785653726,decentralized,0.8748873472213745,09LD2823_r1_c7.png
35.66947937336385,139.7622876830099,decentralized,0.8660737872123718,09LD2823_r1_c7.png
35.669636262418344,139.76218639597758,decentralized,0.8533492088317871,09LD2823_r1_c7.png
35.66955746044246,139.7621029242697,decentralized,0.850774884223938,09LD2823_r1_c7.png
35.669441784756195,139.76226040270836,decentralized,0.8422684669494629,09LD2823_r1_c7.png
35.66974314979191,139.76236426158573,decentralized,0.8399946093559265,09LD2823_r1_c7.png
35.66946352382753,139.76256423762607,decentralized,0.8120021820068359,09LD2823_r1_c7.png
35.669544338013054,139.76213415105065,decentralized,0.8111405372619629,09LD2823_r1_c7.png
35.66969584005046,139.76239681788476,decentralized,0.8086273670196533,09LD2823_r1_c7.png
35.669533341849075,139.76262789747273,decentralized,0.7860819697380066,09LD2823_r1_c7.png
35.66962975679134,139.76229629440323,decentralized,0.7818282246589661,09LD2823_r1_c7.png
35.66959169595766,139.7623702708879,decentralized,0.7784096002578735,09LD2823_r1_c7.png
35.66957033614548,139.76212730832466,decentralized,0.7528711557388306,09LD2823_r1_c7.png
35.669545616350455,139.76237309019706,decentralized,0.7393621802330017,09LD2823_r1_c7.png
35.66948201982209,139.76228389708976,decentralized,0.7310174703598022,09LD2823_r1_c7.png
35.669520261350684,139.7625987044187,decentralized,0.7292826175689697,09LD2823_r1_c7.png
35.669589960793594,139.76215817874424,decentralized,0.7201454639434814,09LD2823_r1_c7.png
35.669501974978736,139.7622815702958,decentralized,0.7184880375862122,09LD2823_r1_c7.png
35.66961633481989,139.7621795399242,decentralized,0.6798709630966187,09LD2823_r1_c7.png
35.66974561176156,139.7623746696367,decentralized,0.4962684214115143,09LD2823_r1_c7.png
35.66956299803339,139.76213228878564,decentralized,0.4946831166744232,09LD2823_r1_c7.png
35.66950095317249,139.7626151562267,decentralized,0.4895438551902771,09LD2823_r1_c7.png
35.66941207937372,139.76250905036937,decentralized,0.47843512892723083,09LD2823_r1_c7.png
35.669632231216454,139.7622310825259,decentralized,0.42238160967826843,09LD2823_r1_c7.png
35.66953318345779,139.76212360628412,decentralized,0.35395145416259766,09LD2823_r1_c7.png
35.669566590320166,139.7621293763361,decentralized,0.27142104506492615,09LD2823_r1_c7.png
35.66974523835604,139.76238590990758,decentralized,0.24306853115558624,09LD2823_r1_c7.png
35.66959825136072,139.7621432385436,decentralized,0.2026754468679428,09LD2823_r1_c7.png
35.6695426573249,139.76208751620072,decentralized,0.2002497911453247,09LD2823_r1_c7.png
35.66949926858643,139.76231259691505,decentralized,0.1942632496356964,09LD2823_r1_c7.png
35.66962953571465,139.76224845177018,decentralized,0.18921886384487152,09LD2823_r1_c7.png
35.669415828981386,139.76259454958029,decentralized,0.16859333217144012,09LD2823_r1_c7.png
35.669693667217935,139.76230213233353,decentralized,0.15708328783512115,09LD2823_r1_c7.png
35.66960929285583,139.7621557585018,decentralized,0.13544228672981262,09LD2823_r1_c7.png
35.66948016813887,139.76254137966612,decentralized,0.1013951376080513,09LD2823_r1_c7.png
35.66916384167228,139.75922408478323,decentralized,0.9241608381271362,09LD2823_r2_c1.png
35.66917294701756,139.75920971142133,decentralized,0.9024161696434021,09LD2823_r2_c1.png
35.669250512027084,139.75883666316287,decentralized,0.898337185382843,09LD2823_r2_c1.png
35.66916640107411,139.7591440335985,decentralized,0.8877068758010864,09LD2823_r2_c1.png
35.66913995760678,139.75919194176151,decentralized,0.8851311206817627,09LD2823_r2_c1.png
35.66908588823704,139.75928165407436,decentralized,0.881882905960083,09LD2823_r2_c1.png
35.66913907165071,139.75916199132033,decentralized,0.8773393034934998,09LD2823_r2_c1.png
35.66923260703882,139.7591657505708,decentralized,0.8678718209266663,09LD2823_r2_c1.png
35.66925719110386,139.75917187819383,decentralized,0.8655771613121033,09LD2823_r2_c1.png
35.66915883938609,139.75914755307602,decentralized,0.8504453301429749,09LD2823_r2_c1.png
35.669116383999786,139.75924941369576,CT,0.8504268527030945,09LD2823_r2_c1.png
35.66914464952068,139.7592208119546,decentralized,0.847066342830658,09LD2823_r2_c1.png
35.66925185814719,139.7591777211996,decentralized,0.5840510129928589,09LD2823_r2_c1.png
35.66914810210119,139.75929902593163,decentralized,0.40577152371406555,09LD2823_r2_c1.png
35.66925723223932,139.75920701082856,decentralized,0.3586578965187073,09LD2823_r2_c1.png
35.66912151689559,139.75915715622057,decentralized,0.340613454580307,09LD2823_r2_c1.png
35.66919469809801,139.75932196137344,decentralized,0.330409973859787,09LD2823_r2_c1.png
35.66915303211322,139.7593085011029,decentralized,0.14392277598381042,09LD2823_r2_c1.png
35.669247040523146,139.75922210785208,decentralized,0.13472002744674683,09LD2823_r2_c1.png
35.6691516368631,139.7594178925878,decentralized,0.9097382426261902,09LD2823_r2_c2.png
35.66933689650361,139.75958899156373,decentralized,0.8998197913169861,09LD2823_r2_c2.png
35.6694000178277,139.7593984045537,decentralized,0.899243950843811,09LD2823_r2_c2.png
35.669389910525666,139.75965509546683,decentralized,0.8724166750907898,09LD2823_r2_c2.png
35.66914859080782,139.75939855817072,decentralized,0.8701844215393066,09LD2823_r2_c2.png
35.66913400509458,139.75937027338992,decentralized,0.8692965507507324,09LD2823_r2_c2.png
35.66913835017635,139.75938951293702,decentralized,0.8630312085151672,09LD2823_r2_c2.png
35.669366110938164,139.759473678201,decentralized,0.8620814085006714,09LD2823_r2_c2.png
35.669128307726744,139.75936428294915,decentralized,0.8470596671104431,09LD2823_r2_c2.png
35.66940444120949,139.7593769871471,decentralized,0.813983678817749,09LD2823_r2_c2.png
35.6693090526019,139.75950485924054,decentralized,0.5106199979782104,09LD2823_r2_c2.png
35.66935117975611,139.7596652318106,decentralized,0.5085390210151672,09LD2823_r2_c2.png
35.66939691008034,139.75949556490096,decentralized,0.30278781056404114,09LD2823_r2_c2.png
35.66930025004445,139.75956427267946,decentralized,0.29303213953971863,09LD2823_r2_c2.png
35.66923493217632,139.75932731447097,decentralized,0.2807706296443939,09LD2823_r2_c2.png
35.66940555291942,139.75938986995067,decentralized,0.17364215850830078,09LD2823_r2_c2.png
35.66940601691412,139.759365587924,decentralized,0.13715869188308716,09LD2823_r2_c2.png
35.66938640480972,139.7594930754941,decentralized,0.11293566226959229,09LD2823_r2_c2.png
35.66940077892665,139.7602119633888,CT,0.9365524053573608,09LD2823_r2_c3.png
35.66932878506603,139.7601638744087,decentralized,0.9277228116989136,09LD2823_r2_c3.png
35.66914951244193,139.75994159213386,decentralized,0.9248136281967163,09LD2823_r2_c3.png
35.669333643446365,139.76012389953593,decentralized,0.9139969944953918,09LD2823_r2_c3.png
35.6691901143406,139.76037572293038,decentralized,0.9135464429855347,09LD2823_r2_c3.png
35.66920971099114,139.76039861507056,decentralized,0.9056723117828369,09LD2823_r2_c3.png
35.669300260900116,139.76009883656766,decentralized,0.9055889248847961,09LD2823_r2_c3.png
35.669292979279206,139.76018191172602,decentralized,0.9024063348770142,09LD2823_r2_c3.png
35.66936291259309,139.7603637519653,decentralized,0.8981732130050659,09LD2823_r2_c3.png
35.66916668592493,139.76039275556332,decentralized,0.8946309089660645,09LD2823_r2_c3.png
35.669258516874166,139.7600448927481,decentralized,0.8940088152885437,09LD2823_r2_c3.png
35.66928210413473,139.76026192628797,decentralized,0.8938602805137634,09LD2823_r2_c3.png
35.66935039878554,139.76018762228097,decentralized,0.8933634757995605,09LD2823_r2_c3.png
35.669330491457366,139.76010067858408,decentralized,0.8916420936584473,09LD2823_r2_c3.png
35.66934312492399,139.76010316174285,decentralized,0.8898390531539917,09LD2823_r2_c3.png
35.66929916242764,139.7600584930516,decentralized,0.8894069790840149,09LD2823_r2_c3.png
35.66935605496579,139.76012273483474,decentralized,0.8893744945526123,09LD2823_r2_c3.png
35.66930751821979,139.7602875768461,decentralized,0.8891456127166748,09LD2823_r2_c3.png
35.66936521347391,139.76017111286973,decentralized,0.8888001441955566,09LD2823_r2_c3.png
35.66937902240664,139.760337756767,decentralized,0.8868186473846436,09LD2823_r2_c3.png
35.66934751984528,139.7601348035214,decentralized,0.8837260007858276,09LD2823_r2_c3.png
35.66923413973802,139.76041975176025,decentralized,0.8836362361907959,09LD2823_r2_c3.png
35.669397418981745,139.76036980634782,decentralized,0.8828409314155579,09LD2823_r2_c3.png
35.66924057733462,139.7601210192408,decentralized,0.879784882068634,09LD2823_r2_c3.png
35.66933591045827,139.76019794019606,decentralized,0.8778319954872131,09LD2823_r2_c3.png
35.66926057366363,139.760265977462,decentralized,0.8689923286437988,09LD2823_r2_c3.png
35.669293935131684,139.7603177436758,decentralized,0.8492216467857361,09LD2823_r2_c3.png
35.66915187967028,139.75992366914673,decentralized,0.8483381867408752,09LD2823_r2_c3.png
35.66928344891284,139.76024908881365,decentralized,0.8442502617835999,09LD2823_r2_c3.png
35.66936952784961,139.7603260359178,decentralized,0.8427591323852539,09LD2823_r2_c3.png
35.66933345742851,139.76025780434458,decentralized,0.8407168388366699,09LD2823_r2_c3.png
35.66923187774831,139.76039242957833,decentralized,0.8382225036621094,09LD2823_r2_c3.png
35.66917793512896,139.76036757767352,decentralized,0.8279403448104858,09LD2823_r2_c3.png
35.669400334206514,139.76027794218365,decentralized,0.8122966885566711,09LD2823_r2_c3.png
35.66920358183,139.7601495327959,decentralized,0.7876148223876953,09LD2823_r2_c3.png
35.66940394933359,139.7603166697762,decentralized,0.785143256187439,09LD2823_r2_c3.png
35.66921806736306,139.75997903472822,decentralized,0.7763782143592834,09LD2823_r2_c3.png
35.669071663663566,139.75992314393287,decentralized,0.7676380276679993,09LD2823_r2_c3.png
35.66915380456158,139.7603641280084,decentralized,0.7401230335235596,09LD2823_r2_c3.png
35.669072876165174,139.7598994850034,decentralized,0.7350260019302368,09LD2823_r2_c3.png
35.669090351412784,139.76036859781635,decentralized,0.6400507688522339,09LD2823_r2_c3.png
35.66927699558861,139.7602433844156,decentralized,0.5309110879898071,09LD2823_r2_c3.png
35.669321877132106,139.7602642382175,decentralized,0.5176721215248108,09LD2823_r2_c3.png
35.66932733849717,139.7602397867305,decentralized,0.5083165168762207,09LD2823_r2_c3.png
35.66931527834022,139.7600743252236,decentralized,0.5010277032852173,09LD2823_r2_c3.png
35.66907317840056,139.76041084673682,decentralized,0.4916890263557434,09LD2823_r2_c3.png
35.66907915270589,139.7603617334324,decentralized,0.3219597339630127,09LD2823_r2_c3.png
35.66931673295036,139.76028198447992,decentralized,0.29698607325553894,09LD2823_r2_c3.png
35.66908108513271,139.7603641079568,decentralized,0.20044493675231934,09LD2823_r2_c3.png
35.66908347136193,139.7603747116156,decentralized,0.17838506400585175,09LD2823_r2_c3.png
35.66926699092779,139.76030925854928,decentralized,0.16651815176010132,09LD2823_r2_c3.png
35.66907171349582,139.76030843173774,decentralized,0.12587495148181915,09LD2823_r2_c3.png
35.66909715519255,139.7604478403052,decentralized,0.9307702779769897,09LD2823_r2_c4.png
35.66912766457915,139.7604789925637,decentralized,0.9296777844429016,09LD2823_r2_c4.png
35.6690842509702,139.76046958829713,decentralized,0.9206465482711792,09LD2823_r2_c4.png
35.669115102710315,139.7604971442208,decentralized,0.9197843670845032,09LD2823_r2_c4.png
35.6693222423423,139.76060046014328,decentralized,0.9175124168395996,09LD2823_r2_c4.png
35.669257673240985,139.76047042980377,decentralized,0.916425883769989,09LD2823_r2_c4.png
35.66935841835178,139.76074165911447,decentralized,0.9107424020767212,09LD2823_r2_c4.png
35.66911991631347,139.7605806828301,decentralized,0.9070135951042175,09LD2823_r2_c4.png
35.66936290666657,139.76057355186757,decentralized,0.9054092168807983,09LD2823_r2_c4.png
35.66921261099694,139.7605566542999,decentralized,0.9043144583702087,09LD2823_r2_c4.png
35.66937889417822,139.76076174841123,decentralized,0.898250162601471,09LD2823_r2_c4.png
35.669235996825854,139.76057678391163,decentralized,0.8880927562713623,09LD2823_r2_c4.png
35.669216167534444,139.7604455617176,decentralized,0.8839070200920105,09LD2823_r2_c4.png
35.669255722223326,139.76059197025268,decentralized,0.8795245885848999,09LD2823_r2_c4.png
35.66909544346079,139.7605775995885,decentralized,0.8794640898704529,09LD2823_r2_c4.png
35.66932996540911,139.76061243148936,decentralized,0.8765326142311096,09LD2823_r2_c4.png
35.66907865266689,139.76059746734853,decentralized,0.8732151985168457,09LD2823_r2_c4.png
35.66923102138439,139.76044736376232,decentralized,0.8715975880622864,09LD2823_r2_c4.png
35.66923089036979,139.7605874328246,decentralized,0.8703595399856567,09LD2823_r2_c4.png
35.66925715692568,139.760558728903,decentralized,0.8698806762695312,09LD2823_r2_c4.png
35.669303848660185,139.76059586537625,decentralized,0.8627280592918396,09LD2823_r2_c4.png
35.669211855753176,139.76074189485632,decentralized,0.8624048233032227,09LD2823_r2_c4.png
35.66926351911925,139.76059951980818,decentralized,0.862266480922699,09LD2823_r2_c4.png
35.669188426037024,139.76067894552793,decentralized,0.8597836494445801,09LD2823_r2_c4.png
35.66913656011116,139.76046012467643,decentralized,0.8540876507759094,09LD2823_r2_c4.png
35.66936870119406,139.76074723998263,decentralized,0.8517621159553528,09LD2823_r2_c4.png
35.66915747115431,139.76053428770342,decentralized,0.8495553135871887,09LD2823_r2_c4.png
35.66907329558676,139.7604562891057,decentralized,0.8472155928611755,09LD2823_r2_c4.png
35.66918700196368,139.7607108691214,decentralized,0.8470218777656555,09LD2823_r2_c4.png
35.66912838180359,139.7606713170586,decentralized,0.8462619781494141,09LD2823_r2_c4.png
35.66917521613619,139.76069310332937,decentralized,0.8462282419204712,09LD2823_r2_c4.png
35.669202995536246,139.76066144233772,decentralized,0.8439903855323792,09LD2823_r2_c4.png
35.66910161765819,139.76046615077158,decentralized,0.8422802686691284,09LD2823_r2_c4.png
35.66919966039937,139.76066608655577,decentralized,0.836104691028595,09LD2823_r2_c4.png
35.66932209588181,139.76069378415883,decentralized,0.8146795034408569,09LD2823_r2_c4.png
35.66912416275346,139.7605597237879,decentralized,0.8113253116607666,09LD2823_r2_c4.png
35.669371583317115,139.7605477100558,decentralized,0.7993348240852356,09LD2823_r2_c4.png
35.66908653686443,139.76043877590337,decentralized,0.7920470237731934,09LD2823_r2_c4.png
35.66908135148576,139.76059233417578,decentralized,0.7891728281974792,09LD2823_r2_c4.png
35.66936135178252,139.76056306066886,decentralized,0.7723691463470459,09LD2823_r2_c4.png
35.669088030395855,139.76045713446626,decentralized,0.7665748000144958,09LD2823_r2_c4.png
35.66908226811804,139.76044629665415,decentralized,0.735963761806488,09LD2823_r2_c4.png
35.669396308889134,139.7607295615496,decentralized,0.7241687178611755,09LD2823_r2_c4.png
35.66927649893831,139.7604783115467,CT,0.6929097175598145,09LD2823_r2_c4.png
35.66909232780718,139.76043166637683,decentralized,0.677044689655304,09LD2823_r2_c4.png
35.669215474095765,139.7604672026656,decentralized,0.6374287605285645,09LD2823_r2_c4.png
35.66920284605705,139.7604956732521,decentralized,0.6179994344711304,09LD2823_r2_c4.png
35.66910934459082,139.7604548497433,decentralized,0.5449201464653015,09LD2823_r2_c4.png
35.669106950081,139.7609440085099,decentralized,0.528899610042572,09LD2823_r2_c4.png
35.66915280478115,139.76067435289474,decentralized,0.5282816886901855,09LD2823_r2_c4.png
35.66913326076008,139.76054027268702,decentralized,0.337446004152298,09LD2823_r2_c4.png
35.669387382314994,139.76074482021522,decentralized,0.33507686853408813,09LD2823_r2_c4.png
35.66910753498377,139.7609448418319,decentralized,0.3004007339477539,09LD2823_r2_c4.png
35.66919762165895,139.76072723023316,decentralized,0.282967746257782,09LD2823_r2_c4.png
35.669276375108346,139.76047850970576,decentralized,0.24043302237987518,09LD2823_r2_c4.png
35.66913195852003,139.76045578200396,decentralized,0.23382647335529327,09LD2823_r2_c4.png
35.66927530596961,139.7605303197872,decentralized,0.23020127415657043,09LD2823_r2_c4.png
35.66917908391549,139.76052938038202,CT,0.22899436950683594,09LD2823_r2_c4.png
35.66908241341695,139.76044598357242,decentralized,0.2034212052822113,09LD2823_r2_c4.png
35.66932426224555,139.76047061902477,decentralized,0.19210410118103027,09LD2823_r2_c4.png
35.669405390191635,139.7604334590815,decentralized,0.19123075902462006,09LD2823_r2_c4.png
35.66935940268322,139.76053211910815,decentralized,0.18393804132938385,09LD2823_r2_c4.png
35.66930889395432,139.76074590547267,decentralized,0.18159517645835876,09LD2823_r2_c4.png
35.66913025176155,139.76067794343885,decentralized,0.12908433377742767,09LD2823_r2_c4.png
35.66911693059429,139.76046635492537,decentralized,0.11304272711277008,09LD2823_r2_c4.png
35.669368988500544,139.76123226736038,decentralized,0.9380399584770203,09LD2823_r2_c5.png
35.66935541574983,139.76122408095293,decentralized,0.9315715432167053,09LD2823_r2_c5.png
35.66934733890782,139.76136600878283,decentralized,0.9285278916358948,09LD2823_r2_c5.png
35.66923857242259,139.76150095288227,decentralized,0.9238722920417786,09LD2823_r2_c5.png
35.66938452763218,139.7612698558526,decentralized,0.9111733436584473,09LD2823_r2_c5.png
35.66923343502216,139.7614778986092,decentralized,0.9043151140213013,09LD2823_r2_c5.png
35.669250656604426,139.76151486905573,decentralized,0.9026936888694763,09LD2823_r2_c5.png
35.6692567288303,139.76147015203296,decentralized,0.9011243581771851,09LD2823_r2_c5.png
35.669337310817085,139.7612477932106,decentralized,0.8937358260154724,09LD2823_r2_c5.png
35.66925540936084,139.76138190632759,decentralized,0.8935497999191284,09LD2823_r2_c5.png
35.66938420631423,139.76142927748685,decentralized,0.8928064703941345,09LD2823_r2_c5.png
35.669393030270335,139.7612802699913,decentralized,0.8919371962547302,09LD2823_r2_c5.png
35.66926872131901,139.76134546093397,decentralized,0.8882560133934021,09LD2823_r2_c5.png
35.66924964603299,139.761462784074,decentralized,0.8876795172691345,09LD2823_r2_c5.png
35.669141325320815,139.7611854282858,decentralized,0.8843520283699036,09LD2823_r2_c5.png
35.669405445165516,139.76128901843913,decentralized,0.8731569051742554,09LD2823_r2_c5.png
35.66917998407307,139.76104441881316,decentralized,0.870430052280426,09LD2823_r2_c5.png
35.669380269259314,139.76152382326813,decentralized,0.8703179955482483,09LD2823_r2_c5.png
35.66939081197464,139.7613612499446,decentralized,0.8702513575553894,09LD2823_r2_c5.png
35.66921982892286,139.7614954105874,decentralized,0.8677208423614502,09LD2823_r2_c5.png
35.66935829489995,139.76125338479872,decentralized,0.8565171957015991,09LD2823_r2_c5.png
35.66921254243171,139.76147792259118,decentralized,0.8538586497306824,09LD2823_r2_c5.png
35.669270341425865,139.7613982986981,decentralized,0.8501707911491394,09LD2823_r2_c5.png
35.669378636404275,139.76138211869048,decentralized,0.849866509437561,09LD2823_r2_c5.png
35.66940158906452,139.76129470997816,decentralized,0.8477005362510681,09LD2823_r2_c5.png
35.66932258075279,139.76125752938142,decentralized,0.8334633708000183,09LD2823_r2_c5.png
35.669188294000726,139.7610209043978,decentralized,0.8297432661056519,09LD2823_r2_c5.png
35.669278361394674,139.76144886349002,decentralized,0.8261715769767761,09LD2823_r2_c5.png
35.6693456423233,139.76123562654521,decentralized,0.8173269033432007,09LD2823_r2_c5.png
35.669392974207284,139.76125304800726,decentralized,0.816579282283783,09LD2823_r2_c5.png
35.669389486990916,139.76129466057768,decentralized,0.8160088062286377,09LD2823_r2_c5.png
35.6693274359789,139.76124132223737,decentralized,0.8020434975624084,09LD2823_r2_c5.png
35.669150773151294,139.76113737075107,decentralized,0.7927892804145813,09LD2823_r2_c5.png
35.66919498141452,139.76102811088163,decentralized,0.783392071723938,09LD2823_r2_c5.png
35.669263029327624,139.76148211793532,decentralized,0.7780879139900208,09LD2823_r2_c5.png
35.66939403846357,139.76135917964172,decentralized,0.773250937461853,09LD2823_r2_c5.png
35.669405515227325,139.7613447392911,decentralized,0.7378960251808167,09LD2823_r2_c5.png
35.66934873085306,139.7612641785323,decentralized,0.7279653549194336,09LD2823_r2_c5.png
35.669371246331295,139.76152791175318,decentralized,0.7024403214454651,09LD2823_r2_c5.png
35.66934271034717,139.76150864597466,decentralized,0.6889069676399231,09LD2823_r2_c5.png
35.6692086556113,139.7614845060684,decentralized,0.6832345724105835,09LD2823_r2_c5.png
35.66940161505818,139.76137931988578,decentralized,0.6639986038208008,09LD2823_r2_c5.png
35.669090658987685,139.7612635583236,decentralized,0.6363968849182129,09LD2823_r2_c5.png
35.669404054031396,139.76145312242994,decentralized,0.5507802963256836,09LD2823_r2_c5.png
35.66921495656422,139.7614749243482,decentralized,0.546713650226593,09LD2823_r2_c5.png
35.66918055594313,139.7610136304758,decentralized,0.4936002492904663,09LD2823_r2_c5.png
35.66925992950464,139.76136078630026,decentralized,0.3411882817745209,09LD2823_r2_c5.png
35.66935896206295,139.76153036946602,decentralized,0.3385636508464813,09LD2823_r2_c5.png
35.66923286633295,139.7614453707921,decentralized,0.3355628550052643,09LD2823_r2_c5.png
35.66907431825888,139.7612868520682,decentralized,0.2343345284461975,09LD2823_r2_c5.png
35.66913265801379,139.761162605556,decentralized,0.22178398072719574,09LD2823_r2_c5.png
35.66932224611791,139.76123615734653,decentralized,0.20689576864242554,09LD2823_r2_c5.png
35.66927121511565,139.7614318100506,decentralized,0.1904681771993637,09LD2823_r2_c5.png
35.66940323926042,139.76126305568593,decentralized,0.18676228821277618,09LD2823_r2_c5.png
35.66921877919074,139.76146930196663,decentralized,0.18239641189575195,09LD2823_r2_c5.png
35.66934216399194,139.76124044048865,decentralized,0.17243075370788574,09LD2823_r2_c5.png
35.66924477666751,139.76145227421077,decentralized,0.16336774826049805,09LD2823_r2_c5.png
35.66935206373466,139.76150227957115,decentralized,0.16290147602558136,09LD2823_r2_c5.png
35.66940555700566,139.7613723889218,decentralized,0.14999891817569733,09LD2823_r2_c5.png
35.66927543566572,139.7613499208131,decentralized,0.14194275438785553,09LD2823_r2_c5.png
35.669380328507565,139.76124151800005,decentralized,0.14167693257331848,09LD2823_r2_c5.png
35.669294047782024,139.76146801086398,decentralized,0.13618876039981842,09LD2823_r2_c5.png
35.669201761909065,139.76103558395843,decentralized,0.11606431752443314,09LD2823_r2_c5.png
35.66929183617384,139.7614506709098,decentralized,0.11565850675106049,09LD2823_r2_c5.png
35.66927312344463,139.76154881460417,decentralized,0.9318073987960815,09LD2823_r2_c6.png
35.66939944001198,139.7615901727694,decentralized,0.9182044267654419,09LD2823_r2_c6.png
35.66924250035504,139.76192566713001,decentralized,0.9161533713340759,09LD2823_r2_c6.png
35.669230834852634,139.76198960067134,decentralized,0.9114399552345276,09LD2823_r2_c6.png
35.66938347419976,139.76161446300944,decentralized,0.910517156124115,09LD2823_r2_c6.png
35.669265416188324,139.7617886928515,decentralized,0.9105023145675659,09LD2823_r2_c6.png
35.669383211352645,139.76187788281942,decentralized,0.9045136570930481,09LD2823_r2_c6.png
35.66936661156509,139.76183988952207,decentralized,0.8974744081497192,09LD2823_r2_c6.png
35.66914717845901,139.76171370495533,decentralized,0.8973934650421143,09LD2823_r2_c6.png
35.669294935160046,139.76182978870395,decentralized,0.8880846500396729,09LD2823_r2_c6.png
35.669239194529816,139.76194644978224,decentralized,0.8838167786598206,09LD2823_r2_c6.png
35.66927999675843,139.76180978435644,decentralized,0.8797469735145569,09LD2823_r2_c6.png
35.6693025472761,139.76183610784457,decentralized,0.8796562552452087,09LD2823_r2_c6.png
35.6693659440642,139.76154250102314,decentralized,0.8756264448165894,09LD2823_r2_c6.png
35.669111761982904,139.76193396837996,decentralized,0.8752710223197937,09LD2823_r2_c6.png
35.66928335830574,139.76155781952403,decentralized,0.8748541474342346,09LD2823_r2_c6.png
35.66937176289674,139.76193628129207,decentralized,0.8738617300987244,09LD2823_r2_c6.png
35.669264626074266,139.7618199346107,decentralized,0.8734504580497742,09LD2823_r2_c6.png
35.669279795942536,139.76196510258768,decentralized,0.8630803227424622,09LD2823_r2_c6.png
35.66922080532022,139.76190300772717,decentralized,0.8603060841560364,09LD2823_r2_c6.png
35.669197269406865,139.7617591785624,decentralized,0.8485420942306519,09LD2823_r2_c6.png
35.669274330172115,139.76180106649767,decentralized,0.8454439043998718,09LD2823_r2_c6.png
35.66910923535724,139.7618622147573,decentralized,0.8418021202087402,09LD2823_r2_c6.png
35.669381590386315,139.76153789510917,decentralized,0.8411253690719604,09LD2823_r2_c6.png
35.66916528342851,139.76167576459133,decentralized,0.8318203687667847,09LD2823_r2_c6.png
35.669156333490584,139.7618658244786,decentralized,0.8232985734939575,09LD2823_r2_c6.png
35.66925138640625,139.76169995064467,decentralized,0.8031718730926514,09LD2823_r2_c6.png
35.6692655551723,139.76195303132428,decentralized,0.7361407279968262,09LD2823_r2_c6.png
35.6691882075396,139.76201175820094,decentralized,0.7191460132598877,09LD2823_r2_c6.png
35.669372283092265,139.76189499793492,decentralized,0.7021757364273071,09LD2823_r2_c6.png
35.669121398970994,139.76186174532438,decentralized,0.6343889832496643,09LD2823_r2_c6.png
35.6692683473989,139.76153593881673,decentralized,0.5133873820304871,09LD2823_r2_c6.png
35.66909861264128,139.76167508707232,decentralized,0.44358351826667786,09LD2823_r2_c6.png
35.66928308111508,139.7615364639008,decentralized,0.28953835368156433,09LD2823_r2_c6.png
35.66934486471592,139.761544818102,decentralized,0.26638999581336975,09LD2823_r2_c6.png
35.66926336452636,139.76197196864493,decentralized,0.23474933207035065,09LD2823_r2_c6.png
35.66916431890986,139.76172392157494,decentralized,0.2174597680568695,09LD2823_r2_c6.png
35.66940297341594,139.76154565710485,decentralized,0.20612508058547974,09LD2823_r2_c6.png
35.66925902419707,139.76154111930506,decentralized,0.17450858652591705,09LD2823_r2_c6.png
35.66914773779426,139.76188562233506,decentralized,0.17109599709510803,09LD2823_r2_c6.png
35.66919893957275,139.76194080804606,decentralized,0.14837037026882172,09LD2823_r2_c6.png
35.669221891885265,139.76172180160833,decentralized,0.13164561986923218,09LD2823_r2_c6.png
35.669243764116445,139.7615363431053,decentralized,0.12188659608364105,09LD2823_r2_c6.png
35.669318186462014,139.7618930585539,decentralized,0.11220020800828934,09LD2823_r2_c6.png
35.669265323318484,139.76234248773414,ACC,0.9456701874732971,09LD2823_r2_c7.png
35.66929385501999,139.76261234913943,decentralized,0.927145779132843,09LD2823_r2_c7.png
35.66936994517141,139.7625660728757,decentralized,0.9220826029777527,09LD2823_r2_c7.png
35.669372377082105,139.76259128857404,decentralized,0.9167504906654358,09LD2823_r2_c7.png
35.669404353267275,139.76262621834687,decentralized,0.9067468643188477,09LD2823_r2_c7.png
35.66939753068489,139.7626153740256,decentralized,0.8974266648292542,09LD2823_r2_c7.png
35.66917921851577,139.76259707187918,decentralized,0.8953162431716919,09LD2823_r2_c7.png
35.6693070797332,139.7625913212056,decentralized,0.891303300857544,09LD2823_r2_c7.png
35.669384538839225,139.7626036019516,decentralized,0.8814082145690918,09LD2823_r2_c7.png
35.66936976477743,139.7625957102379,decentralized,0.8569353818893433,09LD2823_r2_c7.png
35.66923965403501,139.7624305604322,decentralized,0.8404991626739502,09LD2823_r2_c7.png
35.66907718519944,139.7622065265941,decentralized,0.8006269335746765,09LD2823_r2_c7.png
35.66938223771256,139.7626087565358,decentralized,0.7884864211082458,09LD2823_r2_c7.png
35.669356798517825,139.7625840724833,decentralized,0.7247053384780884,09LD2823_r2_c7.png
35.669076023270186,139.76218389302588,decentralized,0.3915834128856659,09LD2823_r2_c7.png
35.66937067673292,139.76245622874416,decentralized,0.19968166947364807,09LD2823_r2_c7.png
35.66897819071794,139.75916949375974,decentralized,0.9243924021720886,09LD2823_r3_c1.png
35.6687566611177,139.75899356090065,decentralized,0.9234439134597778,09LD2823_r3_c1.png
35.66888882130314,139.75913717899556,decentralized,0.9161829948425293,09LD2823_r3_c1.png
35.668766555560595,139.7589820105246,decentralized,0.903851330280304,09LD2823_r3_c1.png
35.668996672644866,139.75925022587444,decentralized,0.9029026031494141,09LD2823_r3_c1.png
35.66888513160464,139.75915000918968,decentralized,0.9006257057189941,09LD2823_r3_c1.png
35.668835104251926,139.75905193308833,decentralized,0.8990028500556946,09LD2823_r3_c1.png
35.66905661787788,139.75928191026733,decentralized,0.8948200941085815,09LD2823_r3_c1.png
35.668971882955226,139.7592221271867,decentralized,0.8852717280387878,09LD2823_r3_c1.png
35.66890514648717,139.75909869061903,decentralized,0.8776289224624634,09LD2823_r3_c1.png
35.66894648352633,139.7591152433212,decentralized,0.8766292333602905,09LD2823_r3_c1.png
35.66891767084159,139.75912970888436,decentralized,0.8728841543197632,09LD2823_r3_c1.png
35.66894964908464,139.75913291207095,decentralized,0.8474901914596558,09LD2823_r3_c1.png
35.66893501744387,139.75912549891427,decentralized,0.8440554738044739,09LD2823_r3_c1.png
35.66883161141164,139.7590698317272,decentralized,0.8029400110244751,09LD2823_r3_c1.png
35.66891205767755,139.7591759392128,decentralized,0.7994722127914429,09LD2823_r3_c1.png
35.66887740589547,139.75914396423374,decentralized,0.7924458980560303,09LD2823_r3_c1.png
35.66893748570001,139.75911117359374,decentralized,0.763562798500061,09LD2823_r3_c1.png
35.66889043453815,139.75911731978343,decentralized,0.6854154467582703,09LD2823_r3_c1.png
35.66893820276753,139.75914663197713,decentralized,0.6486449241638184,09LD2823_r3_c1.png
35.668931155329524,139.75913875543645,decentralized,0.6199000477790833,09LD2823_r3_c1.png
35.66879269331454,139.7589348702883,decentralized,0.5605177879333496,09LD2823_r3_c1.png
35.668878049064816,139.7591436026058,decentralized,0.5259473919868469,09LD2823_r3_c1.png
35.66898951851875,139.75913008803872,decentralized,0.30506059527397156,09LD2823_r3_c1.png
35.66894218766016,139.75914017806758,decentralized,0.14962981641292572,09LD2823_r3_c1.png
35.668953660438184,139.75920108231125,decentralized,0.1373419463634491,09LD2823_r3_c1.png
35.66889381934645,139.7596600936282,decentralized,0.927563488483429,09LD2823_r3_c2.png
35.66884076167732,139.75969311086442,decentralized,0.9222224950790405,09LD2823_r3_c2.png
35.668906423135255,139.75964598773848,decentralized,0.9150282144546509,09LD2823_r3_c2.png
35.66885233993097,139.7597061572776,decentralized,0.898413360118866,09LD2823_r3_c2.png
35.668863479075725,139.75972005614855,decentralized,0.8864302039146423,09LD2823_r3_c2.png
35.668890346581,139.75969447931993,decentralized,0.8773358464241028,09LD2823_r3_c2.png
35.66888297862227,139.75968341754725,decentralized,0.687916100025177,09LD2823_r3_c2.png
35.668897009278126,139.75968574331696,decentralized,0.15204808115959167,09LD2823_r3_c2.png
35.668842517321124,139.75974916148016,decentralized,0.1473028063774109,09LD2823_r3_c2.png
35.6687762552881,139.75976802722246,decentralized,0.1412137746810913,09LD2823_r3_c2.png
35.6689169770494,139.7596927426357,decentralized,0.10893581062555313,09LD2823_r3_c2.png
35.66892391900628,139.76019373878523,decentralized,0.9349803328514099,09LD2823_r3_c3.png
35.6688655308773,139.76013116832985,decentralized,0.927921712398529,09LD2823_r3_c3.png
35.66876272014691,139.76025698955607,CT,0.9258681535720825,09LD2823_r3_c3.png
35.668739700857074,139.76025577918284,decentralized,0.9230188727378845,09LD2823_r3_c3.png
35.66890812560197,139.7601767743264,decentralized,0.9163420796394348,09LD2823_r3_c3.png
35.66889286537907,139.76035413020952,ACC,0.9096016883850098,09LD2823_r3_c3.png
35.66887675248362,139.76014208215997,decentralized,0.8987283110618591,09LD2823_r3_c3.png
35.66874796681557,139.75997018066568,decentralized,0.8961592316627502,09LD2823_r3_c3.png
35.668929923736954,139.760413441789,decentralized,0.8943033814430237,09LD2823_r3_c3.png
35.669057349721164,139.75994292221438,decentralized,0.8907784223556519,09LD2823_r3_c3.png
35.66876546320027,139.7600425588962,decentralized,0.8878406882286072,09LD2823_r3_c3.png
35.66874009938861,139.76028220846814,decentralized,0.8863005638122559,09LD2823_r3_c3.png
35.66903204279444,139.7599924402648,decentralized,0.8802111148834229,09LD2823_r3_c3.png
35.668895452096045,139.76014953671924,decentralized,0.8751760721206665,09LD2823_r3_c3.png
35.668884954624765,139.76011666685818,decentralized,0.8730645775794983,09LD2823_r3_c3.png
35.66904693146771,139.75991018222084,decentralized,0.866024374961853,09LD2823_r3_c3.png
35.668772160933464,139.76030744700645,decentralized,0.8628456592559814,09LD2823_r3_c3.png
35.66905866207075,139.759916637325,decentralized,0.8487605452537537,09LD2823_r3_c3.png
35.66876002319953,139.76003498537574,decentralized,0.8375799059867859,09LD2823_r3_c3.png
35.66887745367763,139.7601262122895,decentralized,0.8315047025680542,09LD2823_r3_c3.png
35.66887384106374,139.76011570051534,decentralized,0.8264908790588379,09LD2823_r3_c3.png
35.66889238305139,139.76035296118508,decentralized,0.5606468319892883,09LD2823_r3_c3.png
35.66890124901484,139.76014095020437,decentralized,0.5513606667518616,09LD2823_r3_c3.png
35.66906286453942,139.75988773429702,decentralized,0.4961106479167938,09LD2823_r3_c3.png
35.669064818213194,139.76029986463064,decentralized,0.46700379252433777,09LD2823_r3_c3.png
35.66874203422362,139.76006266342864,decentralized,0.45029690861701965,09LD2823_r3_c3.png
35.66905067947559,139.76042482322137,decentralized,0.44103559851646423,09LD2823_r3_c3.png
35.66881620224658,139.7602228099211,decentralized,0.36061811447143555,09LD2823_r3_c3.png
35.66891960802633,139.76006304862668,decentralized,0.2627893388271332,09LD2823_r3_c3.png
35.66887731658138,139.76017613980085,decentralized,0.2524905502796173,09LD2823_r3_c3.png
35.66906592838437,139.7600530049146,decentralized,0.2344847172498703,09LD2823_r3_c3.png
35.66885862967716,139.76020497700642,decentralized,0.22758738696575165,09LD2823_r3_c3.png
35.66885146277439,139.76021114344874,decentralized,0.19497117400169373,09LD2823_r3_c3.png
35.66884976682109,139.76035807357889,decentralized,0.18475334346294403,09LD2823_r3_c3.png
35.66887489261805,139.76012059050493,decentralized,0.18421487510204315,09LD2823_r3_c3.png
35.66890100544277,139.7601407838493,decentralized,0.17597122490406036,09LD2823_r3_c3.png
35.669066642790696,139.7599270707596,decentralized,0.11760900169610977,09LD2823_r3_c3.png
35.669030113134205,139.7604481642224,decentralized,0.9289386868476868,09LD2823_r3_c4.png
35.6690536812111,139.7609543662866,decentralized,0.9230173826217651,09LD2823_r3_c4.png
35.668774687832375,139.76071141256182,decentralized,0.9229205846786499,09LD2823_r3_c4.png
35.66873945033683,139.76093332281008,decentralized,0.9180919528007507,09LD2823_r3_c4.png
35.66901504882755,139.76045982413763,decentralized,0.908814013004303,09LD2823_r3_c4.png
35.66876605810843,139.7606822775003,decentralized,0.9075775742530823,09LD2823_r3_c4.png
35.66878189714116,139.76068423192174,decentralized,0.9050009846687317,09LD2823_r3_c4.png
35.66874437978469,139.76095680787176,decentralized,0.9048252701759338,09LD2823_r3_c4.png
35.66900738600697,139.76049149261246,decentralized,0.9020464420318604,09LD2823_r3_c4.png
35.66881594562769,139.7608416845884,decentralized,0.8939509987831116,09LD2823_r3_c4.png
35.66903683409929,139.76046869248435,decentralized,0.8938063979148865,09LD2823_r3_c4.png
35.668974190148454,139.76087327479536,decentralized,0.893685519695282,09LD2823_r3_c4.png
35.66903733775775,139.76087416410203,decentralized,0.8931915163993835,09LD2823_r3_c4.png
35.669025883781956,139.76046692397037,decentralized,0.892748236656189,09LD2823_r3_c4.png
35.66876436124093,139.7605960708548,decentralized,0.8920866250991821,09LD2823_r3_c4.png
35.66894082587798,139.76081699807202,decentralized,0.8915343284606934,09LD2823_r3_c4.png
35.66893689043127,139.76089796446857,decentralized,0.8901777863502502,09LD2823_r3_c4.png
35.66895421177903,139.76094531293623,decentralized,0.8898265957832336,09LD2823_r3_c4.png
35.6687933064486,139.76069509518427,decentralized,0.8895469307899475,09LD2823_r3_c4.png
35.6689037930724,139.7609659067579,decentralized,0.8881137371063232,09LD2823_r3_c4.png
35.66876641074335,139.76073840016363,decentralized,0.8852169513702393,09LD2823_r3_c4.png
35.66894443826256,139.7608467860058,decentralized,0.8832879066467285,09LD2823_r3_c4.png
35.66895756770941,139.7608789261824,decentralized,0.8822797536849976,09LD2823_r3_c4.png
35.6689783032097,139.76046488786386,decentralized,0.8795719742774963,09LD2823_r3_c4.png
35.6687487640488,139.76088594946228,decentralized,0.8778290152549744,09LD2823_r3_c4.png
35.66896701716624,139.76082881546594,decentralized,0.8739332556724548,09LD2823_r3_c4.png
35.66878231670254,139.7607014450849,decentralized,0.8737589120864868,09LD2823_r3_c4.png
35.66899914398806,139.76054433964532,decentralized,0.8677112460136414,09LD2823_r3_c4.png
35.669040186287056,139.76085481906148,decentralized,0.8671855330467224,09LD2823_r3_c4.png
35.669026749317524,139.7605737677479,decentralized,0.8645855784416199,09LD2823_r3_c4.png
35.66894055782368,139.760860875806,decentralized,0.8610576391220093,09LD2823_r3_c4.png
35.66880721930431,139.7608353508117,decentralized,0.8584825992584229,09LD2823_r3_c4.png
35.66895169644417,139.76043689358735,decentralized,0.8562878966331482,09LD2823_r3_c4.png
35.66880864350065,139.76060532449077,decentralized,0.8470264673233032,09LD2823_r3_c4.png
35.668911341400076,139.76095871936644,decentralized,0.8384613394737244,09LD2823_r3_c4.png
35.668745138510864,139.76089771581582,decentralized,0.8348851799964905,09LD2823_r3_c4.png
35.66879869452056,139.7607159739761,decentralized,0.8289297223091125,09LD2823_r3_c4.png
35.66877617948424,139.76074752870844,decentralized,0.821392834186554,09LD2823_r3_c4.png
35.668760039249456,139.76069641015488,decentralized,0.8157356977462769,09LD2823_r3_c4.png
35.66894646109935,139.76095722701584,decentralized,0.7599332928657532,09LD2823_r3_c4.png
35.66879006931963,139.76058520395287,decentralized,0.7227780818939209,09LD2823_r3_c4.png
35.66904055513277,139.76043223288983,decentralized,0.7002204060554504,09LD2823_r3_c4.png
35.668786446280215,139.7606699953353,decentralized,0.6832334995269775,09LD2823_r3_c4.png
35.66882719725673,139.76062469829876,decentralized,0.6441107988357544,09LD2823_r3_c4.png
35.66889316094537,139.76095263014042,decentralized,0.5793372988700867,09LD2823_r3_c4.png
35.66889325830926,139.76094432508202,decentralized,0.5723813772201538,09LD2823_r3_c4.png
35.66878139470525,139.7607004077581,decentralized,0.5660718679428101,09LD2823_r3_c4.png
35.66897322892738,139.7608637024505,decentralized,0.5384169220924377,09LD2823_r3_c4.png
35.669058585215545,139.76043364186475,decentralized,0.5334858298301697,09LD2823_r3_c4.png
35.66906872473335,139.7608861365858,decentralized,0.41706782579421997,09LD2823_r3_c4.png
35.66878058152124,139.7607327932867,decentralized,0.4169155955314636,09LD2823_r3_c4.png
35.66897228250948,139.7608684780467,decentralized,0.2970162630081177,09LD2823_r3_c4.png
35.668734320028015,139.76095728996842,decentralized,0.28649628162384033,09LD2823_r3_c4.png
35.66877714648006,139.7606966921637,decentralized,0.22314006090164185,09LD2823_r3_c4.png
35.668789628630044,139.7606735634364,decentralized,0.1825752854347229,09LD2823_r3_c4.png
35.66881261093279,139.76097255141818,decentralized,0.13572408258914948,09LD2823_r3_c4.png
35.668805531656425,139.76074792030778,decentralized,0.1267654448747635,09LD2823_r3_c4.png
35.66880058068099,139.7606843415403,decentralized,0.1002778485417366,09LD2823_r3_c4.png
35.668765120551214,139.76127151779016,CT,0.9277000427246094,09LD2823_r3_c5.png
35.668798828329244,139.7614075525502,CT,0.9238115549087524,09LD2823_r3_c5.png
35.66893912940566,139.7611285443877,decentralized,0.905990719795227,09LD2823_r3_c5.png
35.66893976043034,139.76115542721874,decentralized,0.8948190212249756,09LD2823_r3_c5.png
35.669047723401036,139.76118336044928,decentralized,0.888831615447998,09LD2823_r3_c5.png
35.66899936589346,139.7611502513556,decentralized,0.8836554884910583,09LD2823_r3_c5.png
35.66894195786413,139.7610408681683,decentralized,0.8787682056427002,09LD2823_r3_c5.png
35.668766734699815,139.76145625122942,decentralized,0.8754512667655945,09LD2823_r3_c5.png
35.66892772393347,139.7611879152367,decentralized,0.8739544153213501,09LD2823_r3_c5.png
35.66877224697258,139.76148920470035,decentralized,0.8706905245780945,09LD2823_r3_c5.png
35.66891449492731,139.7611740048002,decentralized,0.8705950379371643,09LD2823_r3_c5.png
35.66875394664859,139.76143384525102,decentralized,0.8680261373519897,09LD2823_r3_c5.png
35.66885726518665,139.76129412758806,decentralized,0.8665817975997925,09LD2823_r3_c5.png
35.66883054411466,139.76133933450888,decentralized,0.8645705580711365,09LD2823_r3_c5.png
35.66880938994463,139.7613539557687,CT,0.8603953123092651,09LD2823_r3_c5.png
35.668984121858394,139.76110997554696,decentralized,0.8536733388900757,09LD2823_r3_c5.png
35.66884716815826,139.7613286931528,decentralized,0.8316891193389893,09LD2823_r3_c5.png
35.668765575693705,139.76148151755407,decentralized,0.8186147212982178,09LD2823_r3_c5.png
35.66896900367586,139.76108022740863,decentralized,0.8161933422088623,09LD2823_r3_c5.png
35.66879295614735,139.7613506155488,decentralized,0.8056055903434753,09LD2823_r3_c5.png
35.66881044639769,139.76149185101346,decentralized,0.8050691485404968,09LD2823_r3_c5.png
35.66885391870373,139.76133765745635,decentralized,0.7989075779914856,09LD2823_r3_c5.png
35.668767346655756,139.76150551703338,decentralized,0.7965877056121826,09LD2823_r3_c5.png
35.66891776672,139.76112180075347,decentralized,0.7304423451423645,09LD2823_r3_c5.png
35.66885362210711,139.76151771287124,decentralized,0.7253156900405884,09LD2823_r3_c5.png
35.668765379855756,139.76140819270242,decentralized,0.7194859981536865,09LD2823_r3_c5.png
35.66877443496818,139.7613091653994,decentralized,0.6986462473869324,09LD2823_r3_c5.png
35.66884493681598,139.76134910233583,decentralized,0.5533073544502258,09LD2823_r3_c5.png
35.66875585821067,139.76120560261214,decentralized,0.5029506087303162,09LD2823_r3_c5.png
35.668953169532145,139.76124228783894,decentralized,0.488868772983551,09LD2823_r3_c5.png
35.66897459383019,139.76106670176767,decentralized,0.4640986919403076,09LD2823_r3_c5.png
35.669024195517785,139.76111135193108,decentralized,0.45273151993751526,09LD2823_r3_c5.png
35.66876300863205,139.76131554483297,decentralized,0.37214651703834534,09LD2823_r3_c5.png
35.66876061370639,139.76130930301275,decentralized,0.3713204860687256,09LD2823_r3_c5.png
35.66889889909705,139.760984689134,decentralized,0.31896358728408813,09LD2823_r3_c5.png
35.66882259025994,139.76150489184877,decentralized,0.2761384844779968,09LD2823_r3_c5.png
35.66875222920595,139.76131711302136,decentralized,0.2645142376422882,09LD2823_r3_c5.png
35.66886719852262,139.7613175189822,decentralized,0.21782010793685913,09LD2823_r3_c5.png
35.66882657061143,139.7610988161449,decentralized,0.21213455498218536,09LD2823_r3_c5.png
35.66877141996679,139.7615318420826,decentralized,0.17332297563552856,09LD2823_r3_c5.png
35.668865337865526,139.7613352184401,decentralized,0.16720107197761536,09LD2823_r3_c5.png
35.66878851210216,139.7612789490705,decentralized,0.16173133254051208,09LD2823_r3_c5.png
35.6688722192801,139.76132437999556,decentralized,0.1609545201063156,09LD2823_r3_c5.png
35.668734574608926,139.76133496963288,decentralized,0.14774231612682343,09LD2823_r3_c5.png
35.66873472373413,139.76133548536038,decentralized,0.12442181259393692,09LD2823_r3_c5.png
35.66885043989939,139.76135735580814,decentralized,0.12357623875141144,09LD2823_r3_c5.png
35.66874477417581,139.76121844067185,decentralized,0.11054518073797226,09LD2823_r3_c5.png
35.66876092998243,139.76122021704387,decentralized,0.10733436048030853,09LD2823_r3_c5.png
35.66897608244745,139.76183359624062,decentralized,0.9224185347557068,09LD2823_r3_c6.png
35.668938051615044,139.76196595789196,decentralized,0.9088101983070374,09LD2823_r3_c6.png
35.66900416789936,139.7617879560403,decentralized,0.8974024057388306,09LD2823_r3_c6.png
35.66899990352473,139.76185677198433,decentralized,0.893751323223114,09LD2823_r3_c6.png
35.66904557668198,139.761629926617,decentralized,0.889779806137085,09LD2823_r3_c6.png
35.66896055316928,139.76175858645897,decentralized,0.8864890336990356,09LD2823_r3_c6.png
35.66905491942625,139.76161146009696,decentralized,0.8704014420509338,09LD2823_r3_c6.png
35.6689477575671,139.7619813904491,decentralized,0.8696614503860474,09LD2823_r3_c6.png
35.668788535038196,139.76155012295186,decentralized,0.8657784461975098,09LD2823_r3_c6.png
35.66903363886931,139.7620773925354,decentralized,0.8570324778556824,09LD2823_r3_c6.png
35.66878349654757,139.76159829862175,decentralized,0.8384652733802795,09LD2823_r3_c6.png
35.6690559047035,139.76162814871225,decentralized,0.8241203427314758,09LD2823_r3_c6.png
35.66895073554859,139.76197757399427,decentralized,0.804966390132904,09LD2823_r3_c6.png
35.66890599629372,139.7619349707584,decentralized,0.7864201664924622,09LD2823_r3_c6.png
35.668898477730586,139.7619238875733,decentralized,0.784315288066864,09LD2823_r3_c6.png
35.66901425203265,139.76182305919792,decentralized,0.7736328840255737,09LD2823_r3_c6.png
35.66891490467223,139.76193902790257,decentralized,0.6532069444656372,09LD2823_r3_c6.png
35.66895063354664,139.76199558181966,decentralized,0.6494630575180054,09LD2823_r3_c6.png
35.66906150644086,139.76164180555725,decentralized,0.5583069920539856,09LD2823_r3_c6.png
35.668763165749695,139.76156068304192,decentralized,0.48204806447029114,09LD2823_r3_c6.png
35.66901803276951,139.7618141691438,decentralized,0.42983511090278625,09LD2823_r3_c6.png
35.668859382892926,139.7615861558991,decentralized,0.38433364033699036,09LD2823_r3_c6.png
35.668772240033896,139.76153688156742,decentralized,0.384304940700531,09LD2823_r3_c6.png
35.6688368932519,139.76158146233027,decentralized,0.24108022451400757,09LD2823_r3_c6.png
35.66891102272525,139.76193821524245,decentralized,0.21375051140785217,09LD2823_r3_c6.png
35.668856720592004,139.76155932770158,decentralized,0.19462327659130096,09LD2823_r3_c6.png
35.669015349165406,139.76182000885194,decentralized,0.15743306279182434,09LD2823_r3_c6.png
35.66889278663297,139.76153711575427,decentralized,0.15306061506271362,09LD2823_r3_c6.png
35.6690022520742,139.76215109357574,decentralized,0.9315428137779236,09LD2823_r3_c7.png
35.66883193127785,139.76225852761686,decentralized,0.909570038318634,09LD2823_r3_c7.png
35.66885635057645,139.76229068211313,decentralized,0.9014524221420288,09LD2823_r3_c7.png
35.66902019110754,139.76213595187664,decentralized,0.8967626094818115,09LD2823_r3_c7.png
35.66882187450802,139.7622459976098,decentralized,0.8954119682312012,09LD2823_r3_c7.png
35.66902831464023,139.7621025736181,decentralized,0.8905665874481201,09LD2823_r3_c7.png
35.66881487067725,139.7622727421065,decentralized,0.8869842290878296,09LD2823_r3_c7.png
35.66904295667374,139.76211099696224,decentralized,0.8824876546859741,09LD2823_r3_c7.png
35.66883538487658,139.76222568391626,decentralized,0.8795817494392395,09LD2823_r3_c7.png
35.668959650248574,139.7623407387247,decentralized,0.8565422296524048,09LD2823_r3_c7.png
35.668926129264136,139.76221073439936,decentralized,0.8178710341453552,09LD2823_r3_c7.png
35.66882284021313,139.76215136324146,decentralized,0.8139631152153015,09LD2823_r3_c7.png
35.66881310099686,139.76216645425836,decentralized,0.8071167469024658,09LD2823_r3_c7.png
35.668815991328216,139.76216079496837,decentralized,0.7952033877372742,09LD2823_r3_c7.png
35.66905434992888,139.7620894360939,decentralized,0.7465388774871826,09LD2823_r3_c7.png
35.66904219289729,139.7620884385133,decentralized,0.6833306550979614,09LD2823_r3_c7.png
35.66885463349757,139.76220752056858,decentralized,0.647737443447113,09LD2823_r3_c7.png
35.66884094485663,139.7622465670014,decentralized,0.5351738929748535,09LD2823_r3_c7.png
35.66891752418767,139.76219474390382,decentralized,0.44800952076911926,09LD2823_r3_c7.png
35.66858472595689,139.7582965013584,decentralized,0.918793261051178,09LD2823_r4_c0.png
35.66841701826442,139.7596424721253,decentralized,0.9300893545150757,09LD2823_r4_c2.png
35.66852169907663,139.75981557025597,decentralized,0.9229937195777893,09LD2823_r4_c2.png
35.668650796934905,139.7598627642491,decentralized,0.9182053804397583,09LD2823_r4_c2.png
35.66846409393556,139.75965506528257,decentralized,0.9159019589424133,09LD2823_r4_c2.png
35.66848733466062,139.75970132251595,decentralized,0.9004552960395813,09LD2823_r4_c2.png
35.66861593944269,139.7597522346757,decentralized,0.8987843990325928,09LD2823_r4_c2.png
35.66842992229681,139.75982823860306,decentralized,0.8943977952003479,09LD2823_r4_c2.png
35.66840163168875,139.75976837193855,decentralized,0.8859307169914246,09LD2823_r4_c2.png
35.6686400670287,139.759848240243,decentralized,0.8838608264923096,09LD2823_r4_c2.png
35.668589178576035,139.7597885376105,decentralized,0.877034068107605,09LD2823_r4_c2.png
35.668493060659166,139.75968052284367,decentralized,0.8745027184486389,09LD2823_r4_c2.png
35.66863069134357,139.75985865885335,decentralized,0.8697898983955383,09LD2823_r4_c2.png
35.668682683046995,139.75982354802989,decentralized,0.8682641386985779,09LD2823_r4_c2.png
35.66858257209598,139.75973894063745,decentralized,0.8648070693016052,09LD2823_r4_c2.png
35.66841210645042,139.75981311011682,decentralized,0.8592633008956909,09LD2823_r4_c2.png
35.66840582633119,139.75986053366924,decentralized,0.8534640669822693,09LD2823_r4_c2.png
35.66843635924786,139.7598378428648,decentralized,0.8514578342437744,09LD2823_r4_c2.png
35.6684048927518,139.75955326887276,decentralized,0.8440293073654175,09LD2823_r4_c2.png
35.66865764014794,139.75979069339263,decentralized,0.8255857229232788,09LD2823_r4_c2.png
35.66845021909866,139.75983995336657,decentralized,0.811997652053833,09LD2823_r4_c2.png
35.66848070426006,139.75982456579533,decentralized,0.8046744465827942,09LD2823_r4_c2.png
35.66840592802903,139.75953063871057,decentralized,0.7845296859741211,09LD2823_r4_c2.png
35.66841298408045,139.75978886806956,decentralized,0.7746614813804626,09LD2823_r4_c2.png
35.66845476216648,139.75975144369949,decentralized,0.7586248517036438,09LD2823_r4_c2.png
35.6684032530119,139.75986630773164,decentralized,0.7457439303398132,09LD2823_r4_c2.png
35.668460349264,139.75983702596713,decentralized,0.7403313517570496,09LD2823_r4_c2.png
35.668457592832944,139.75984091700934,decentralized,0.7132732272148132,09LD2823_r4_c2.png
35.66839762176454,139.75976236497922,decentralized,0.6437951922416687,09LD2823_r4_c2.png
35.66864911947201,139.75987467882456,decentralized,0.5669378638267517,09LD2823_r4_c2.png
35.66866594551987,139.75979972876414,decentralized,0.5371891260147095,09LD2823_r4_c2.png
35.66841200722811,139.7595540530714,decentralized,0.39742180705070496,09LD2823_r4_c2.png
35.66839653057963,139.75983685729398,decentralized,0.35878869891166687,09LD2823_r4_c2.png
35.6684525285144,139.75966610356727,decentralized,0.30485862493515015,09LD2823_r4_c2.png
35.66839580821252,139.75975400030526,decentralized,0.2974136471748352,09LD2823_r4_c2.png
35.66839547732394,139.7595485146114,decentralized,0.2929713726043701,09LD2823_r4_c2.png
35.66840732449602,139.75955426520034,decentralized,0.28837862610816956,09LD2823_r4_c2.png
35.66861159147224,139.75979564097253,decentralized,0.15867015719413757,09LD2823_r4_c2.png
35.66857935916262,139.7596970909682,decentralized,0.11250511556863785,09LD2823_r4_c2.png
35.66848799819772,139.76034775935568,decentralized,0.9375649094581604,09LD2823_r4_c3.png
35.66840801636383,139.76029901841048,decentralized,0.922242283821106,09LD2823_r4_c3.png
35.66841585501495,139.76028249746753,decentralized,0.9152570366859436,09LD2823_r4_c3.png
35.66844213555051,139.7604135692977,CT,0.9126787185668945,09LD2823_r4_c3.png
35.66868481772647,139.75993610449777,decentralized,0.9122639298439026,09LD2823_r4_c3.png
35.66859168812597,139.75999820793817,decentralized,0.9113478660583496,09LD2823_r4_c3.png
35.668628416679226,139.7601277683664,decentralized,0.9100431799888611,09LD2823_r4_c3.png
35.668401718431184,139.76031741979014,decentralized,0.9069380164146423,09LD2823_r4_c3.png
35.668509600132815,139.7600041045001,decentralized,0.9016687870025635,09LD2823_r4_c3.png
35.668552898104274,139.75994230912517,decentralized,0.9013674855232239,09LD2823_r4_c3.png
35.668722620858034,139.7599437396566,decentralized,0.8859322667121887,09LD2823_r4_c3.png
35.6685606807776,139.76035949636253,decentralized,0.8838919401168823,09LD2823_r4_c3.png
35.66851836300218,139.760378498386,decentralized,0.8784255981445312,09LD2823_r4_c3.png
35.668639778522135,139.7598872769166,decentralized,0.8765867948532104,09LD2823_r4_c3.png
35.66868467001861,139.75991334326966,decentralized,0.8750172853469849,09LD2823_r4_c3.png
35.668539485786,139.7603727647596,decentralized,0.8745211362838745,09LD2823_r4_c3.png
35.668399352947304,139.7598906745831,decentralized,0.8740309476852417,09LD2823_r4_c3.png
35.668450383304446,139.7602404323711,decentralized,0.8647807240486145,09LD2823_r4_c3.png
35.66859134419261,139.75993589646163,decentralized,0.8586863279342651,09LD2823_r4_c3.png
35.66872421594026,139.75988916733633,decentralized,0.8570310473442078,09LD2823_r4_c3.png
35.66849380022461,139.76028508659084,decentralized,0.8563045859336853,09LD2823_r4_c3.png
35.668608666369785,139.760386118703,decentralized,0.8456807136535645,09LD2823_r4_c3.png
35.668707916787014,139.75990457769228,decentralized,0.8379021286964417,09LD2823_r4_c3.png
35.668509876698046,139.7600186550848,decentralized,0.8151393532752991,09LD2823_r4_c3.png
35.66868017076537,139.75994954814053,decentralized,0.8141046762466431,09LD2823_r4_c3.png
35.668574432378094,139.7599523647002,decentralized,0.8090699315071106,09LD2823_r4_c3.png
35.66868484757604,139.7600286838211,decentralized,0.8044885396957397,09LD2823_r4_c3.png
35.668671256096786,139.75996242553623,decentralized,0.8030157685279846,09LD2823_r4_c3.png
35.66852601679893,139.7600284913904,decentralized,0.7970629930496216,09LD2823_r4_c3.png
35.668605681708414,139.76001758470318,decentralized,0.7691956758499146,09LD2823_r4_c3.png
35.668602894500445,139.75997982376754,decentralized,0.7635594606399536,09LD2823_r4_c3.png
35.66852585743358,139.76035778094683,decentralized,0.7447808980941772,09LD2823_r4_c3.png
35.668550800889534,139.7599601656428,decentralized,0.7313393354415894,09LD2823_r4_c3.png
35.66844540760092,139.75994100980927,decentralized,0.7285954356193542,09LD2823_r4_c3.png
35.668677858092295,139.75995101834408,decentralized,0.726597011089325,09LD2823_r4_c3.png
35.66847348653443,139.7599528337296,decentralized,0.6732427477836609,09LD2823_r4_c3.png
35.6685788716702,139.75996910903513,decentralized,0.656805694103241,09LD2823_r4_c3.png
35.66857794567798,139.7599714354089,decentralized,0.6536828875541687,09LD2823_r4_c3.png
35.6685142316002,139.7604203243569,decentralized,0.6468498110771179,09LD2823_r4_c3.png
35.668706530214216,139.75994419366077,decentralized,0.6407830715179443,09LD2823_r4_c3.png
35.66858684800106,139.75997609972313,decentralized,0.6281111836433411,09LD2823_r4_c3.png
35.66859876683158,139.7600426023989,decentralized,0.6060205698013306,09LD2823_r4_c3.png
35.66856196296193,139.75995763276805,decentralized,0.5429406762123108,09LD2823_r4_c3.png
35.66841288014155,139.75992959052073,decentralized,0.5238880515098572,09LD2823_r4_c3.png
35.66862209875963,139.76040523452141,decentralized,0.4749370515346527,09LD2823_r4_c3.png
35.668582824906,139.76010260695753,decentralized,0.4169289171695709,09LD2823_r4_c3.png
35.66863732327612,139.7604275317965,decentralized,0.3157320022583008,09LD2823_r4_c3.png
35.66867574960854,139.76008969827586,decentralized,0.30941739678382874,09LD2823_r4_c3.png
35.66842486539845,139.7601763874977,decentralized,0.2809882164001465,09LD2823_r4_c3.png
35.66869000418253,139.75990638126765,decentralized,0.25578609108924866,09LD2823_r4_c3.png
35.668568819760054,139.75996359149303,decentralized,0.24360054731369019,09LD2823_r4_c3.png
35.66863042996139,139.76004412756242,decentralized,0.14538203179836273,09LD2823_r4_c3.png
35.66866873392668,139.76042747583043,decentralized,0.13758014142513275,09LD2823_r4_c3.png
35.66868112552442,139.76002666647307,decentralized,0.13109400868415833,09LD2823_r4_c3.png
35.66868925872186,139.76003417167144,decentralized,0.10097450762987137,09LD2823_r4_c3.png
35.66864626885834,139.7608156200026,decentralized,0.9368499517440796,09LD2823_r4_c4.png
35.66848808574028,139.76071768912087,decentralized,0.9230103492736816,09LD2823_r4_c4.png
35.668650905770484,139.7607975374861,decentralized,0.9200310111045837,09LD2823_r4_c4.png
35.66865935316424,139.7605779836413,decentralized,0.9170825481414795,09LD2823_r4_c4.png
35.668514126072694,139.76061794563526,decentralized,0.9114473462104797,09LD2823_r4_c4.png
35.66849638920439,139.76057032996724,decentralized,0.9089580178260803,09LD2823_r4_c4.png
35.66851668523709,139.76064994652367,decentralized,0.9081080555915833,09LD2823_r4_c4.png
35.668709544594606,139.7605121971316,decentralized,0.907484233379364,09LD2823_r4_c4.png
35.66869043906997,139.76050536113672,decentralized,0.9042394757270813,09LD2823_r4_c4.png
35.66864693446165,139.76048172543858,decentralized,0.9037031531333923,09LD2823_r4_c4.png
35.668717375959325,139.7606570644298,decentralized,0.9025889039039612,09LD2823_r4_c4.png
35.668502648861974,139.7604642208531,decentralized,0.9007968902587891,09LD2823_r4_c4.png
35.66867245328218,139.76048621112776,decentralized,0.8991702198982239,09LD2823_r4_c4.png
35.668529554678194,139.76071412104383,decentralized,0.8955116868019104,09LD2823_r4_c4.png
35.66846394718749,139.7605810323558,decentralized,0.8954989314079285,09LD2823_r4_c4.png
35.66867451427825,139.76082097979958,decentralized,0.8913193941116333,09LD2823_r4_c4.png
35.66845825408508,139.7604516307993,decentralized,0.8875462412834167,09LD2823_r4_c4.png
35.66847106885309,139.76066799191005,decentralized,0.8870707750320435,09LD2823_r4_c4.png
35.66844383999059,139.76087629085518,decentralized,0.8854518532752991,09LD2823_r4_c4.png
35.66845633269122,139.76067379401314,decentralized,0.8838656544685364,09LD2823_r4_c4.png
35.66866546685131,139.76060692774405,decentralized,0.8832336664199829,09LD2823_r4_c4.png
35.668454285577454,139.76072429683143,decentralized,0.8789125680923462,09LD2823_r4_c4.png
35.6686741047024,139.76062672429708,decentralized,0.8785080313682556,09LD2823_r4_c4.png
35.66869280444299,139.76056724865583,decentralized,0.8754960298538208,09LD2823_r4_c4.png
35.66847233034858,139.76046977460138,decentralized,0.8744064569473267,09LD2823_r4_c4.png
35.66844462588732,139.76084781717915,decentralized,0.8718144297599792,09LD2823_r4_c4.png
35.66870666600204,139.7609280269028,decentralized,0.8714343309402466,09LD2823_r4_c4.png
35.668684096482195,139.76080404787,decentralized,0.8701369166374207,09LD2823_r4_c4.png
35.66859159579436,139.76059451399277,decentralized,0.869648814201355,09LD2823_r4_c4.png
35.668541094394186,139.7606747916183,decentralized,0.8689582347869873,09LD2823_r4_c4.png
35.668640722576626,139.7604575997449,decentralized,0.868938148021698,09LD2823_r4_c4.png
35.66857743199787,139.76068184872884,decentralized,0.8641364574432373,09LD2823_r4_c4.png
35.668648061545355,139.76071609215992,decentralized,0.859552264213562,09LD2823_r4_c4.png
35.66870866845258,139.76054761957337,decentralized,0.8585097789764404,09LD2823_r4_c4.png
35.66848366552448,139.76072594984709,decentralized,0.8572062253952026,09LD2823_r4_c4.png
35.668584703919564,139.7605883826078,decentralized,0.8549813628196716,09LD2823_r4_c4.png
35.668456570769614,139.76088055235965,decentralized,0.8544674515724182,09LD2823_r4_c4.png
35.66855824541514,139.76066096108036,decentralized,0.8537515997886658,09LD2823_r4_c4.png
35.668418337204656,139.76081957145922,decentralized,0.8530027270317078,09LD2823_r4_c4.png
35.66856360739188,139.7606576401082,decentralized,0.8497193455696106,09LD2823_r4_c4.png
35.668726854607975,139.76087354115577,decentralized,0.8495885729789734,09LD2823_r4_c4.png
35.66851338883171,139.76053353016397,decentralized,0.8481082320213318,09LD2823_r4_c4.png
35.66868825745236,139.76082557641126,decentralized,0.8480979204177856,09LD2823_r4_c4.png
35.668704090232545,139.76082601303008,decentralized,0.843265175819397,09LD2823_r4_c4.png
35.66864427695891,139.76056233628614,decentralized,0.8371162414550781,09LD2823_r4_c4.png
35.668628443084366,139.76059154916405,decentralized,0.8281005620956421,09LD2823_r4_c4.png
35.668505597873356,139.76065760433323,decentralized,0.8179314136505127,09LD2823_r4_c4.png
35.668606728445255,139.76070653034884,decentralized,0.8103234767913818,09LD2823_r4_c4.png
35.668564298684295,139.7607662562592,decentralized,0.806604266166687,09LD2823_r4_c4.png
35.66852784274595,139.76062673049313,decentralized,0.8036521673202515,09LD2823_r4_c4.png
35.6686946366208,139.76084221391528,decentralized,0.8020959496498108,09LD2823_r4_c4.png
35.66867317287567,139.76084600264846,decentralized,0.7947758436203003,09LD2823_r4_c4.png
35.66870001229678,139.7604671467274,decentralized,0.779850959777832,09LD2823_r4_c4.png
35.66869465349778,139.7608414901505,decentralized,0.7788330912590027,09LD2823_r4_c4.png
35.66872951624585,139.76094595883814,decentralized,0.7565776705741882,09LD2823_r4_c4.png
35.668619630456796,139.76044260280239,decentralized,0.7551409006118774,09LD2823_r4_c4.png
35.668695010983676,139.76081666976935,decentralized,0.7489290833473206,09LD2823_r4_c4.png
35.66848281551864,139.76063779155066,decentralized,0.733400821685791,09LD2823_r4_c4.png
35.6686293852834,139.76046411010958,decentralized,0.7177004218101501,09LD2823_r4_c4.png
35.66862366171026,139.7604359143855,decentralized,0.7083505392074585,09LD2823_r4_c4.png
35.66863628580198,139.76057407824203,decentralized,0.6953001618385315,09LD2823_r4_c4.png
35.668553616722576,139.76051069259552,decentralized,0.6293085813522339,09LD2823_r4_c4.png
35.66868127377446,139.76083532994883,decentralized,0.6162567734718323,09LD2823_r4_c4.png
35.668641730624294,139.76057522133854,decentralized,0.5895347595214844,09LD2823_r4_c4.png
35.66848843118764,139.76089265991237,decentralized,0.5842674970626831,09LD2823_r4_c4.png
35.66864030320211,139.760572835189,decentralized,0.5529427528381348,09LD2823_r4_c4.png
35.668519797145755,139.76069573810398,decentralized,0.5334769487380981,09LD2823_r4_c4.png
35.668731496055706,139.76088177372017,decentralized,0.5298423171043396,09LD2823_r4_c4.png
35.668429179671826,139.760843814801,decentralized,0.4743092656135559,09LD2823_r4_c4.png
35.6685459023433,139.76070658915103,decentralized,0.45852285623550415,09LD2823_r4_c4.png
35.668481866113545,139.76059059648307,decentralized,0.4484057128429413,09LD2823_r4_c4.png
35.668670599139546,139.7608435540708,decentralized,0.4350602924823761,09LD2823_r4_c4.png
35.66864244744547,139.76043355336398,decentralized,0.3766128122806549,09LD2823_r4_c4.png
35.66863580030728,139.76058482802375,decentralized,0.3755814731121063,09LD2823_r4_c4.png
35.668715370780205,139.76082284408488,decentralized,0.3485349118709564,09LD2823_r4_c4.png
35.6686166823215,139.76049392488736,decentralized,0.3457600176334381,09LD2823_r4_c4.png
35.66855498625142,139.76072207623184,decentralized,0.3268786072731018,09LD2823_r4_c4.png
35.66858247161662,139.76085845288992,decentralized,0.29613322019577026,09LD2823_r4_c4.png
35.66860994483185,139.76050461344846,decentralized,0.2472837269306183,09LD2823_r4_c4.png
35.66860007855895,139.76051786506372,decentralized,0.22644828259944916,09LD2823_r4_c4.png
35.66869510905807,139.76068686114084,decentralized,0.21979890763759613,09LD2823_r4_c4.png
35.66869283352133,139.7608194877546,decentralized,0.21873275935649872,09LD2823_r4_c4.png
35.66866132976269,139.76043185519438,decentralized,0.2056526094675064,09LD2823_r4_c4.png
35.66873007672056,139.76079176165814,decentralized,0.15807101130485535,09LD2823_r4_c4.png
35.66844646296378,139.7608724059701,decentralized,0.15672530233860016,09LD2823_r4_c4.png
35.66861659882757,139.76058388249157,decentralized,0.13741640746593475,09LD2823_r4_c4.png
35.66873044833002,139.76049539921024,decentralized,0.13449212908744812,09LD2823_r4_c4.png
35.66852105571573,139.76069869357707,decentralized,0.127081498503685,09LD2823_r4_c4.png
35.668639183674856,139.76089264510497,decentralized,0.12506268918514252,09LD2823_r4_c4.png
35.66844903396915,139.76086842037347,decentralized,0.11738725751638412,09LD2823_r4_c4.png
35.668397691781244,139.76096248192667,decentralized,0.11294256150722504,09LD2823_r4_c4.png
35.66873018990925,139.76095146516735,decentralized,0.10299110412597656,09LD2823_r4_c4.png
35.66860867189559,139.76131521350598,decentralized,0.938310444355011,09LD2823_r4_c5.png
35.668677124133715,139.7612212139067,decentralized,0.9221639037132263,09LD2823_r4_c5.png
35.668522822864894,139.76116100254575,decentralized,0.9191604852676392,09LD2823_r4_c5.png
35.66859371969909,139.76121640327597,decentralized,0.9188479781150818,09LD2823_r4_c5.png
35.66850841160592,139.76099906400944,decentralized,0.9163910746574402,09LD2823_r4_c5.png
35.66857573775662,139.76110091529753,decentralized,0.9144625067710876,09LD2823_r4_c5.png
35.668422137147154,139.7611600809039,decentralized,0.9137973189353943,09LD2823_r4_c5.png
35.66852438716288,139.76118792811928,decentralized,0.9128732681274414,09LD2823_r4_c5.png
35.66870400387393,139.761246202074,decentralized,0.9097515344619751,09LD2823_r4_c5.png
35.66855860799182,139.7610830856729,decentralized,0.9068539142608643,09LD2823_r4_c5.png
35.66872189794157,139.76135341472346,decentralized,0.9063441157341003,09LD2823_r4_c5.png
35.66852646127597,139.761100407118,decentralized,0.905772864818573,09LD2823_r4_c5.png
35.66844309936913,139.76118818425167,decentralized,0.9044789671897888,09LD2823_r4_c5.png
35.6686300267652,139.7611671668173,decentralized,0.9037946462631226,09LD2823_r4_c5.png
35.66856830150796,139.76122403200125,decentralized,0.902722179889679,09LD2823_r4_c5.png
35.66860493246143,139.7612969939709,decentralized,0.8977276086807251,09LD2823_r4_c5.png
35.66855119735878,139.76106267446724,decentralized,0.8948708772659302,09LD2823_r4_c5.png
35.668680466224785,139.76117440142272,decentralized,0.8929769992828369,09LD2823_r4_c5.png
35.668593791608906,139.76116691488556,decentralized,0.8924679756164551,09LD2823_r4_c5.png
35.668518698755335,139.76114785737252,decentralized,0.8903169631958008,09LD2823_r4_c5.png
35.66863883263316,139.7614720451455,decentralized,0.8897824287414551,09LD2823_r4_c5.png
35.66848125243415,139.76120296851212,decentralized,0.8885910511016846,09LD2823_r4_c5.png
35.66869159544096,139.76123918738168,decentralized,0.8874765038490295,09LD2823_r4_c5.png
35.668579084457285,139.7613316457092,decentralized,0.8863648772239685,09LD2823_r4_c5.png
35.66855867985081,139.76114616572488,decentralized,0.8861667513847351,09LD2823_r4_c5.png
35.66843286067768,139.76111199413833,decentralized,0.8860713839530945,09LD2823_r4_c5.png
35.668568302363916,139.761321946106,decentralized,0.885874330997467,09LD2823_r4_c5.png
35.668584010261384,139.76134656516942,decentralized,0.8839005827903748,09LD2823_r4_c5.png
35.66861359744968,139.76127354104017,decentralized,0.8808779716491699,09LD2823_r4_c5.png
35.668653494961234,139.76104954085707,decentralized,0.8797899484634399,09LD2823_r4_c5.png
35.668501367930624,139.76108247227512,decentralized,0.877659022808075,09LD2823_r4_c5.png
35.668453664478356,139.76119882460196,decentralized,0.8738051652908325,09LD2823_r4_c5.png
35.66843699869959,139.7610540085606,decentralized,0.8733149170875549,09LD2823_r4_c5.png
35.66840090578295,139.7610370749663,decentralized,0.8725086450576782,09LD2823_r4_c5.png
35.66856856817886,139.7610405194123,decentralized,0.8720577955245972,09LD2823_r4_c5.png
35.668561323375364,139.76121200197474,decentralized,0.8704923987388611,09LD2823_r4_c5.png
35.66863250348684,139.76127703087775,decentralized,0.8658084869384766,09LD2823_r4_c5.png
35.66868699213199,139.7611975569988,decentralized,0.8599062561988831,09LD2823_r4_c5.png
35.66843644372058,139.76110464814693,decentralized,0.8571103811264038,09LD2823_r4_c5.png
35.668597765476626,139.76128150733436,decentralized,0.8540944457054138,09LD2823_r4_c5.png
35.66860588692635,139.7611761426166,decentralized,0.8530261516571045,09LD2823_r4_c5.png
35.66871427219382,139.7612691693841,decentralized,0.8464541435241699,09LD2823_r4_c5.png
35.66857802906869,139.76105408778596,decentralized,0.8462351560592651,09LD2823_r4_c5.png
35.6684281748096,139.7610707612824,decentralized,0.8440425395965576,09LD2823_r4_c5.png
35.66866672771694,139.76143234257182,decentralized,0.8413869142532349,09LD2823_r4_c5.png
35.66845963094072,139.76107619773214,decentralized,0.839197039604187,09LD2823_r4_c5.png
35.66858334651448,139.76129824589364,decentralized,0.8386427760124207,09LD2823_r4_c5.png
35.668447190546495,139.76109129312405,decentralized,0.8373935222625732,09LD2823_r4_c5.png
35.66844305766207,139.76109677537332,decentralized,0.8366601467132568,09LD2823_r4_c5.png
35.66842389661213,139.7610830899575,decentralized,0.8286131620407104,09LD2823_r4_c5.png
35.668628037420966,139.76118445235232,decentralized,0.8202210068702698,09LD2823_r4_c5.png
35.66871007049375,139.761110532442,decentralized,0.8133455514907837,09LD2823_r4_c5.png
35.66863979017603,139.76117896510047,decentralized,0.8071163296699524,09LD2823_r4_c5.png
35.66851925385354,139.76121404340302,decentralized,0.8034442067146301,09LD2823_r4_c5.png
35.66859016120203,139.7613821960566,decentralized,0.8005568981170654,09LD2823_r4_c5.png
35.668532171514634,139.7612727195943,decentralized,0.8003860116004944,09LD2823_r4_c5.png
35.66853150708826,139.7612518233569,decentralized,0.7946450114250183,09LD2823_r4_c5.png
35.66842522208449,139.76109457240804,decentralized,0.7899659276008606,09LD2823_r4_c5.png
35.66859459396687,139.7609852435633,decentralized,0.7797667384147644,09LD2823_r4_c5.png
35.668504889052116,139.76131403104364,decentralized,0.7746203541755676,09LD2823_r4_c5.png
35.66859551310403,139.76099963342926,decentralized,0.7600063681602478,09LD2823_r4_c5.png
35.66862053368251,139.76126238184347,decentralized,0.7551562190055847,09LD2823_r4_c5.png
35.66871251789659,139.76125234565143,decentralized,0.7480783462524414,09LD2823_r4_c5.png
35.668590738327566,139.7610392823159,decentralized,0.7093960046768188,09LD2823_r4_c5.png
35.66841798524021,139.76107664800256,decentralized,0.691794216632843,09LD2823_r4_c5.png
35.668721092486216,139.7612500644689,decentralized,0.6825925707817078,09LD2823_r4_c5.png
35.66858387621616,139.76115508147018,decentralized,0.6758264303207397,09LD2823_r4_c5.png
35.66871969053599,139.76123548267736,decentralized,0.6514144539833069,09LD2823_r4_c5.png
35.66848406382569,139.76110048226602,decentralized,0.6406407952308655,09LD2823_r4_c5.png
35.66858437740472,139.76119478450826,decentralized,0.6294392943382263,09LD2823_r4_c5.png
35.66844856375454,139.76107734630108,decentralized,0.6065053343772888,09LD2823_r4_c5.png
35.66842406952255,139.76121519545453,decentralized,0.5950167775154114,09LD2823_r4_c5.png
35.668590747364334,139.7611477926786,decentralized,0.5910392999649048,09LD2823_r4_c5.png
35.66872198720338,139.76127935559097,decentralized,0.5719279646873474,09LD2823_r4_c5.png
35.66855262005014,139.76122571055618,decentralized,0.5660876631736755,09LD2823_r4_c5.png
35.66870777208032,139.7612578898218,decentralized,0.5427238941192627,09LD2823_r4_c5.png
35.66860043459115,139.76112906072765,decentralized,0.503132700920105,09LD2823_r4_c5.png
35.66855132487197,139.76113794996647,decentralized,0.4628492295742035,09LD2823_r4_c5.png
35.668654443718374,139.761235933997,decentralized,0.41128239035606384,09LD2823_r4_c5.png
35.66843234596074,139.7612313985648,decentralized,0.3939201831817627,09LD2823_r4_c5.png
35.6686413869915,139.76116895529634,decentralized,0.37493833899497986,09LD2823_r4_c5.png
35.66871794353095,139.7612741883076,decentralized,0.34104710817337036,09LD2823_r4_c5.png
35.66872454174542,139.76132014170344,decentralized,0.32799288630485535,09LD2823_r4_c5.png
35.6687133808145,139.76138371990692,decentralized,0.32312455773353577,09LD2823_r4_c5.png
35.66863501240675,139.7612387852985,decentralized,0.3011750280857086,09LD2823_r4_c5.png
35.6685294429827,139.76152750488436,decentralized,0.2506612241268158,09LD2823_r4_c5.png
35.66855920513033,139.76098891208582,decentralized,0.20535333454608917,09LD2823_r4_c5.png
35.668525598425205,139.76153159799222,decentralized,0.14110645651817322,09LD2823_r4_c5.png
35.66868965675917,139.7610705051924,decentralized,0.1273604929447174,09LD2823_r4_c5.png
35.668728464081006,139.76108488681243,CT,0.11354514211416245,09LD2823_r4_c5.png
35.66863483015725,139.7611681045814,decentralized,0.11008365452289581,09LD2823_r4_c5.png
35.66859602997335,139.76099935696536,decentralized,0.10552404075860977,09LD2823_r4_c5.png
35.66855596831756,139.76114380361267,decentralized,0.10099372267723083,09LD2823_r4_c5.png
35.668463343227856,139.76098449482217,decentralized,0.10081379115581512,09LD2823_r4_c5.png
35.66842515726368,139.76178597755506,decentralized,0.934836208820343,09LD2823_r4_c6.png
35.66845685089237,139.7616854205613,decentralized,0.9254069924354553,09LD2823_r4_c6.png
35.668480217586946,139.7617303252266,decentralized,0.9241215586662292,09LD2823_r4_c6.png
35.66845427740798,139.76174966772612,decentralized,0.9238646626472473,09LD2823_r4_c6.png
35.668546428447286,139.7616330597071,decentralized,0.9226385951042175,09LD2823_r4_c6.png
35.668428288159504,139.7618290800378,decentralized,0.922508955001831,09LD2823_r4_c6.png
35.66861692176684,139.7618768426688,decentralized,0.9204902648925781,09LD2823_r4_c6.png
35.6684179677652,139.7617038593294,decentralized,0.9200646877288818,09LD2823_r4_c6.png
35.66846672021492,139.7618048667683,decentralized,0.9153189659118652,09LD2823_r4_c6.png
35.66869431557132,139.76170122053065,decentralized,0.9137431383132935,09LD2823_r4_c6.png
35.66855713535447,139.76182138030862,decentralized,0.911405086517334,09LD2823_r4_c6.png
35.66843951982659,139.76172660967993,decentralized,0.9103206992149353,09LD2823_r4_c6.png
35.66845719714867,139.76182029280196,decentralized,0.9073767066001892,09LD2823_r4_c6.png
35.66846944588166,139.76171889028078,decentralized,0.906486988067627,09LD2823_r4_c6.png
35.66842511479569,139.76167999809556,decentralized,0.9007220268249512,09LD2823_r4_c6.png
35.66851394264876,139.76176081561312,decentralized,0.900593638420105,09LD2823_r4_c6.png
35.66862404113492,139.7618680267462,decentralized,0.8999149799346924,09LD2823_r4_c6.png
35.66843643566793,139.7617742395675,decentralized,0.89279705286026,09LD2823_r4_c6.png
35.668484072590914,139.7617813468852,decentralized,0.8921815156936646,09LD2823_r4_c6.png
35.66853386349041,139.76162017084965,decentralized,0.8889632225036621,09LD2823_r4_c6.png
35.66853168159106,139.7617945629125,decentralized,0.8877918124198914,09LD2823_r4_c6.png
35.66850663941906,139.7617511763129,decentralized,0.882505476474762,09LD2823_r4_c6.png
35.66851479975996,139.761727891094,decentralized,0.8672922253608704,09LD2823_r4_c6.png
35.668493381710974,139.76174692457667,decentralized,0.8478914499282837,09LD2823_r4_c6.png
35.668511638876254,139.76173360896306,decentralized,0.8424631953239441,09LD2823_r4_c6.png
35.66858954952881,139.76174843044356,decentralized,0.8261326551437378,09LD2823_r4_c6.png
35.66860898491836,139.7616740028882,decentralized,0.8166764378547668,09LD2823_r4_c6.png
35.66859666032113,139.76166262662628,decentralized,0.8036859035491943,09LD2823_r4_c6.png
35.66860526837606,139.76167049067698,decentralized,0.7983354330062866,09LD2823_r4_c6.png
35.66848999815219,139.7617018294367,decentralized,0.7918909192085266,09LD2823_r4_c6.png
35.66861109068109,139.7616641188775,decentralized,0.789544939994812,09LD2823_r4_c6.png
35.66843995793632,139.76165632222424,decentralized,0.7663361430168152,09LD2823_r4_c6.png
35.668615361523656,139.76165608628565,decentralized,0.7216535806655884,09LD2823_r4_c6.png
35.66859003918126,139.76189630765214,decentralized,0.718614399433136,09LD2823_r4_c6.png
35.66863402805526,139.76172998642483,decentralized,0.6828472018241882,09LD2823_r4_c6.png
35.668404951826055,139.76164696801595,decentralized,0.6364680528640747,09LD2823_r4_c6.png
35.668516208483574,139.76166202167116,decentralized,0.6269486546516418,09LD2823_r4_c6.png
35.66861884805887,139.7617138028219,decentralized,0.6004242300987244,09LD2823_r4_c6.png
35.668522045737674,139.76167540649047,decentralized,0.5736938118934631,09LD2823_r4_c6.png
35.668631553597905,139.76160714629734,decentralized,0.5496453046798706,09LD2823_r4_c6.png
35.668436450131,139.76177381289094,decentralized,0.5313785076141357,09LD2823_r4_c6.png
35.668500141104225,139.76176848949547,decentralized,0.4773552715778351,09LD2823_r4_c6.png
35.66860274188895,139.76175996564314,decentralized,0.428754597902298,09LD2823_r4_c6.png
35.66859622740106,139.76188791046386,decentralized,0.4086648225784302,09LD2823_r4_c6.png
35.66839677713879,139.7615946931564,decentralized,0.3792397677898407,09LD2823_r4_c6.png
35.66849307156915,139.76172792305468,decentralized,0.3333224058151245,09LD2823_r4_c6.png
35.66851270136682,139.76167151278008,decentralized,0.31641072034835815,09LD2823_r4_c6.png
35.66844677927702,139.76178703715766,decentralized,0.23792476952075958,09LD2823_r4_c6.png
35.668397628370926,139.76160019668006,decentralized,0.12092889100313187,09LD2823_r4_c6.png
35.66858468269139,139.76261644828796,decentralized,0.9081529378890991,09LD2823_r4_c7.png
35.668436640612484,139.76262407285526,decentralized,0.9001454710960388,09LD2823_r4_c7.png
35.66846155974655,139.7626347290372,decentralized,0.6115454435348511,09LD2823_r4_c7.png
35.66844716265707,139.76262497158098,decentralized,0.5874765515327454,09LD2823_r4_c7.png
35.66844095975109,139.76263458610183,decentralized,0.15211306512355804,09LD2823_r4_c7.png
35.668438862370984,139.76263641730904,decentralized,0.1459926962852478,09LD2823_r4_c7.png
35.66834826911789,139.75970928242253,decentralized,0.9406145811080933,09LD2823_r5_c2.png
35.66827376832695,139.75955942867267,decentralized,0.9214339256286621,09LD2823_r5_c2.png
35.66829810752239,139.759671085435,decentralized,0.9141102433204651,09LD2823_r5_c2.png
35.66833452857091,139.75954115551642,decentralized,0.9100733995437622,09LD2823_r5_c2.png
35.668325365924176,139.75975415559088,decentralized,0.9099884033203125,09LD2823_r5_c2.png
35.668274553882206,139.75958375049194,decentralized,0.9084815382957458,09LD2823_r5_c2.png
35.668266166487626,139.7595744593388,decentralized,0.9065894484519958,09LD2823_r5_c2.png
35.66835886049238,139.7598233230422,decentralized,0.9048680067062378,09LD2823_r5_c2.png
35.66828640328271,139.7595666445449,decentralized,0.9026233553886414,09LD2823_r5_c2.png
35.66834863500697,139.75955213860854,decentralized,0.9007564783096313,09LD2823_r5_c2.png
35.66826082859889,139.7597789876434,decentralized,0.8842741250991821,09LD2823_r5_c2.png
35.66836460403184,139.75954488237034,decentralized,0.8828079700469971,09LD2823_r5_c2.png
35.66832497828733,139.75977378955906,decentralized,0.8700894117355347,09LD2823_r5_c2.png
35.66828421993449,139.75963358554083,decentralized,0.864753246307373,09LD2823_r5_c2.png
35.66833280871991,139.7598457335401,decentralized,0.863868772983551,09LD2823_r5_c2.png
35.66831409285035,139.75967191312012,decentralized,0.8482788801193237,09LD2823_r5_c2.png
35.668354356675664,139.7595592451217,decentralized,0.8442978262901306,09LD2823_r5_c2.png
35.66834634102109,139.75983412336345,decentralized,0.8166952729225159,09LD2823_r5_c2.png
35.668321231820045,139.75969448494712,decentralized,0.7872491478919983,09LD2823_r5_c2.png
35.66833324750494,139.75962649792442,decentralized,0.7845186591148376,09LD2823_r5_c2.png
35.668321525527034,139.75956156138201,decentralized,0.7764263153076172,09LD2823_r5_c2.png
35.6683205237494,139.75969523698544,decentralized,0.7727668285369873,09LD2823_r5_c2.png
35.668386164025534,139.75951041272475,decentralized,0.7692564725875854,09LD2823_r5_c2.png
35.66827504661885,139.75963371863054,decentralized,0.7544251084327698,09LD2823_r5_c2.png
35.668232813237296,139.75967506298113,decentralized,0.6973903179168701,09LD2823_r5_c2.png
35.668290437451155,139.75958820237588,decentralized,0.6870018839836121,09LD2823_r5_c2.png
35.66835797664232,139.75980930110435,decentralized,0.6383599042892456,09LD2823_r5_c2.png
35.6683439400171,139.7598417657908,decentralized,0.6071552634239197,09LD2823_r5_c2.png
35.66823987657905,139.7596546741431,decentralized,0.5700038075447083,09LD2823_r5_c2.png
35.66824693327254,139.75975667855568,decentralized,0.5512577295303345,09LD2823_r5_c2.png
35.66839050814012,139.75978206062084,decentralized,0.5469617247581482,09LD2823_r5_c2.png
35.6683830909024,139.75953502329602,decentralized,0.48179399967193604,09LD2823_r5_c2.png
35.668382120710085,139.7595071168939,decentralized,0.4523477554321289,09LD2823_r5_c2.png
35.66838659657917,139.7594725522819,decentralized,0.4211309254169464,09LD2823_r5_c2.png
35.668382713753225,139.75987537463152,decentralized,0.40817147493362427,09LD2823_r5_c2.png
35.66828177187717,139.75955362925262,decentralized,0.3304416537284851,09LD2823_r5_c2.png
35.668281379304965,139.75963577368196,decentralized,0.1993253082036972,09LD2823_r5_c2.png
35.66825442586343,139.7596120254534,decentralized,0.14660879969596863,09LD2823_r5_c2.png
35.668329114026605,139.75963138406138,decentralized,0.1340235322713852,09LD2823_r5_c2.png
35.66829628191842,139.75953505406028,decentralized,0.12222976237535477,09LD2823_r5_c2.png
35.668159804122,139.7603662668565,decentralized,0.9538671374320984,09LD2823_r5_c3.png
35.668150711926906,139.76037873938114,decentralized,0.9453561902046204,09LD2823_r5_c3.png
35.6681397247865,139.76034560292396,decentralized,0.9361112713813782,09LD2823_r5_c3.png
35.66825057857328,139.76013202205473,decentralized,0.9274541735649109,09LD2823_r5_c3.png
35.66814350854469,139.76036173837642,decentralized,0.9202315211296082,09LD2823_r5_c3.png
35.668264811525624,139.76016530319785,decentralized,0.9023010730743408,09LD2823_r5_c3.png
35.66823161973495,139.7600911325141,decentralized,0.8966071605682373,09LD2823_r5_c3.png
35.66820383811318,139.76034255722,decentralized,0.8902340531349182,09LD2823_r5_c3.png
35.66815954519222,139.76033939853394,decentralized,0.8817950487136841,09LD2823_r5_c3.png
35.66808933253446,139.76019205068562,CT,0.8815346360206604,09LD2823_r5_c3.png
35.668282811076416,139.76016656018825,decentralized,0.8810005784034729,09LD2823_r5_c3.png
35.668257598570996,139.7601101848569,decentralized,0.8787578344345093,09LD2823_r5_c3.png
35.66818812524608,139.7603637185282,decentralized,0.8762146830558777,09LD2823_r5_c3.png
35.66833276138851,139.76017947913948,decentralized,0.8721908926963806,09LD2823_r5_c3.png
35.6682744514225,139.76015627695776,decentralized,0.8718584775924683,09LD2823_r5_c3.png
35.668223456627764,139.76010245028533,decentralized,0.8656715154647827,09LD2823_r5_c3.png
35.6682455463646,139.7603699301606,decentralized,0.8627320528030396,09LD2823_r5_c3.png
35.668231488528086,139.76036828386663,decentralized,0.8601353168487549,09LD2823_r5_c3.png
35.66819613262335,139.76040290174765,decentralized,0.8598010540008545,09LD2823_r5_c3.png
35.66825934074237,139.76014119519147,decentralized,0.8538810014724731,09LD2823_r5_c3.png
35.66824050049802,139.76012173372646,decentralized,0.8516489863395691,09LD2823_r5_c3.png
35.66823224779682,139.7603823358024,decentralized,0.8508906960487366,09LD2823_r5_c3.png
35.66827480327637,139.76017710590057,decentralized,0.850831925868988,09LD2823_r5_c3.png
35.668298833502085,139.76014516254958,decentralized,0.8386090397834778,09LD2823_r5_c3.png
35.66832539116228,139.76017173247547,decentralized,0.8373066782951355,09LD2823_r5_c3.png
35.66824470435259,139.76009585607227,decentralized,0.8353766202926636,09LD2823_r5_c3.png
35.66829039454157,139.7601455483227,decentralized,0.826296865940094,09LD2823_r5_c3.png
35.668164903289075,139.76040620763348,decentralized,0.8222874402999878,09LD2823_r5_c3.png
35.66823229674184,139.76011322859623,decentralized,0.8221356272697449,09LD2823_r5_c3.png
35.668273448638004,139.7601292751797,decentralized,0.8194480538368225,09LD2823_r5_c3.png
35.66826415621718,139.76012648490484,decentralized,0.8008016347885132,09LD2823_r5_c3.png
35.66813992767756,139.7603197294291,decentralized,0.7926928400993347,09LD2823_r5_c3.png
35.66813031440368,139.76035851642263,decentralized,0.7852738499641418,09LD2823_r5_c3.png
35.66830538724849,139.7601595230438,decentralized,0.7845317125320435,09LD2823_r5_c3.png
35.668239620808805,139.76008056427017,decentralized,0.7734313607215881,09LD2823_r5_c3.png
35.66831401185118,139.76017966759133,decentralized,0.7672865390777588,09LD2823_r5_c3.png
35.66827987022579,139.76014442828532,decentralized,0.7644286155700684,09LD2823_r5_c3.png
35.66827180430455,139.7601269392722,decentralized,0.7604263424873352,09LD2823_r5_c3.png
35.668315324314136,139.76016177307795,decentralized,0.7512462735176086,09LD2823_r5_c3.png
35.66818615902035,139.76042716122956,decentralized,0.750802218914032,09LD2823_r5_c3.png
35.668246501111504,139.76011002779128,decentralized,0.7247657179832458,09LD2823_r5_c3.png
35.66824760142952,139.7600919267614,decentralized,0.7193718552589417,09LD2823_r5_c3.png
35.66838981551875,139.7603063336393,decentralized,0.6616136431694031,09LD2823_r5_c3.png
35.66815060641999,139.76033196460793,decentralized,0.6257115602493286,09LD2823_r5_c3.png
35.66826660402845,139.76015036926,decentralized,0.621671736240387,09LD2823_r5_c3.png
35.66806024275814,139.76024766333927,decentralized,0.6197828054428101,09LD2823_r5_c3.png
35.668196305014675,139.7603862356678,decentralized,0.6174623966217041,09LD2823_r5_c3.png
35.668224653503685,139.76012586240256,decentralized,0.5672013759613037,09LD2823_r5_c3.png
35.66828272507977,139.7601278396135,decentralized,0.5571150183677673,09LD2823_r5_c3.png
35.668320652326805,139.7601865355708,decentralized,0.5492050647735596,09LD2823_r5_c3.png
35.66823187085091,139.76029891594902,decentralized,0.5367199182510376,09LD2823_r5_c3.png
35.66826504526142,139.76011145492666,decentralized,0.5190912485122681,09LD2823_r5_c3.png
35.66829698903422,139.76015985292142,decentralized,0.5182161331176758,09LD2823_r5_c3.png
35.66824798445316,139.76040761222697,decentralized,0.5041425228118896,09LD2823_r5_c3.png
35.66818811567014,139.76037744612793,decentralized,0.4239860475063324,09LD2823_r5_c3.png
35.66819179922796,139.76038080048798,decentralized,0.42150411009788513,09LD2823_r5_c3.png
35.66824160479453,139.760142184173,decentralized,0.32868680357933044,09LD2823_r5_c3.png
35.668246452042204,139.76035914748405,decentralized,0.32042810320854187,09LD2823_r5_c3.png
35.66839173267729,139.76028747193516,decentralized,0.299006849527359,09LD2823_r5_c3.png
35.66827563001391,139.76012029156092,decentralized,0.29127249121665955,09LD2823_r5_c3.png
35.66824606532653,139.760362214501,decentralized,0.13193918764591217,09LD2823_r5_c3.png
35.66839061363852,139.7602466064091,decentralized,0.11336474120616913,09LD2823_r5_c3.png
35.66817280929099,139.76079466057732,decentralized,0.9136062264442444,09LD2823_r5_c4.png
35.66812587176244,139.76078392639442,decentralized,0.9060479998588562,09LD2823_r5_c4.png
35.668354355041984,139.76081897403924,decentralized,0.9058807492256165,09LD2823_r5_c4.png
35.668112785748406,139.76074397871872,decentralized,0.9037096500396729,09LD2823_r5_c4.png
35.66829831411521,139.76053732530266,decentralized,0.9028679728507996,09LD2823_r5_c4.png
35.668228289390846,139.76071906630966,decentralized,0.9019315242767334,09LD2823_r5_c4.png
35.668336502169424,139.76054946061905,decentralized,0.8914632797241211,09LD2823_r5_c4.png
35.66823693624818,139.76046725648925,decentralized,0.8902649879455566,09LD2823_r5_c4.png
35.66809453977553,139.76082528187996,decentralized,0.8846896886825562,09LD2823_r5_c4.png
35.66826327413903,139.76091323142364,decentralized,0.8842896819114685,09LD2823_r5_c4.png
35.668109406922504,139.76079355940414,decentralized,0.8827992081642151,09LD2823_r5_c4.png
35.66823716161766,139.76075395632054,decentralized,0.8817777037620544,09LD2823_r5_c4.png
35.66820638581883,139.76093238478694,decentralized,0.8799126148223877,09LD2823_r5_c4.png
35.668133576891,139.76089997294258,decentralized,0.8763085603713989,09LD2823_r5_c4.png
35.66822816047095,139.76069791823107,decentralized,0.8761658668518066,09LD2823_r5_c4.png
35.66814724560125,139.76090876223267,decentralized,0.8756756782531738,09LD2823_r5_c4.png
35.66820565524884,139.7609694884234,decentralized,0.8706850409507751,09LD2823_r5_c4.png
35.66833479694386,139.76079834597928,decentralized,0.8692513704299927,09LD2823_r5_c4.png
35.668115964666136,139.7607982319206,decentralized,0.8679813146591187,09LD2823_r5_c4.png
35.668200338292884,139.7604438087391,decentralized,0.8620878458023071,09LD2823_r5_c4.png
35.66836706969707,139.76056945946578,decentralized,0.854607880115509,09LD2823_r5_c4.png
35.66805926610245,139.76048745808748,CT,0.8536680340766907,09LD2823_r5_c4.png
35.66829442218746,139.76053405657413,decentralized,0.8505909442901611,09LD2823_r5_c4.png
35.66810422503,139.76069793805038,decentralized,0.8491588234901428,09LD2823_r5_c4.png
35.66821740697292,139.76073498918822,decentralized,0.8457769751548767,09LD2823_r5_c4.png
35.66814133870448,139.76091421307976,decentralized,0.8277201056480408,09LD2823_r5_c4.png
35.668271273697314,139.76049871117308,decentralized,0.8052120208740234,09LD2823_r5_c4.png
35.668273787162065,139.76072210127916,decentralized,0.8027622699737549,09LD2823_r5_c4.png
35.66823876429923,139.7607068474712,decentralized,0.7709794044494629,09LD2823_r5_c4.png
35.668298979505785,139.76085838966182,decentralized,0.7679274678230286,09LD2823_r5_c4.png
35.66818307742548,139.76097826331474,decentralized,0.7624331712722778,09LD2823_r5_c4.png
35.668342094521414,139.76078766969823,decentralized,0.7599954605102539,09LD2823_r5_c4.png
35.66824204150108,139.76074423112914,decentralized,0.7536903023719788,09LD2823_r5_c4.png
35.66811091199467,139.76053172097323,CT,0.7292273640632629,09LD2823_r5_c4.png
35.66833254957637,139.76056194365532,decentralized,0.70219886302948,09LD2823_r5_c4.png
35.66839190101859,139.76095008698067,decentralized,0.6682690978050232,09LD2823_r5_c4.png
35.668058341757146,139.76057212448103,decentralized,0.6004714369773865,09LD2823_r5_c4.png
35.66838816944886,139.76096847628108,decentralized,0.5805032253265381,09LD2823_r5_c4.png
35.66839150179693,139.76060464101062,decentralized,0.572930097579956,09LD2823_r5_c4.png
35.66826366316077,139.76049196073907,decentralized,0.5247416496276855,09LD2823_r5_c4.png
35.66812141247051,139.76078025318753,decentralized,0.44565391540527344,09LD2823_r5_c4.png
35.668085048498924,139.760507738613,CT,0.40876463055610657,09LD2823_r5_c4.png
35.66815201023705,139.76092013966453,decentralized,0.40659281611442566,09LD2823_r5_c4.png
35.668225580307066,139.76079898736742,decentralized,0.389889121055603,09LD2823_r5_c4.png
35.668143731223985,139.76083120931838,CT,0.3469943702220917,09LD2823_r5_c4.png
35.66828053228659,139.7604808074786,decentralized,0.31009531021118164,09LD2823_r5_c4.png
35.66838262790846,139.76059565152607,decentralized,0.2575538158416748,09LD2823_r5_c4.png
35.66839244386447,139.76060112223098,decentralized,0.2505916357040405,09LD2823_r5_c4.png
35.66805995850054,139.76045777280507,decentralized,0.20426635444164276,09LD2823_r5_c4.png
35.6681251638703,139.76083186871233,decentralized,0.18809086084365845,09LD2823_r5_c4.png
35.66806084229479,139.7606540256552,decentralized,0.1748799830675125,09LD2823_r5_c4.png
35.668123542858055,139.76078138750822,decentralized,0.14405402541160583,09LD2823_r5_c4.png
35.668301143596054,139.76098035245337,decentralized,0.1260765641927719,09LD2823_r5_c4.png
35.66832815492828,139.76085492962616,decentralized,0.11533719301223755,09LD2823_r5_c4.png
35.66817893365454,139.76121337092312,decentralized,0.9235993027687073,09LD2823_r5_c5.png
35.6682722534083,139.76126039610918,decentralized,0.9219805002212524,09LD2823_r5_c5.png
35.66828751725147,139.7615012988768,decentralized,0.9213851094245911,09LD2823_r5_c5.png
35.6681659072244,139.76117550712473,decentralized,0.9173781871795654,09LD2823_r5_c5.png
35.66832946409685,139.76141680230498,decentralized,0.917019248008728,09LD2823_r5_c5.png
35.668240645640736,139.7613932674706,decentralized,0.9128658175468445,09LD2823_r5_c5.png
35.668159486733195,139.76121854496878,decentralized,0.9088845252990723,09LD2823_r5_c5.png
35.6681872202576,139.7613754406896,decentralized,0.9055163860321045,09LD2823_r5_c5.png
35.66830156760942,139.7614587790064,decentralized,0.9039278626441956,09LD2823_r5_c5.png
35.668250817507165,139.7614781761784,decentralized,0.9029183387756348,09LD2823_r5_c5.png
35.66815496256043,139.76118735951965,decentralized,0.9023698568344116,09LD2823_r5_c5.png
35.66836271011646,139.76137295052754,decentralized,0.8989279866218567,09LD2823_r5_c5.png
35.668169213886685,139.7612577435688,decentralized,0.8985684514045715,09LD2823_r5_c5.png
35.668363549295485,139.7615006381817,decentralized,0.8983550071716309,09LD2823_r5_c5.png
35.668294353880725,139.7612896312204,decentralized,0.897995114326477,09LD2823_r5_c5.png
35.66823025565469,139.76131133826934,decentralized,0.894766628742218,09LD2823_r5_c5.png
35.66822649315297,139.76150663988557,decentralized,0.8938264846801758,09LD2823_r5_c5.png
35.66833454433222,139.7613805918607,decentralized,0.8875372409820557,09LD2823_r5_c5.png
35.66827965666255,139.7612960468621,decentralized,0.8852943778038025,09LD2823_r5_c5.png
35.66834985663459,139.76137845141142,decentralized,0.883729875087738,09LD2823_r5_c5.png
35.66834935787018,139.76135849102064,decentralized,0.8792760372161865,09LD2823_r5_c5.png
35.66825457785009,139.76128766514634,decentralized,0.878887414932251,09LD2823_r5_c5.png
35.66832306079194,139.76134204402345,decentralized,0.878487229347229,09LD2823_r5_c5.png
35.668138546408116,139.76122441709808,decentralized,0.8701830506324768,09LD2823_r5_c5.png
35.66831635984134,139.7613196107416,decentralized,0.8698508143424988,09LD2823_r5_c5.png
35.668312722235726,139.76131637444425,decentralized,0.8642665147781372,09LD2823_r5_c5.png
35.66833270462652,139.76133998527865,decentralized,0.8635701537132263,09LD2823_r5_c5.png
35.668205037801464,139.76150432791732,decentralized,0.8605470061302185,09LD2823_r5_c5.png
35.668208272496315,139.7612210812254,decentralized,0.8582552075386047,09LD2823_r5_c5.png
35.66820221587298,139.7612373713243,decentralized,0.8526812195777893,09LD2823_r5_c5.png
35.668340583799264,139.76140160828876,decentralized,0.8491614460945129,09LD2823_r5_c5.png
35.668113044875035,139.76151648937054,decentralized,0.845752477645874,09LD2823_r5_c5.png
35.668299463054225,139.761312387547,decentralized,0.8371443152427673,09LD2823_r5_c5.png
35.668338148135284,139.7613656157416,decentralized,0.8345141410827637,09LD2823_r5_c5.png
35.66825425193121,139.76134404181292,decentralized,0.8199591636657715,09LD2823_r5_c5.png
35.6681834506699,139.76124386945543,decentralized,0.8155316114425659,09LD2823_r5_c5.png
35.668181702475856,139.76152648509986,decentralized,0.7933421730995178,09LD2823_r5_c5.png
35.66837222587154,139.76135726183352,decentralized,0.7849331498146057,09LD2823_r5_c5.png
35.66814615158478,139.76143497652924,decentralized,0.7833514213562012,09LD2823_r5_c5.png
35.66826013497077,139.76151107705044,decentralized,0.7817662358283997,09LD2823_r5_c5.png
35.66827597082738,139.76143427688046,decentralized,0.776847243309021,09LD2823_r5_c5.png
35.66835902520769,139.76141052153648,decentralized,0.7658728361129761,09LD2823_r5_c5.png
35.66826227891517,139.76133287190032,decentralized,0.7584219574928284,09LD2823_r5_c5.png
35.66810313557471,139.76149343983008,decentralized,0.6168313026428223,09LD2823_r5_c5.png
35.66815749487664,139.76141624243942,decentralized,0.5922477841377258,09LD2823_r5_c5.png
35.66813385657518,139.76118958753165,decentralized,0.5852616429328918,09LD2823_r5_c5.png
35.66827254392658,139.76131079959646,decentralized,0.5710421204566956,09LD2823_r5_c5.png
35.66838253887163,139.7610251498576,decentralized,0.5543831586837769,09LD2823_r5_c5.png
35.668122855892875,139.76122957651847,decentralized,0.5508882403373718,09LD2823_r5_c5.png
35.66823717765172,139.7615296296085,decentralized,0.5354414582252502,09LD2823_r5_c5.png
35.66824111552638,139.76153118248882,decentralized,0.46263107657432556,09LD2823_r5_c5.png
35.66821918772847,139.76123161835238,decentralized,0.40951600670814514,09LD2823_r5_c5.png
35.668170215030266,139.7612281753513,decentralized,0.38469716906547546,09LD2823_r5_c5.png
35.66810097632216,139.76112991450785,decentralized,0.3575577437877655,09LD2823_r5_c5.png
35.66813922724476,139.761453989914,decentralized,0.3235347270965576,09LD2823_r5_c5.png
35.6681473955953,139.7612068765202,decentralized,0.30324602127075195,09LD2823_r5_c5.png
35.6681375418563,139.76153077619907,decentralized,0.23162564635276794,09LD2823_r5_c5.png
35.66812902590109,139.761453455492,decentralized,0.21893656253814697,09LD2823_r5_c5.png
35.66828378493991,139.76153001008535,decentralized,0.21152901649475098,09LD2823_r5_c5.png
35.66832859802374,139.76098461086457,decentralized,0.2107679843902588,09LD2823_r5_c5.png
35.668098117491105,139.761134949649,decentralized,0.20038706064224243,09LD2823_r5_c5.png
35.66819505258678,139.7613623619561,decentralized,0.17304189503192902,09LD2823_r5_c5.png
35.668360030464925,139.76153268837092,decentralized,0.13639749586582184,09LD2823_r5_c5.png
35.66825063141403,139.7615187713898,decentralized,0.13588127493858337,09LD2823_r5_c5.png
35.668206971006974,139.7612423483165,decentralized,0.1350007951259613,09LD2823_r5_c5.png
35.6680919793491,139.76127895240484,decentralized,0.13346481323242188,09LD2823_r5_c5.png
35.668336289269575,139.76140752393837,decentralized,0.11915842443704605,09LD2823_r5_c5.png
35.668274093125966,139.7615331025885,decentralized,0.11620557308197021,09LD2823_r5_c5.png
35.66823277847133,139.7616379486311,decentralized,0.9284719228744507,09LD2823_r5_c6.png
35.66815700667454,139.76203800899532,decentralized,0.9242071509361267,09LD2823_r5_c6.png
35.668166934787,139.76155567662622,decentralized,0.9121792316436768,09LD2823_r5_c6.png
35.668138537380244,139.76206511102458,decentralized,0.9100151658058167,09LD2823_r5_c6.png
35.6683793855633,139.76178829206384,decentralized,0.9093273282051086,09LD2823_r5_c6.png
35.668223985447376,139.76160582866666,decentralized,0.9088790416717529,09LD2823_r5_c6.png
35.66812908023575,139.762078199383,decentralized,0.9068315625190735,09LD2823_r5_c6.png
35.668157830557526,139.76206249547482,decentralized,0.9058089852333069,09LD2823_r5_c6.png
35.66831585934757,139.761727667253,decentralized,0.905057430267334,09LD2823_r5_c6.png
35.66817748521991,139.76205982037473,decentralized,0.9034891128540039,09LD2823_r5_c6.png
35.66831516087741,139.7616957550053,decentralized,0.8968507051467896,09LD2823_r5_c6.png
35.66816731741887,139.7620745677484,decentralized,0.8945776224136353,09LD2823_r5_c6.png
35.66814777167221,139.76205181837886,decentralized,0.8929076790809631,09LD2823_r5_c6.png
35.66816754892258,139.76204916646083,decentralized,0.8824665546417236,09LD2823_r5_c6.png
35.668148622038046,139.76207629758457,decentralized,0.8809992671012878,09LD2823_r5_c6.png
35.66814753290588,139.7615492170446,decentralized,0.8795351386070251,09LD2823_r5_c6.png
35.66827790490284,139.7615417336701,decentralized,0.8749064207077026,09LD2823_r5_c6.png
35.66820100497683,139.76154319399146,decentralized,0.8722848296165466,09LD2823_r5_c6.png
35.668059674428925,139.7619409873567,decentralized,0.813449501991272,09LD2823_r5_c6.png
35.66826682339952,139.76169459691462,decentralized,0.8042485117912292,09LD2823_r5_c6.png
35.66815864407425,139.76208457981932,decentralized,0.7296623587608337,09LD2823_r5_c6.png
35.66825685229285,139.76182264029228,decentralized,0.7069913744926453,09LD2823_r5_c6.png
35.66817277792163,139.76153765134748,decentralized,0.6514782309532166,09LD2823_r5_c6.png
35.66813999135304,139.76208509293545,decentralized,0.5846944451332092,09LD2823_r5_c6.png
35.66805843278732,139.76192220361972,decentralized,0.40707382559776306,09LD2823_r5_c6.png
35.66816982840621,139.76208442041303,decentralized,0.3958686590194702,09LD2823_r5_c6.png
35.66820139967683,139.76160348658607,decentralized,0.36716771125793457,09LD2823_r5_c6.png
35.668288077502176,139.7615371269596,decentralized,0.3550325930118561,09LD2823_r5_c6.png
35.66837259920151,139.761778196713,decentralized,0.35032597184181213,09LD2823_r5_c6.png
35.668177166287336,139.76153705364328,decentralized,0.278901606798172,09LD2823_r5_c6.png
35.668188757038344,139.7615376899048,decentralized,0.14765749871730804,09LD2823_r5_c6.png
35.668116057347355,139.76208459814248,decentralized,0.1461503505706787,09LD2823_r5_c6.png
35.66833287840171,139.7615389437168,decentralized,0.11873441189527512,09LD2823_r5_c6.png
35.668330626172704,139.7622827084264,decentralized,0.9260018467903137,09LD2823_r5_c7.png
35.668320099518,139.76229894465177,decentralized,0.924850344657898,09LD2823_r5_c7.png
35.66825047248805,139.76228498941927,decentralized,0.9228355884552002,09LD2823_r5_c7.png
35.668364566267016,139.76226128265787,decentralized,0.9228000640869141,09LD2823_r5_c7.png
35.668276320971486,139.76225189362697,decentralized,0.9178005456924438,09LD2823_r5_c7.png
35.668136510467086,139.76256547086808,decentralized,0.9172734618186951,09LD2823_r5_c7.png
35.668256926094635,139.76226998307092,decentralized,0.9141092896461487,09LD2823_r5_c7.png
35.668337014332174,139.76227152597565,decentralized,0.9127452373504639,09LD2823_r5_c7.png
35.66830472254171,139.76230578850493,decentralized,0.9123556017875671,09LD2823_r5_c7.png
35.66828674863735,139.76223628152482,decentralized,0.9114037752151489,09LD2823_r5_c7.png
35.668294692286956,139.76222588036742,decentralized,0.9090647101402283,09LD2823_r5_c7.png
35.66813568566889,139.76258882056405,decentralized,0.9090442657470703,09LD2823_r5_c7.png
35.668265240366736,139.76226260118247,decentralized,0.9002280831336975,09LD2823_r5_c7.png
35.66829891752482,139.762277456532,decentralized,0.8981389403343201,09LD2823_r5_c7.png
35.66830457102894,139.76232079465476,decentralized,0.8965370059013367,09LD2823_r5_c7.png
35.6682955573955,139.7623331780692,decentralized,0.8889209032058716,09LD2823_r5_c7.png
35.6682753759682,139.76231037286823,decentralized,0.8874632716178894,09LD2823_r5_c7.png
35.668084263620464,139.7625220547855,decentralized,0.8870658278465271,09LD2823_r5_c7.png
35.668150506346706,139.76232841507868,decentralized,0.8803368210792542,09LD2823_r5_c7.png
35.66812455450046,139.76226784149065,decentralized,0.8706035017967224,09LD2823_r5_c7.png
35.66809863792584,139.7626161854971,decentralized,0.8676341772079468,09LD2823_r5_c7.png
35.668310037348924,139.76226181839817,decentralized,0.8592761754989624,09LD2823_r5_c7.png
35.66811020506287,139.76263238618947,decentralized,0.8492285013198853,09LD2823_r5_c7.png
35.668174814230795,139.76232689433644,decentralized,0.8465820550918579,09LD2823_r5_c7.png
35.66809778400387,139.7622672007677,decentralized,0.8238471746444702,09LD2823_r5_c7.png
35.66815355551234,139.7620942243764,decentralized,0.8185028433799744,09LD2823_r5_c7.png
35.66812247760248,139.7625757955484,decentralized,0.7881494760513306,09LD2823_r5_c7.png
35.6683216232548,139.76232385090648,decentralized,0.7756356596946716,09LD2823_r5_c7.png
35.6681321671535,139.76209935266547,decentralized,0.769067108631134,09LD2823_r5_c7.png
35.66813969907473,139.762089774138,decentralized,0.7658855319023132,09LD2823_r5_c7.png
35.668123055005594,139.762574745559,decentralized,0.6907670497894287,09LD2823_r5_c7.png
35.66811477692369,139.762318234642,decentralized,0.6570648550987244,09LD2823_r5_c7.png
35.66823424183875,139.76237776115875,CT,0.6402183175086975,09LD2823_r5_c7.png
35.66809218604678,139.7622911245275,decentralized,0.6371147036552429,09LD2823_r5_c7.png
35.668239455793405,139.76237762194236,CT,0.6219850778579712,09LD2823_r5_c7.png
35.668318146116036,139.7622506718916,decentralized,0.5926448106765747,09LD2823_r5_c7.png
35.66813339018171,139.76233896306022,decentralized,0.43552377820014954,09LD2823_r5_c7.png
35.668088883928185,139.7625055874324,decentralized,0.41969361901283264,09LD2823_r5_c7.png
35.6680887254866,139.76250559249394,decentralized,0.404304563999176,09LD2823_r5_c7.png
35.66818453513706,139.76236866035615,decentralized,0.3678826093673706,09LD2823_r5_c7.png
35.66839156906409,139.7625314151655,decentralized,0.24307945370674133,09LD2823_r5_c7.png
35.66805992228235,139.7625028526415,decentralized,0.23028908669948578,09LD2823_r5_c7.png
35.66829066559762,139.7622889869611,decentralized,0.21064168214797974,09LD2823_r5_c7.png
35.668168813958815,139.76208992419424,decentralized,0.20788609981536865,09LD2823_r5_c7.png
35.668063145430104,139.76225465684803,decentralized,0.20200195908546448,09LD2823_r5_c7.png
35.66805950091687,139.7622739306759,decentralized,0.16360121965408325,09LD2823_r5_c7.png
35.66773338709142,139.75978643920365,decentralized,0.8548151850700378,09LD2823_r6_c2.png
35.66782886324486,139.7593325205874,decentralized,0.7173151969909668,09LD2823_r6_c2.png
35.66771993500346,139.75987214224114,decentralized,0.3068094849586487,09LD2823_r6_c2.png
35.667867721358384,139.75935073038616,decentralized,0.304876446723938,09LD2823_r6_c2.png
35.66774032860478,139.75979002639414,decentralized,0.2629539966583252,09LD2823_r6_c2.png
35.66786505598277,139.75932767693453,decentralized,0.17427858710289001,09LD2823_r6_c2.png
35.66786269909214,139.75934526908864,decentralized,0.12163102626800537,09LD2823_r6_c2.png
35.66798074668558,139.76068677960245,CT,0.9405069351196289,09LD2823_r6_c4.png
35.66795629038993,139.76071976902213,CT,0.9168074131011963,09LD2823_r6_c4.png
35.66795347785548,139.76094706966373,ACC,0.8597947359085083,09LD2823_r6_c4.png
35.667933997134746,139.76092631833,ACC,0.8560928106307983,09LD2823_r6_c4.png
35.66794273066589,139.76057352536708,decentralized,0.8260480761528015,09LD2823_r6_c4.png
35.66795575725174,139.7605876060033,decentralized,0.7839739918708801,09LD2823_r6_c4.png
35.66794830233455,139.76055707599542,decentralized,0.5933648347854614,09LD2823_r6_c4.png
35.6680537478981,139.7605728971428,decentralized,0.34226882457733154,09LD2823_r6_c4.png
35.66787604197502,139.7609167380838,decentralized,0.2591102719306946,09LD2823_r6_c4.png
35.66796847152052,139.76051850604745,decentralized,0.20131844282150269,09LD2823_r6_c4.png
35.667850274399584,139.76083947202346,decentralized,0.16093672811985016,09LD2823_r6_c4.png
35.66793674062281,139.76096622670528,decentralized,0.15252907574176788,09LD2823_r6_c4.png
35.66781045196127,139.76113844689206,decentralized,0.9209122657775879,09LD2823_r6_c5.png
35.66780507527292,139.76111372435642,decentralized,0.9159556031227112,09LD2823_r6_c5.png
35.66779389581249,139.7610945343195,decentralized,0.9089182019233704,09LD2823_r6_c5.png
35.66779033458018,139.76103270818018,decentralized,0.9080944657325745,09LD2823_r6_c5.png
35.66800576785765,139.76119209082543,decentralized,0.9042807221412659,09LD2823_r6_c5.png
35.667789997141995,139.76117138207354,decentralized,0.8961514234542847,09LD2823_r6_c5.png
35.66776995202758,139.76117114523606,decentralized,0.8855738639831543,09LD2823_r6_c5.png
35.66802939407892,139.76099191655092,decentralized,0.8804260492324829,09LD2823_r6_c5.png
35.667895079601855,139.76102041831422,decentralized,0.8706580996513367,09LD2823_r6_c5.png
35.66776586716226,139.76110201478684,decentralized,0.8591496348381042,09LD2823_r6_c5.png
35.66780729543408,139.7610736681012,decentralized,0.8587419390678406,09LD2823_r6_c5.png
35.66790193009827,139.76100994659657,decentralized,0.8524911999702454,09LD2823_r6_c5.png
35.667773300755385,139.76109034115987,decentralized,0.8369401097297668,09LD2823_r6_c5.png
35.66798549735301,139.76130249197402,decentralized,0.4975716471672058,09LD2823_r6_c5.png
35.66778651267318,139.76110493221267,decentralized,0.35552486777305603,09LD2823_r6_c5.png
35.66795546164864,139.76125889212722,decentralized,0.25812798738479614,09LD2823_r6_c5.png
35.66801947221983,139.7611757409064,decentralized,0.2515875995159149,09LD2823_r6_c5.png
35.667786276821055,139.76107187340793,decentralized,0.14056958258152008,09LD2823_r6_c5.png
35.66795606970421,139.76098612617528,decentralized,0.12089379876852036,09LD2823_r6_c5.png
35.667922241201964,139.76098504925073,decentralized,0.11884962022304535,09LD2823_r6_c5.png
35.6679379059248,139.76204107245027,decentralized,0.9428602457046509,09LD2823_r6_c6.png
35.66774191616141,139.76188653266922,decentralized,0.9367936849594116,09LD2823_r6_c6.png
35.66777898127149,139.7617716915588,decentralized,0.9319501519203186,09LD2823_r6_c6.png
35.66795745100304,139.76194528117009,decentralized,0.929855227470398,09LD2823_r6_c6.png
35.667748264732616,139.7618682766717,decentralized,0.9283527135848999,09LD2823_r6_c6.png
35.66794704016318,139.76202734062198,decentralized,0.9274817705154419,09LD2823_r6_c6.png
35.66793313203375,139.7619199928629,decentralized,0.9266926646232605,09LD2823_r6_c6.png
35.6679214486332,139.76192911248006,decentralized,0.9209908843040466,09LD2823_r6_c6.png
35.66782938372092,139.76184403578318,decentralized,0.9140171408653259,09LD2823_r6_c6.png
35.667957108153374,139.76201467082043,decentralized,0.9108729362487793,09LD2823_r6_c6.png
35.66785157113578,139.7618119139521,decentralized,0.9057976007461548,09LD2823_r6_c6.png
35.66787005983743,139.76178657407263,decentralized,0.9043880701065063,09LD2823_r6_c6.png
35.667979004910926,139.76185434731124,decentralized,0.9027873277664185,09LD2823_r6_c6.png
35.66781667490075,139.7617661263521,decentralized,0.9013087153434753,09LD2823_r6_c6.png
35.667824905140094,139.7617550294602,decentralized,0.8960726857185364,09LD2823_r6_c6.png
35.66800204150627,139.76187865493236,decentralized,0.8914838433265686,09LD2823_r6_c6.png
35.66793076047013,139.7620580511917,decentralized,0.8865171074867249,09LD2823_r6_c6.png
35.667731194975794,139.76206364092977,decentralized,0.8852521777153015,09LD2823_r6_c6.png
35.66774592480333,139.76179006251698,decentralized,0.884870171546936,09LD2823_r6_c6.png
35.667987607252776,139.7618854683851,decentralized,0.880721390247345,09LD2823_r6_c6.png
35.66780130126982,139.76188365247847,decentralized,0.8792129755020142,09LD2823_r6_c6.png
35.66775100082093,139.76184608434048,decentralized,0.873604953289032,09LD2823_r6_c6.png
35.66788212130501,139.7617696971004,decentralized,0.868882417678833,09LD2823_r6_c6.png
35.66773879699899,139.7617825182735,decentralized,0.8634606003761292,09LD2823_r6_c6.png
35.668048661267065,139.76195575131973,decentralized,0.8590243458747864,09LD2823_r6_c6.png
35.66796451580754,139.76192935412,decentralized,0.8565459251403809,09LD2823_r6_c6.png
35.66774802739018,139.76208193506523,decentralized,0.850170373916626,09LD2823_r6_c6.png
35.66772500933665,139.7618209776956,decentralized,0.8369442224502563,09LD2823_r6_c6.png
35.667739063650416,139.7620477991794,decentralized,0.8326955437660217,09LD2823_r6_c6.png
35.66795750662837,139.76187667356575,decentralized,0.8289123773574829,09LD2823_r6_c6.png
35.66796382595429,139.76188391783612,decentralized,0.8085290193557739,09LD2823_r6_c6.png
35.667752435942965,139.7618265136026,decentralized,0.8070764541625977,09LD2823_r6_c6.png
35.66798318322612,139.76190247621125,decentralized,0.7958529591560364,09LD2823_r6_c6.png
35.667876110583684,139.76181214518834,decentralized,0.6438878178596497,09LD2823_r6_c6.png
35.66784801004416,139.7618531073119,decentralized,0.620688259601593,09LD2823_r6_c6.png
35.66795606779414,139.7618991698346,decentralized,0.5735149383544922,09LD2823_r6_c6.png
35.66773434268739,139.76184641488015,decentralized,0.5312796831130981,09LD2823_r6_c6.png
35.66772166215538,139.76186242533896,decentralized,0.5142602920532227,09LD2823_r6_c6.png
35.66799374156814,139.7618555489979,decentralized,0.5086684226989746,09LD2823_r6_c6.png
35.66782684104994,139.76188172702535,decentralized,0.4504443407058716,09LD2823_r6_c6.png
35.667972769529705,139.76189267700047,decentralized,0.4456542134284973,09LD2823_r6_c6.png
35.668047427466064,139.76191352108057,decentralized,0.4256003797054291,09LD2823_r6_c6.png
35.66772981289202,139.76208495610626,decentralized,0.3262805640697479,09LD2823_r6_c6.png
35.667969900339926,139.76186658624556,decentralized,0.24790015816688538,09LD2823_r6_c6.png
35.66804147428636,139.76192201110572,decentralized,0.14479544758796692,09LD2823_r6_c6.png
35.66773163669128,139.7616727200312,decentralized,0.11955910176038742,09LD2823_r6_c6.png
35.667947675753595,139.7619114354978,decentralized,0.11608249694108963,09LD2823_r6_c6.png
35.66774783740293,139.76230055041805,decentralized,0.927430272102356,09LD2823_r6_c7.png
35.66789699569367,139.76248485601192,decentralized,0.925440788269043,09LD2823_r6_c7.png
35.667962179094204,139.76213585420928,decentralized,0.9190125465393066,09LD2823_r6_c7.png
35.66790566636129,139.76249719029948,decentralized,0.914114773273468,09LD2823_r6_c7.png
35.66798911835227,139.76216418268763,decentralized,0.9118603467941284,09LD2823_r6_c7.png
35.667729233466645,139.7621941498707,decentralized,0.9064462184906006,09LD2823_r6_c7.png
35.66801411168208,139.76257450463427,decentralized,0.9059763550758362,09LD2823_r6_c7.png
35.667915247435765,139.76250924092938,decentralized,0.9039617776870728,09LD2823_r6_c7.png
35.667979515088966,139.7624311937855,decentralized,0.9027358889579773,09LD2823_r6_c7.png
35.66801603342598,139.76244909715072,CT,0.8991164565086365,09LD2823_r6_c7.png
35.66789184421187,139.7624672133198,decentralized,0.8954638838768005,09LD2823_r6_c7.png
35.66774763386038,139.76219563770206,decentralized,0.8934697508811951,09LD2823_r6_c7.png
35.66798667771454,139.7624441747143,decentralized,0.8556032180786133,09LD2823_r6_c7.png
35.6677394239452,139.76209948610693,decentralized,0.8438262343406677,09LD2823_r6_c7.png
35.667735656664846,139.76218037443738,decentralized,0.8411940336227417,09LD2823_r6_c7.png
35.66789959123464,139.76235606300796,decentralized,0.8275898694992065,09LD2823_r6_c7.png
35.667770003342916,139.76246350054365,decentralized,0.8173823356628418,09LD2823_r6_c7.png
35.667736152421924,139.76209571927174,decentralized,0.8016181588172913,09LD2823_r6_c7.png
35.668028855624385,139.76261045193453,decentralized,0.7908826470375061,09LD2823_r6_c7.png
35.66804935295917,139.7622412011039,decentralized,0.7853491306304932,09LD2823_r6_c7.png
35.66772521271973,139.76236323951835,decentralized,0.7610288858413696,09LD2823_r6_c7.png
35.667778113005966,139.7624610636685,decentralized,0.7435147166252136,09LD2823_r6_c7.png
35.66779797100275,139.76231258407827,decentralized,0.7433785796165466,09LD2823_r6_c7.png
35.667894577584065,139.76234888714347,decentralized,0.7359589338302612,09LD2823_r6_c7.png
35.667783991297625,139.76230293601378,decentralized,0.7133468389511108,09LD2823_r6_c7.png
35.6677746332129,139.76219085967608,decentralized,0.6952235102653503,09LD2823_r6_c7.png
35.667907911103995,139.76246301793168,decentralized,0.6227171421051025,09LD2823_r6_c7.png
35.66773131665742,139.76209076730683,decentralized,0.6019448041915894,09LD2823_r6_c7.png
35.667805401411776,139.76247894101073,decentralized,0.547142505645752,09LD2823_r6_c7.png
35.668055247500774,139.76258016851557,decentralized,0.5112723112106323,09LD2823_r6_c7.png
35.667938179368846,139.76256982649082,decentralized,0.5019340515136719,09LD2823_r6_c7.png
35.66791381954353,139.7622868866726,decentralized,0.46435317397117615,09LD2823_r6_c7.png
35.66788800228569,139.76231457497428,decentralized,0.4441825747489929,09LD2823_r6_c7.png
35.6678424022137,139.762455552927,decentralized,0.4242989718914032,09LD2823_r6_c7.png
35.667742911096894,139.76238729242024,decentralized,0.3861389756202698,09LD2823_r6_c7.png
35.66772161288983,139.7623255342777,decentralized,0.35262420773506165,09LD2823_r6_c7.png
35.66773733862721,139.7623758898525,decentralized,0.31628257036209106,09LD2823_r6_c7.png
35.66805512220418,139.76224891173106,decentralized,0.31529420614242554,09LD2823_r6_c7.png
35.66790352305569,139.7623932947084,decentralized,0.21822935342788696,09LD2823_r6_c7.png
35.66775072661036,139.76239749564704,decentralized,0.2125958353281021,09LD2823_r6_c7.png
35.66781294338643,139.7623297553478,decentralized,0.15814247727394104,09LD2823_r6_c7.png
35.667835294005414,139.76242429140805,decentralized,0.15689201653003693,09LD2823_r6_c7.png
35.66791621311997,139.7620904634399,CT,0.13785260915756226,09LD2823_r6_c7.png
35.66805544034111,139.76259126940164,decentralized,0.1243429034948349,09LD2823_r6_c7.png
35.66777178703007,139.7622984278244,decentralized,0.12404120713472366,09LD2823_r6_c7.png
35.66752021003667,139.7604972112389,decentralized,0.9467023015022278,09LD2823_r7_c4.png
35.667538197215976,139.76044184918302,decentralized,0.9360061883926392,09LD2823_r7_c4.png
35.66751466533222,139.76051450027288,decentralized,0.9103047847747803,09LD2823_r7_c4.png
35.667527529021946,139.7604749545174,decentralized,0.8858473896980286,09LD2823_r7_c4.png
35.667535333286196,139.76045554720184,decentralized,0.8546329736709595,09LD2823_r7_c4.png
35.66750289008335,139.76055511577857,decentralized,0.1956227719783783,09LD2823_r7_c4.png
35.667502451919674,139.7605548772447,decentralized,0.12969070672988892,09LD2823_r7_c4.png
35.667591159225495,139.76194542278355,decentralized,0.9272079467773438,09LD2823_r7_c6.png
35.66761139449137,139.76198864762875,decentralized,0.9073924422264099,09LD2823_r7_c6.png
35.667601200735824,139.76195786267158,decentralized,0.9067467451095581,09LD2823_r7_c6.png
35.66757718392469,139.7619281061323,decentralized,0.9067450165748596,09LD2823_r7_c6.png
35.66767931211913,139.76200411909917,decentralized,0.8996059894561768,09LD2823_r7_c6.png
35.66758567249689,139.76202377707264,decentralized,0.8987039923667908,09LD2823_r7_c6.png
35.667711357898156,139.76185147324023,decentralized,0.8699513077735901,09LD2823_r7_c6.png
35.66760113092447,139.76198202775035,decentralized,0.8625326752662659,09LD2823_r7_c6.png
35.667701698897055,139.76166124071858,decentralized,0.8610644936561584,09LD2823_r7_c6.png
35.667701763388116,139.76203021884714,decentralized,0.8597198128700256,09LD2823_r7_c6.png
35.667680885025035,139.7620312550315,decentralized,0.83505779504776,09LD2823_r7_c6.png
35.66770731602685,139.76201300819835,decentralized,0.7904303669929504,09LD2823_r7_c6.png
35.66769174064405,139.7619925163637,decentralized,0.7084861397743225,09LD2823_r7_c6.png
35.66771566350336,139.7618422219713,decentralized,0.6710904836654663,09LD2823_r7_c6.png
35.66771329217082,139.7616964630852,decentralized,0.6357720494270325,09LD2823_r7_c6.png
35.66771099705029,139.7620395899039,decentralized,0.584130585193634,09LD2823_r7_c6.png
35.66764431283369,139.76197944561736,decentralized,0.5469788908958435,09LD2823_r7_c6.png
35.6676685188429,139.76201602194067,decentralized,0.4786301553249359,09LD2823_r7_c6.png
35.66762617812669,139.76159287577084,CT,0.4634290039539337,09LD2823_r7_c6.png
35.6676900492915,139.76201784945889,decentralized,0.4113430678844452,09LD2823_r7_c6.png
35.6676120315086,139.7616529144026,CT,0.3831007778644562,09LD2823_r7_c6.png
35.66759460683823,139.76189588272183,decentralized,0.3795000910758972,09LD2823_r7_c6.png
35.667568363603024,139.76186332050395,decentralized,0.3246091604232788,09LD2823_r7_c6.png
35.66767143011614,139.76202053044116,decentralized,0.3191967308521271,09LD2823_r7_c6.png
35.66768998267558,139.76204289046615,decentralized,0.2989477515220642,09LD2823_r7_c6.png
35.66771660145573,139.76171611973413,decentralized,0.26043975353240967,09LD2823_r7_c6.png
35.66758203404738,139.76188073412573,decentralized,0.25408700108528137,09LD2823_r7_c6.png
35.66767334799148,139.76202324995862,decentralized,0.2383033037185669,09LD2823_r7_c6.png
35.667657591956626,139.76208390547518,decentralized,0.15024226903915405,09LD2823_r7_c6.png
35.66771661495996,139.76202681022824,decentralized,0.14382649958133698,09LD2823_r7_c6.png
35.66767622007628,139.76202681786802,decentralized,0.13144758343696594,09LD2823_r7_c6.png
35.6675418800935,139.76262207293723,decentralized,0.9322465658187866,09LD2823_r7_c7.png
35.667399133176296,139.7624722528764,decentralized,0.9163259863853455,09LD2823_r7_c7.png
35.66763178303987,139.7625661664413,decentralized,0.908239483833313,09LD2823_r7_c7.png
35.66760542392584,139.76259335444976,decentralized,0.9043530821800232,09LD2823_r7_c7.png
35.6676467986635,139.76256756018458,decentralized,0.8974053859710693,09LD2823_r7_c7.png
35.66740682106277,139.7624050572486,decentralized,0.8941332697868347,09LD2823_r7_c7.png
35.667557196013306,139.76258930400988,decentralized,0.8911455869674683,09LD2823_r7_c7.png
35.66758076727688,139.76220884867269,decentralized,0.8868118524551392,09LD2823_r7_c7.png
35.667445178132375,139.76245485716535,decentralized,0.8795263171195984,09LD2823_r7_c7.png
35.667504895034675,139.7621090121653,decentralized,0.8768345713615417,09LD2823_r7_c7.png
35.66757896857159,139.7621266706763,decentralized,0.8744083046913147,09LD2823_r7_c7.png
35.66757415857977,139.762174922971,decentralized,0.8740899562835693,09LD2823_r7_c7.png
35.667577130124734,139.76215192054676,decentralized,0.8615561723709106,09LD2823_r7_c7.png
35.667641712428065,139.7625993045333,decentralized,0.8477861285209656,09LD2823_r7_c7.png
35.66755734914621,139.7621805968077,decentralized,0.8372141122817993,09LD2823_r7_c7.png
35.66757933808403,139.76218270222293,decentralized,0.832328200340271,09LD2823_r7_c7.png
35.66743816857811,139.76242181727994,decentralized,0.7098299860954285,09LD2823_r7_c7.png
35.66738389452358,139.76241114263203,decentralized,0.6521837711334229,09LD2823_r7_c7.png
35.66741744257578,139.76239507031428,decentralized,0.6281599998474121,09LD2823_r7_c7.png
35.6675724793708,139.76220148637142,decentralized,0.572813868522644,09LD2823_r7_c7.png
35.66771306298123,139.76213607530153,decentralized,0.5364449620246887,09LD2823_r7_c7.png
35.66755010119821,139.76217079443245,decentralized,0.1425669938325882,09LD2823_r7_c7.png
35.66993188293564,139.76313361319194,decentralized,0.9328330755233765,09LD2824_r0_c0.png
35.669910933972794,139.7630419287841,decentralized,0.9238475561141968,09LD2824_r0_c0.png
35.669963831515936,139.7630398067293,decentralized,0.9103437066078186,09LD2824_r0_c0.png
35.66993858706631,139.76265953024557,decentralized,0.9081436395645142,09LD2824_r0_c0.png
35.66992915908186,139.7630366981563,decentralized,0.9055410623550415,09LD2824_r0_c0.png
35.66992048545536,139.76302758290515,decentralized,0.8963421583175659,09LD2824_r0_c0.png
35.66994666995938,139.76316201650485,decentralized,0.8827517628669739,09LD2824_r0_c0.png
35.66996140032248,139.76265403890775,decentralized,0.8825146555900574,09LD2824_r0_c0.png
35.6697796563819,139.7628616572088,decentralized,0.8786044716835022,09LD2824_r0_c0.png
35.66987392320054,139.76301045588605,decentralized,0.8773224353790283,09LD2824_r0_c0.png
35.66993295044853,139.76316989495155,decentralized,0.8701730966567993,09LD2824_r0_c0.png
35.66975149207275,139.76294805970952,decentralized,0.8638485670089722,09LD2824_r0_c0.png
35.669925924496475,139.76314075599674,decentralized,0.8596018552780151,09LD2824_r0_c0.png
35.669949712322214,139.76305128426188,decentralized,0.8568227887153625,09LD2824_r0_c0.png
35.66992084444614,139.76317874439167,decentralized,0.8541235327720642,09LD2824_r0_c0.png
35.669845221857244,139.76314976004304,decentralized,0.8391351103782654,09LD2824_r0_c0.png
35.66988360396883,139.76299557373417,decentralized,0.8336450457572937,09LD2824_r0_c0.png
35.66987112031092,139.76297376798578,decentralized,0.8165706396102905,09LD2824_r0_c0.png
35.66991773017453,139.76305357644998,decentralized,0.8097241520881653,09LD2824_r0_c0.png
35.66983396488686,139.76299940028233,decentralized,0.7800731062889099,09LD2824_r0_c0.png
35.66988697848054,139.76298636944435,decentralized,0.7797272801399231,09LD2824_r0_c0.png
35.66990241654262,139.7630039726734,decentralized,0.7743316292762756,09LD2824_r0_c0.png
35.66984530648874,139.76302488191965,decentralized,0.7605060338973999,09LD2824_r0_c0.png
35.66999517205661,139.76264151374292,decentralized,0.756586492061615,09LD2824_r0_c0.png
35.669904805412756,139.76301627049423,decentralized,0.7543431520462036,09LD2824_r0_c0.png
35.66991297062274,139.76314167252667,decentralized,0.7465301752090454,09LD2824_r0_c0.png
35.669917899748874,139.763133394991,decentralized,0.6723045706748962,09LD2824_r0_c0.png
35.66989805314362,139.7631189383057,decentralized,0.592049241065979,09LD2824_r0_c0.png
35.66996813937107,139.76264079865663,decentralized,0.5647784471511841,09LD2824_r0_c0.png
35.6697758211149,139.76300171894204,decentralized,0.5417035222053528,09LD2824_r0_c0.png
35.66984519964066,139.76295240138458,decentralized,0.40337464213371277,09LD2824_r0_c0.png
35.66974883064643,139.76295418062463,decentralized,0.3704788088798523,09LD2824_r0_c0.png
35.669910365499874,139.76314518263547,decentralized,0.3418821692466736,09LD2824_r0_c0.png
35.669749134827846,139.76296641990868,decentralized,0.29753533005714417,09LD2824_r0_c0.png
35.66980516561642,139.7631882716066,decentralized,0.20096683502197266,09LD2824_r0_c0.png
35.66989235781668,139.76300057891265,decentralized,0.17389674484729767,09LD2824_r0_c0.png
35.66974879970032,139.76295676932926,decentralized,0.15884125232696533,09LD2824_r0_c0.png
35.669817490892775,139.76301291890232,decentralized,0.13426503539085388,09LD2824_r0_c0.png
35.6698822039283,139.76310034770367,decentralized,0.1340150535106659,09LD2824_r0_c0.png
35.669972285471474,139.76336657022605,decentralized,0.9139432311058044,09LD2824_r0_c1.png
35.6700553571771,139.76334825386343,decentralized,0.9057313799858093,09LD2824_r0_c1.png
35.66981386144606,139.76322030027805,decentralized,0.9039256572723389,09LD2824_r0_c1.png
35.66998314208449,139.76337757729385,decentralized,0.895980179309845,09LD2824_r0_c1.png
35.66982316846231,139.76323002535514,decentralized,0.8771750330924988,09LD2824_r0_c1.png
35.67005240902421,139.7634253328539,decentralized,0.8729937076568604,09LD2824_r0_c1.png
35.66993707192098,139.76334159505433,decentralized,0.8648309707641602,09LD2824_r0_c1.png
35.670009338796774,139.76345527329875,decentralized,0.8620936274528503,09LD2824_r0_c1.png
35.67002213957806,139.76347178984525,decentralized,0.8615471720695496,09LD2824_r0_c1.png
35.66980877816187,139.76319608096713,decentralized,0.8533404469490051,09LD2824_r0_c1.png
35.66994269037942,139.76334735298136,decentralized,0.8482267260551453,09LD2824_r0_c1.png
35.669960202928344,139.76328795767608,decentralized,0.8460659980773926,09LD2824_r0_c1.png
35.66993527785496,139.7633016206806,decentralized,0.8457288146018982,09LD2824_r0_c1.png
35.67004610390613,139.76341825128452,decentralized,0.8264817595481873,09LD2824_r0_c1.png
35.66992814912674,139.7633246756843,decentralized,0.8263734579086304,09LD2824_r0_c1.png
35.67008132445144,139.76348888730715,decentralized,0.8079885244369507,09LD2824_r0_c1.png
35.670072177190995,139.76350246690802,decentralized,0.8045945763587952,09LD2824_r0_c1.png
35.669923646963554,139.76331987279303,decentralized,0.8027058839797974,09LD2824_r0_c1.png
35.670040092827044,139.76327498947725,decentralized,0.8014293909072876,09LD2824_r0_c1.png
35.66992820695641,139.76324338284869,decentralized,0.7647097110748291,09LD2824_r0_c1.png
35.670028685686574,139.76346210265893,decentralized,0.6988214254379272,09LD2824_r0_c1.png
35.66983455074938,139.76319285136856,decentralized,0.6179081201553345,09LD2824_r0_c1.png
35.67003272128837,139.7634197781677,decentralized,0.5980912446975708,09LD2824_r0_c1.png
35.6698798867082,139.76338522292477,decentralized,0.4975041151046753,09LD2824_r0_c1.png
35.670060608756806,139.7631933908824,decentralized,0.20302382111549377,09LD2824_r0_c1.png
35.66991041803243,139.7633902172219,decentralized,0.19740433990955353,09LD2824_r0_c1.png
35.669934736411726,139.76319370931913,decentralized,0.19541624188423157,09LD2824_r0_c1.png
35.669993495708354,139.76321609708734,decentralized,0.14247532188892365,09LD2824_r0_c1.png
35.66989924526883,139.76340619571192,decentralized,0.14006683230400085,09LD2824_r0_c1.png
35.66994853781615,139.7642459355123,CT,0.9460978507995605,09LD2824_r0_c2.png
35.6699347229863,139.76426366394617,CT,0.929217517375946,09LD2824_r0_c2.png
35.669788697202904,139.76423052711124,decentralized,0.8985832333564758,09LD2824_r0_c2.png
35.66986107404885,139.7642586274946,decentralized,0.8938594460487366,09LD2824_r0_c2.png
35.66992086631087,139.76428085830366,CT,0.8910062313079834,09LD2824_r0_c2.png
35.6697539097501,139.76422037811386,decentralized,0.8360010981559753,09LD2824_r0_c2.png
35.66983416516757,139.76420382635865,decentralized,0.7840803265571594,09LD2824_r0_c2.png
35.669751016140005,139.76420204344544,decentralized,0.7375808954238892,09LD2824_r0_c2.png
35.66976136268621,139.7641838051312,decentralized,0.6980493664741516,09LD2824_r0_c2.png
35.66990336238258,139.76428963202616,CT,0.6326179504394531,09LD2824_r0_c2.png
35.66975463303149,139.76409390879462,decentralized,0.4122740626335144,09LD2824_r0_c2.png
35.66983425964155,139.7644049988947,CT,0.9794953465461731,09LD2824_r0_c3.png
35.669847683886026,139.76438641155107,CT,0.9741507768630981,09LD2824_r0_c3.png
35.66989486543175,139.76431999697184,CT,0.9731061458587646,09LD2824_r0_c3.png
35.669820718700734,139.76442424931247,CT,0.9670823812484741,09LD2824_r0_c3.png
35.66986069140601,139.76436802816986,CT,0.9554286599159241,09LD2824_r0_c3.png
35.6698742311973,139.7643495239663,CT,0.9346057176589966,09LD2824_r0_c3.png
35.670062616448355,139.76457789643888,decentralized,0.9317119717597961,09LD2824_r0_c3.png
35.66994092888459,139.76474978435152,decentralized,0.9244300127029419,09LD2824_r0_c3.png
35.66991051934107,139.76430440466652,CT,0.9119192957878113,09LD2824_r0_c3.png
35.66995346710424,139.7648288000248,decentralized,0.9033602476119995,09LD2824_r0_c3.png
35.66988029548483,139.7648331574711,decentralized,0.8930538892745972,09LD2824_r0_c3.png
35.66991243387088,139.76479072192774,decentralized,0.8893368244171143,09LD2824_r0_c3.png
35.66994224484656,139.76481710407143,decentralized,0.880730390548706,09LD2824_r0_c3.png
35.66975852080214,139.76436461828322,decentralized,0.8779608011245728,09LD2824_r0_c3.png
35.66995671814762,139.76472888328033,decentralized,0.8482741713523865,09LD2824_r0_c3.png
35.67004839777756,139.76482789405696,decentralized,0.8440420627593994,09LD2824_r0_c3.png
35.67008315688032,139.764551795697,decentralized,0.8137144446372986,09LD2824_r0_c3.png
35.670050913483166,139.7648036743055,decentralized,0.8004633188247681,09LD2824_r0_c3.png
35.67008467744656,139.76456945079966,decentralized,0.7904796004295349,09LD2824_r0_c3.png
35.67005460028709,139.7648081778611,decentralized,0.7644631266593933,09LD2824_r0_c3.png
35.670004875196,139.76484231848647,decentralized,0.7274487018585205,09LD2824_r0_c3.png
35.67006079636424,139.7647899581052,decentralized,0.6101395487785339,09LD2824_r0_c3.png
35.66997971632133,139.76469386191317,decentralized,0.5826734900474548,09LD2824_r0_c3.png
35.67006228316151,139.76484387170123,decentralized,0.5179764628410339,09LD2824_r0_c3.png
35.67002838125091,139.76477766235118,decentralized,0.4782330095767975,09LD2824_r0_c3.png
35.67004434536903,139.7647958375717,decentralized,0.435638964176178,09LD2824_r0_c3.png
35.66992765782837,139.7642990582274,CT,0.3633911609649658,09LD2824_r0_c3.png
35.66975080269152,139.76434931464087,decentralized,0.3260413110256195,09LD2824_r0_c3.png
35.669925181406796,139.76430112688465,CT,0.31965792179107666,09LD2824_r0_c3.png
35.669751078141815,139.76458478040664,decentralized,0.26984119415283203,09LD2824_r0_c3.png
35.66975004830251,139.76430891557578,decentralized,0.2076050192117691,09LD2824_r0_c3.png
35.66993346685783,139.76483062297515,decentralized,0.19042295217514038,09LD2824_r0_c3.png
35.669750404780096,139.764616538568,decentralized,0.17965510487556458,09LD2824_r0_c3.png
35.669799828032524,139.76445881119267,ACC,0.12024328112602234,09LD2824_r0_c3.png
35.66995245217643,139.76484501937247,decentralized,0.11178102344274521,09LD2824_r0_c3.png
35.66945480386531,139.76281863864986,decentralized,0.9306641221046448,09LD2824_r1_c0.png
35.66944502032921,139.7628078382047,decentralized,0.92034512758255,09LD2824_r1_c0.png
35.66972671314891,139.76291076725997,decentralized,0.9121977686882019,09LD2824_r1_c0.png
35.66942740895036,139.7627402504636,decentralized,0.9111166596412659,09LD2824_r1_c0.png
35.66947438708066,139.76283849941677,decentralized,0.9084120988845825,09LD2824_r1_c0.png
35.66943356005571,139.76275534586554,decentralized,0.9083821177482605,09LD2824_r1_c0.png
35.66945162563658,139.76277414677782,decentralized,0.9026395082473755,09LD2824_r1_c0.png
35.66944328257628,139.76276575697085,decentralized,0.8931377530097961,09LD2824_r1_c0.png
35.669730727757276,139.7628574694095,decentralized,0.8850690126419067,09LD2824_r1_c0.png
35.669462422659954,139.76283438597366,decentralized,0.8642352819442749,09LD2824_r1_c0.png
35.669709543135376,139.7628949818826,decentralized,0.8622661232948303,09LD2824_r1_c0.png
35.669717238670415,139.7628905493894,decentralized,0.8425189256668091,09LD2824_r1_c0.png
35.669736391513325,139.76294921631586,decentralized,0.8062445521354675,09LD2824_r1_c0.png
35.669741254116076,139.76290076071524,decentralized,0.806007981300354,09LD2824_r1_c0.png
35.669592793466755,139.7626579488427,decentralized,0.8042900562286377,09LD2824_r1_c0.png
35.669739400776855,139.7629352382156,decentralized,0.789965808391571,09LD2824_r1_c0.png
35.66954882345252,139.76264226482792,decentralized,0.7323688268661499,09LD2824_r1_c0.png
35.669745491296815,139.7629286048603,decentralized,0.6823039054870605,09LD2824_r1_c0.png
35.6697420126086,139.76288971352147,decentralized,0.6054432392120361,09LD2824_r1_c0.png
35.66970053311181,139.76290635633092,decentralized,0.4469509720802307,09LD2824_r1_c0.png
35.66960471151257,139.76304194812334,decentralized,0.4319015443325043,09LD2824_r1_c0.png
35.66974576685727,139.76284457194834,decentralized,0.29059505462646484,09LD2824_r1_c0.png
35.669738387529996,139.76294729978804,decentralized,0.2647559940814972,09LD2824_r1_c0.png
35.66974571329274,139.76318002756025,decentralized,0.2576061487197876,09LD2824_r1_c0.png
35.66973885539862,139.76284567198934,decentralized,0.20017224550247192,09LD2824_r1_c0.png
35.66941364454458,139.76273400331456,decentralized,0.16655360162258148,09LD2824_r1_c0.png
35.66946639210658,139.76279182836552,decentralized,0.11682576686143875,09LD2824_r1_c0.png
35.669412358997974,139.76367191730336,decentralized,0.35707584023475647,09LD2824_r1_c1.png
35.66971606457239,139.76401487132125,decentralized,0.9259459972381592,09LD2824_r1_c2.png
35.669728401316796,139.76400544299196,decentralized,0.9216838479042053,09LD2824_r1_c2.png
35.66973837522907,139.76410936998087,decentralized,0.916878342628479,09LD2824_r1_c2.png
35.66969516557254,139.76425114085677,decentralized,0.9107449650764465,09LD2824_r1_c2.png
35.66973592450847,139.76422048288146,decentralized,0.8743709921836853,09LD2824_r1_c2.png
35.66969658752488,139.7642768251058,decentralized,0.8679317235946655,09LD2824_r1_c2.png
35.669710494603706,139.76428130127476,decentralized,0.8663269877433777,09LD2824_r1_c2.png
35.66972526327956,139.7642091614866,decentralized,0.8653087615966797,09LD2824_r1_c2.png
35.66967923427573,139.76427496030237,decentralized,0.8651213645935059,09LD2824_r1_c2.png
35.66973838205573,139.764194023075,decentralized,0.8588173985481262,09LD2824_r1_c2.png
35.669735856159406,139.7641916236679,decentralized,0.8218803405761719,09LD2824_r1_c2.png
35.66974264248949,139.76423522754862,decentralized,0.8162366151809692,09LD2824_r1_c2.png
35.66972345887231,139.76421448700137,decentralized,0.7801536917686462,09LD2824_r1_c2.png
35.66968769043189,139.76379249190086,decentralized,0.7502482533454895,09LD2824_r1_c2.png
35.66973969826535,139.7639881413512,decentralized,0.6033648252487183,09LD2824_r1_c2.png
35.669420156597916,139.76428794639494,decentralized,0.3719625174999237,09LD2824_r1_c2.png
35.669452518734154,139.76383670422447,decentralized,0.3577982187271118,09LD2824_r1_c2.png
35.66968948585871,139.7642604674028,decentralized,0.30243369936943054,09LD2824_r1_c2.png
35.66971641873089,139.7640984900135,decentralized,0.2693925201892853,09LD2824_r1_c2.png
35.66974547335531,139.76408895044335,decentralized,0.25686800479888916,09LD2824_r1_c2.png
35.66973803627374,139.7639435719287,decentralized,0.14809918403625488,09LD2824_r1_c2.png
35.66956743812134,139.76380676162466,decentralized,0.13814422488212585,09LD2824_r1_c2.png
35.669746655573924,139.76427119110505,decentralized,0.12539926171302795,09LD2824_r1_c2.png
35.66973083835141,139.76429283719816,decentralized,0.10254012793302536,09LD2824_r1_c2.png
35.66967143762848,139.76456884972285,CT,0.9712283611297607,09LD2824_r1_c3.png
35.66972912092759,139.76460262797332,CT,0.9707255363464355,09LD2824_r1_c3.png
35.6696587304979,139.76458844065795,CT,0.9653488993644714,09LD2824_r1_c3.png
35.66971665364831,139.7646227484006,CT,0.9634709358215332,09LD2824_r1_c3.png
35.66963198674583,139.7646263480885,CT,0.9623104333877563,09LD2824_r1_c3.png
35.6696114312104,139.76453938931212,CT,0.9589311480522156,09LD2824_r1_c3.png
35.66970288720947,139.76464065604893,CT,0.9558203220367432,09LD2824_r1_c3.png
35.669689274148155,139.7646591977165,CT,0.9554749727249146,09LD2824_r1_c3.png
35.66962487590853,139.76452038256917,CT,0.950091540813446,09LD2824_r1_c3.png
35.66964550565761,139.76460731349755,CT,0.9469072818756104,09LD2824_r1_c3.png
35.669638159510335,139.76450195130704,CT,0.9441401958465576,09LD2824_r1_c3.png
35.66952523719152,139.76442138587834,CT,0.9400812387466431,09LD2824_r1_c3.png
35.669684629521704,139.76454997609,CT,0.9306901097297668,09LD2824_r1_c3.png
35.66950777366181,139.76440295813296,CT,0.9184607863426208,09LD2824_r1_c3.png
35.669558627614954,139.76433765323242,decentralized,0.9156531691551208,09LD2824_r1_c3.png
35.6695574970127,139.76435847961454,decentralized,0.9043501019477844,09LD2824_r1_c3.png
35.66974118561701,139.76458327148953,CT,0.9000119566917419,09LD2824_r1_c3.png
35.66946212080877,139.7643491554781,CT,0.8926523923873901,09LD2824_r1_c3.png
35.66957957415289,139.7643590048061,decentralized,0.854856014251709,09LD2824_r1_c3.png
35.66955673792598,139.76437913734912,decentralized,0.8282812237739563,09LD2824_r1_c3.png
35.669696366812644,139.7643009130258,decentralized,0.8136889934539795,09LD2824_r1_c3.png
35.66960189829566,139.76432750088279,decentralized,0.7616342902183533,09LD2824_r1_c3.png
35.6696827335423,139.76429822881136,decentralized,0.7607888579368591,09LD2824_r1_c3.png
35.669626247423324,139.7642987039444,decentralized,0.41001442074775696,09LD2824_r1_c3.png
35.66929912522074,139.76272661937816,decentralized,0.893342137336731,09LD2824_r2_c0.png
35.6693341036798,139.762761549396,decentralized,0.8748550415039062,09LD2824_r2_c0.png
35.669351542222564,139.76273644623728,decentralized,0.8564330339431763,09LD2824_r2_c0.png
35.66918718245771,139.76310898187515,decentralized,0.8302316069602966,09LD2824_r2_c0.png
35.66930324912118,139.76276165333599,decentralized,0.8028636574745178,09LD2824_r2_c0.png
35.66921187301022,139.7631748286252,decentralized,0.6959989666938782,09LD2824_r2_c0.png
35.669183637847205,139.76318818907902,decentralized,0.4977587163448334,09LD2824_r2_c0.png
35.66917020515092,139.76318274216914,decentralized,0.1639918088912964,09LD2824_r2_c0.png
35.66927617738955,139.76367694120637,decentralized,0.9432487487792969,09LD2824_r2_c1.png
35.66912580920169,139.76335878916453,decentralized,0.9305978417396545,09LD2824_r2_c1.png
35.66922580789629,139.7637368595726,decentralized,0.9169755578041077,09LD2824_r2_c1.png
35.669216425548534,139.76370784014824,decentralized,0.9153157472610474,09LD2824_r2_c1.png
35.669173715942634,139.76320287204868,decentralized,0.9061431288719177,09LD2824_r2_c1.png
35.6692411629671,139.7637312547271,decentralized,0.8999735713005066,09LD2824_r2_c1.png
35.66933186021923,139.7635887362356,decentralized,0.8988065123558044,09LD2824_r2_c1.png
35.66910751041025,139.7631996116376,decentralized,0.8928743600845337,09LD2824_r2_c1.png
35.66919404352043,139.76323406698504,decentralized,0.8882166743278503,09LD2824_r2_c1.png
35.669212707871424,139.76323413121338,decentralized,0.8872049450874329,09LD2824_r2_c1.png
35.66915833103607,139.76320004496873,decentralized,0.885651171207428,09LD2824_r2_c1.png
35.66918374946311,139.76332725748557,decentralized,0.8784070611000061,09LD2824_r2_c1.png
35.6694020603441,139.76372305527516,decentralized,0.8457056283950806,09LD2824_r2_c1.png
35.6691653631437,139.76328194627513,CT,0.7826650142669678,09LD2824_r2_c1.png
35.669082311848534,139.76340120534275,decentralized,0.3241848647594452,09LD2824_r2_c1.png
35.669185917414566,139.763192937492,decentralized,0.19684725999832153,09LD2824_r2_c1.png
35.66907322831877,139.7634165390795,decentralized,0.17404955625534058,09LD2824_r2_c1.png
35.66928542712923,139.7639824757117,decentralized,0.930825412273407,09LD2824_r2_c2.png
35.669331908587914,139.76411968513148,decentralized,0.9250508546829224,09LD2824_r2_c2.png
35.669261450649266,139.7637529109513,decentralized,0.9026446342468262,09LD2824_r2_c2.png
35.66934662105266,139.7641135269826,decentralized,0.8917567133903503,09LD2824_r2_c2.png
35.66917179190678,139.76401956513473,decentralized,0.8658536076545715,09LD2824_r2_c2.png
35.66916187149466,139.764032190151,decentralized,0.8489499092102051,09LD2824_r2_c2.png
35.66924878281434,139.76375969319457,decentralized,0.8412363529205322,09LD2824_r2_c2.png
35.6693399884866,139.7641952872314,decentralized,0.728702187538147,09LD2824_r2_c2.png
35.66918798915022,139.7639492131667,decentralized,0.6694884896278381,09LD2824_r2_c2.png
35.66936499061463,139.76375526369168,decentralized,0.6408808827400208,09LD2824_r2_c2.png
35.66928834035524,139.76396147358014,decentralized,0.6284030675888062,09LD2824_r2_c2.png
35.66927278264875,139.76413660673518,decentralized,0.42588192224502563,09LD2824_r2_c2.png
35.66928242725781,139.76386786677975,decentralized,0.21635933220386505,09LD2824_r2_c2.png
35.66920298304605,139.7640646844838,decentralized,0.20200036466121674,09LD2824_r2_c2.png
35.669262498988935,139.763827081339,decentralized,0.1641911268234253,09LD2824_r2_c2.png
35.669132801184695,139.76394511365044,decentralized,0.138213112950325,09LD2824_r2_c2.png
35.66928760232375,139.76472850692457,decentralized,0.9499205946922302,09LD2824_r2_c3.png
35.66932080514384,139.7647714829568,decentralized,0.9108415842056274,09LD2824_r2_c3.png
35.66915135158685,139.76451578194514,decentralized,0.9076645970344543,09LD2824_r2_c3.png
35.66937470833266,139.76480142620548,decentralized,0.9048160314559937,09LD2824_r2_c3.png
35.66933878250074,139.7647489872442,decentralized,0.8987702131271362,09LD2824_r2_c3.png
35.66929517809219,139.76474157020314,decentralized,0.8973113894462585,09LD2824_r2_c3.png
35.66910789399672,139.7644525321945,decentralized,0.8938522934913635,09LD2824_r2_c3.png
35.66931131781315,139.76479264174213,decentralized,0.8915838003158569,09LD2824_r2_c3.png
35.66925295097994,139.7648336666289,decentralized,0.8817901611328125,09LD2824_r2_c3.png
35.66930446760867,139.76474966564976,decentralized,0.8602878451347351,09LD2824_r2_c3.png
35.66939135160004,139.76481832760686,decentralized,0.8582839965820312,09LD2824_r2_c3.png
35.669245457878176,139.76483824502168,decentralized,0.8561326861381531,09LD2824_r2_c3.png
35.6692485315414,139.76467451162281,decentralized,0.8479347825050354,09LD2824_r2_c3.png
35.66928650531635,139.76476028521984,decentralized,0.8361896872520447,09LD2824_r2_c3.png
35.669244160869184,139.76481130462952,decentralized,0.8360408544540405,09LD2824_r2_c3.png
35.66927723365473,139.7646674577579,decentralized,0.8263059258460999,09LD2824_r2_c3.png
35.6692744309037,139.76474436565977,decentralized,0.7432672381401062,09LD2824_r2_c3.png
35.66937770149299,139.76482106274318,decentralized,0.5081074833869934,09LD2824_r2_c3.png
35.66926413570257,139.76477684054427,decentralized,0.49891042709350586,09LD2824_r2_c3.png
35.66922875555931,139.76481098615548,decentralized,0.42288264632225037,09LD2824_r2_c3.png
35.669298280603606,139.76477434943646,decentralized,0.3442387580871582,09LD2824_r2_c3.png
35.669140324538056,139.7645288823315,decentralized,0.30474570393562317,09LD2824_r2_c3.png
35.669074053345064,139.76447820878533,decentralized,0.27765801548957825,09LD2824_r2_c3.png
35.669229783243914,139.76465217381352,decentralized,0.23046031594276428,09LD2824_r2_c3.png
35.669394462578104,139.76432573150655,decentralized,0.21148525178432465,09LD2824_r2_c3.png
35.66939707458993,139.76484525634618,decentralized,0.20780152082443237,09LD2824_r2_c3.png
35.66939724160941,139.7643167588841,decentralized,0.18219920992851257,09LD2824_r2_c3.png
35.66908965418377,139.76500499862348,ACC,0.9597993493080139,09LD2824_r2_c4.png
35.66910295961126,139.76496427493535,ACC,0.9589126110076904,09LD2824_r2_c4.png
35.669130102120555,139.76505705874678,ACC,0.9500228762626648,09LD2824_r2_c4.png
35.66914364541539,139.7650165121755,ACC,0.9402331709861755,09LD2824_r2_c4.png
35.66928584468965,139.7653176800276,decentralized,0.9221308827400208,09LD2824_r2_c4.png
35.669347311528924,139.7648926504338,decentralized,0.9159793853759766,09LD2824_r2_c4.png
35.669267473463364,139.7652198750882,decentralized,0.8854995369911194,09LD2824_r2_c4.png
35.66908486660098,139.7651784281639,decentralized,0.875956118106842,09LD2824_r2_c4.png
35.66931911894051,139.76500151843723,decentralized,0.8321542143821716,09LD2824_r2_c4.png
35.66925258116717,139.7652419910423,decentralized,0.8238736987113953,09LD2824_r2_c4.png
35.669078431532505,139.76517066743023,decentralized,0.8191360831260681,09LD2824_r2_c4.png
35.66940597769153,139.76486051580164,decentralized,0.7444990873336792,09LD2824_r2_c4.png
35.66933141901149,139.7649865688298,decentralized,0.6942433714866638,09LD2824_r2_c4.png
35.66915411507929,139.76522434451647,decentralized,0.6163263916969299,09LD2824_r2_c4.png
35.66926170813196,139.7652522471911,decentralized,0.49665340781211853,09LD2824_r2_c4.png
35.66940364009981,139.76487467653902,decentralized,0.4568972587585449,09LD2824_r2_c4.png
35.66929863887732,139.76494467213442,decentralized,0.445839524269104,09LD2824_r2_c4.png
35.6693615432833,139.76485073805745,decentralized,0.3706921637058258,09LD2824_r2_c4.png
35.66928819286712,139.76523026024188,decentralized,0.21670250594615936,09LD2824_r2_c4.png
35.66939692647263,139.76484975396397,decentralized,0.14559203386306763,09LD2824_r2_c4.png
35.669074635862074,139.7649332791924,decentralized,0.14412197470664978,09LD2824_r2_c4.png
35.66907461373563,139.76497138310302,decentralized,0.12862659990787506,09LD2824_r2_c4.png
35.66939878554878,139.76485024438387,decentralized,0.1257740557193756,09LD2824_r2_c4.png
35.66940843863289,139.76485040905663,decentralized,0.10264325886964798,09LD2824_r2_c4.png
35.66880737149275,139.7630901932449,decentralized,0.9243903756141663,09LD2824_r3_c0.png
35.669035809077165,139.76317466199797,decentralized,0.9232261180877686,09LD2824_r3_c0.png
35.66887393270634,139.76291504677113,decentralized,0.9110182523727417,09LD2824_r3_c0.png
35.66874856990298,139.76277808816258,decentralized,0.9094683527946472,09LD2824_r3_c0.png
35.66894506933687,139.76299982224947,CT,0.8988953232765198,09LD2824_r3_c0.png
35.6688162941977,139.76310758433274,decentralized,0.8978901505470276,09LD2824_r3_c0.png
35.66906247449486,139.76313632925064,decentralized,0.8967270255088806,09LD2824_r3_c0.png
35.66879836790343,139.76310669118183,decentralized,0.88840651512146,09LD2824_r3_c0.png
35.6688767161789,139.76293420436647,decentralized,0.8837611675262451,09LD2824_r3_c0.png
35.668905630053466,139.76298185822168,decentralized,0.8780564665794373,09LD2824_r3_c0.png
35.66889469206591,139.76296897476325,decentralized,0.8749650716781616,09LD2824_r3_c0.png
35.66889723841698,139.76293720901293,decentralized,0.869231641292572,09LD2824_r3_c0.png
35.66905289188364,139.7631812980587,decentralized,0.8359748721122742,09LD2824_r3_c0.png
35.66891419818084,139.76304611606315,CT,0.8032163381576538,09LD2824_r3_c0.png
35.66882534457154,139.76288206048721,decentralized,0.7023939490318298,09LD2824_r3_c0.png
35.66875361848725,139.76290553552533,decentralized,0.6290461421012878,09LD2824_r3_c0.png
35.66877146249763,139.76288971726987,decentralized,0.36052295565605164,09LD2824_r3_c0.png
35.66906941664536,139.76315758360874,decentralized,0.35210710763931274,09LD2824_r3_c0.png
35.669069538089836,139.76317802151632,decentralized,0.21258604526519775,09LD2824_r3_c0.png
35.66906956269979,139.76317410277895,decentralized,0.11494458466768265,09LD2824_r3_c0.png
35.66903916166461,139.76323102023986,decentralized,0.9120288491249084,09LD2824_r3_c1.png
35.66904593199463,139.76322159903148,decentralized,0.9056727290153503,09LD2824_r3_c1.png
35.66903570770694,139.76320558556748,decentralized,0.9026941657066345,09LD2824_r3_c1.png
35.66874173643549,139.7633241364852,decentralized,0.884088933467865,09LD2824_r3_c1.png
35.66890037411656,139.76352257712816,CT,0.8763055205345154,09LD2824_r3_c1.png
35.66875352305313,139.7633320261603,decentralized,0.8747695684432983,09LD2824_r3_c1.png
35.66901870701017,139.76319867419053,decentralized,0.8738226294517517,09LD2824_r3_c1.png
35.66876162987732,139.7633008362642,decentralized,0.8636174201965332,09LD2824_r3_c1.png
35.66874165315973,139.76335544787065,decentralized,0.8573642373085022,09LD2824_r3_c1.png
35.6688223458471,139.76364081076355,decentralized,0.8550384044647217,09LD2824_r3_c1.png
35.66880992408962,139.7636288229083,decentralized,0.847317636013031,09LD2824_r3_c1.png
35.66876999519168,139.76331278958745,decentralized,0.8294425010681152,09LD2824_r3_c1.png
35.668908998310116,139.76356148803177,CT,0.7463169097900391,09LD2824_r3_c1.png
35.66887206088313,139.76369530508288,decentralized,0.6058241724967957,09LD2824_r3_c1.png
35.66875189413534,139.76331235785435,decentralized,0.5409093499183655,09LD2824_r3_c1.png
35.66886138380187,139.76367693202326,decentralized,0.5159744620323181,09LD2824_r3_c1.png
35.668845461622105,139.76342092472237,decentralized,0.5083701014518738,09LD2824_r3_c1.png
35.66885315389041,139.76341621968496,decentralized,0.4246896803379059,09LD2824_r3_c1.png
35.668897760449674,139.76347131901343,CT,0.40209057927131653,09LD2824_r3_c1.png
35.66891157490161,139.7636417601121,decentralized,0.3978090286254883,09LD2824_r3_c1.png
35.66876337993742,139.76351236966403,decentralized,0.3975227475166321,09LD2824_r3_c1.png
35.66889888779065,139.7636262075856,decentralized,0.3385455012321472,09LD2824_r3_c1.png
35.668735630003106,139.76335477180118,decentralized,0.2914555072784424,09LD2824_r3_c1.png
35.668736455675734,139.76362823415406,CT,0.23780423402786255,09LD2824_r3_c1.png
35.66886386092106,139.76343418125276,decentralized,0.20959576964378357,09LD2824_r3_c1.png
35.66891380363979,139.76344478169952,decentralized,0.20322279632091522,09LD2824_r3_c1.png
35.66907011665202,139.7634141421827,decentralized,0.1926480531692505,09LD2824_r3_c1.png
35.668737135346966,139.76335483726655,decentralized,0.16925841569900513,09LD2824_r3_c1.png
35.66904522683354,139.76322150396663,decentralized,0.12937474250793457,09LD2824_r3_c1.png
35.66878481862008,139.7633109529991,decentralized,0.11892306804656982,09LD2824_r3_c1.png
35.66884811780664,139.76413689862065,decentralized,0.8988784551620483,09LD2824_r3_c2.png
35.66884910221502,139.7641542820865,decentralized,0.8805800676345825,09LD2824_r3_c2.png
35.66884453498481,139.76418515321043,decentralized,0.870442271232605,09LD2824_r3_c2.png
35.66883633054571,139.76427431647613,decentralized,0.8587390780448914,09LD2824_r3_c2.png
35.66883280992831,139.7637454531412,decentralized,0.7494948506355286,09LD2824_r3_c2.png
35.66886125333124,139.76418716091334,decentralized,0.6594715714454651,09LD2824_r3_c2.png
35.668854128998056,139.76420130309026,decentralized,0.5948663949966431,09LD2824_r3_c2.png
35.66885097156716,139.7641732850545,decentralized,0.29935765266418457,09LD2824_r3_c2.png
35.6688323165616,139.7641520197708,decentralized,0.25643154978752136,09LD2824_r3_c2.png
35.66892698467792,139.7642262445624,decentralized,0.11875855922698975,09LD2824_r3_c2.png
35.66877038720165,139.76430461533226,decentralized,0.9312945604324341,09LD2824_r3_c3.png
35.66881704372232,139.7643266264945,decentralized,0.9245072603225708,09LD2824_r3_c3.png
35.66890665680612,139.76436211901205,decentralized,0.9175139665603638,09LD2824_r3_c3.png
35.66880677462567,139.76433811474678,decentralized,0.9036737084388733,09LD2824_r3_c3.png
35.66902751167458,139.7644919079385,decentralized,0.8980344533920288,09LD2824_r3_c3.png
35.66904012603964,139.7644580587554,decentralized,0.8958461284637451,09LD2824_r3_c3.png
35.66902754649675,139.76433296250326,decentralized,0.8860921859741211,09LD2824_r3_c3.png
35.66901376769462,139.76447881887594,decentralized,0.8819976449012756,09LD2824_r3_c3.png
35.66902062095396,139.7645141131502,decentralized,0.8794598579406738,09LD2824_r3_c3.png
35.66883732035906,139.76430339321703,decentralized,0.8663150072097778,09LD2824_r3_c3.png
35.66902336121384,139.76438894980257,decentralized,0.8568360209465027,09LD2824_r3_c3.png
35.66899817475949,139.76446925181858,decentralized,0.8526580929756165,09LD2824_r3_c3.png
35.668798180455674,139.7645452757174,decentralized,0.8525028824806213,09LD2824_r3_c3.png
35.668826319722015,139.76431564596405,decentralized,0.8443071842193604,09LD2824_r3_c3.png
35.66896485060819,139.76483574583335,CT,0.8426870107650757,09LD2824_r3_c3.png
35.66889178284763,139.7643389688356,decentralized,0.8372753262519836,09LD2824_r3_c3.png
35.66904643802738,139.764484982345,decentralized,0.8134188652038574,09LD2824_r3_c3.png
35.669039928646974,139.76449236181767,decentralized,0.8032970428466797,09LD2824_r3_c3.png
35.66887085648686,139.7643055584171,decentralized,0.7777255773544312,09LD2824_r3_c3.png
35.66896679130943,139.76454398090056,decentralized,0.6972719430923462,09LD2824_r3_c3.png
35.66885594156318,139.76432416287324,decentralized,0.6577980518341064,09LD2824_r3_c3.png
35.66899638229141,139.76448580833994,decentralized,0.5625309348106384,09LD2824_r3_c3.png
35.66891870286003,139.7643510331908,decentralized,0.34963977336883545,09LD2824_r3_c3.png
35.66897924769967,139.7648449892349,CT,0.3350372612476349,09LD2824_r3_c3.png
35.66890820731454,139.76429831204607,decentralized,0.29184746742248535,09LD2824_r3_c3.png
35.66890694544597,139.7643451942767,decentralized,0.25180014967918396,09LD2824_r3_c3.png
35.66883281046348,139.76429950251216,decentralized,0.25160712003707886,09LD2824_r3_c3.png
35.668882367740785,139.76432628377682,decentralized,0.14791777729988098,09LD2824_r3_c3.png
35.668976491521796,139.76484653847015,CT,0.12340302765369415,09LD2824_r3_c3.png
35.66882974743707,139.7642979932269,decentralized,0.1183270812034607,09LD2824_r3_c3.png
35.66895268678058,139.7648447348268,CT,0.10360591858625412,09LD2824_r3_c3.png
35.66899427519507,139.76487338316272,CT,0.9456486701965332,09LD2824_r3_c4.png
35.669048395842495,139.76505614741237,decentralized,0.9409362077713013,09LD2824_r3_c4.png
35.66898752415687,139.76500068940888,decentralized,0.9323244690895081,09LD2824_r3_c4.png
35.66900781602688,139.76489113880984,CT,0.9317346215248108,09LD2824_r3_c4.png
35.66903598883692,139.76492625952523,CT,0.9311754107475281,09LD2824_r3_c4.png
35.66902170036314,139.76490780067195,CT,0.9283661842346191,09LD2824_r3_c4.png
35.66905732137243,139.7652294668474,decentralized,0.9099268913269043,09LD2824_r3_c4.png
35.66881315352544,139.76487882917854,decentralized,0.9086363315582275,09LD2824_r3_c4.png
35.66896327551712,139.76534924434733,decentralized,0.9019222259521484,09LD2824_r3_c4.png
35.668815695013016,139.7649009333412,decentralized,0.8967096209526062,09LD2824_r3_c4.png
35.66898027289269,139.76485673117946,CT,0.8873518109321594,09LD2824_r3_c4.png
35.668938692148835,139.76505800670515,decentralized,0.8842467069625854,09LD2824_r3_c4.png
35.66904249596229,139.76520332122425,decentralized,0.8840487599372864,09LD2824_r3_c4.png
35.66880256318116,139.7652049586721,decentralized,0.8840333819389343,09LD2824_r3_c4.png
35.66880181998022,139.76490152590682,decentralized,0.8809674382209778,09LD2824_r3_c4.png
35.668798200821584,139.7648795658464,decentralized,0.8727967739105225,09LD2824_r3_c4.png
35.668815034544366,139.76491655547824,decentralized,0.8727242350578308,09LD2824_r3_c4.png
35.668961832595805,139.76503005240025,decentralized,0.8701830506324768,09LD2824_r3_c4.png
35.66905222319795,139.76509678280402,decentralized,0.8688120245933533,09LD2824_r3_c4.png
35.66883698280944,139.76494509125737,decentralized,0.8640474081039429,09LD2824_r3_c4.png
35.66899912216386,139.76498782650825,decentralized,0.8576234579086304,09LD2824_r3_c4.png
35.66901781742253,139.7650904515069,decentralized,0.855024516582489,09LD2824_r3_c4.png
35.66892354635999,139.76530422161255,decentralized,0.837261438369751,09LD2824_r3_c4.png
35.66879908254132,139.7648892208947,decentralized,0.8285291194915771,09LD2824_r3_c4.png
35.668806720019575,139.764881351316,decentralized,0.8093281984329224,09LD2824_r3_c4.png
35.66897628889566,139.76501428430265,decentralized,0.7823407649993896,09LD2824_r3_c4.png
35.669042841274944,139.76509005845563,decentralized,0.6935938000679016,09LD2824_r3_c4.png
35.66899919796388,139.7651777129794,decentralized,0.6091552376747131,09LD2824_r3_c4.png
35.66903974488219,139.76509422964673,decentralized,0.6040537357330322,09LD2824_r3_c4.png
35.66903050841001,139.7650759918972,decentralized,0.5796717405319214,09LD2824_r3_c4.png
35.668737341213046,139.76516350205836,decentralized,0.5741744041442871,09LD2824_r3_c4.png
35.669036249401145,139.7650692463515,decentralized,0.4368407726287842,09LD2824_r3_c4.png
35.66902707378056,139.76507958316054,decentralized,0.31522685289382935,09LD2824_r3_c4.png
35.66874633476279,139.76514772181952,decentralized,0.28681546449661255,09LD2824_r3_c4.png
35.669011493735034,139.7650020192162,decentralized,0.2141914963722229,09LD2824_r3_c4.png
35.66890339918545,139.76539769753404,decentralized,0.16595786809921265,09LD2824_r3_c4.png
35.669068733885965,139.76506018019433,decentralized,0.16468138992786407,09LD2824_r3_c4.png
35.668782161398816,139.7648502627457,decentralized,0.15137942135334015,09LD2824_r3_c4.png
35.668964389833675,139.7648518276759,CT,0.10286269336938858,09LD2824_r3_c4.png
35.66891203749037,139.7657171425352,decentralized,0.9143109321594238,09LD2824_r3_c5.png
35.66892179058062,139.76570637073883,decentralized,0.9142318367958069,09LD2824_r3_c5.png
35.66884811320404,139.76571913566926,decentralized,0.9092152118682861,09LD2824_r3_c5.png
35.668858353270174,139.76570722380754,decentralized,0.9044351577758789,09LD2824_r3_c5.png
35.6688160476164,139.76574939532725,decentralized,0.9040517807006836,09LD2824_r3_c5.png
35.66893359628666,139.76569846976435,decentralized,0.9038223028182983,09LD2824_r3_c5.png
35.668836302331336,139.7657730206359,decentralized,0.8945091962814331,09LD2824_r3_c5.png
35.66887992060785,139.7654406237974,decentralized,0.8936707973480225,09LD2824_r3_c5.png
35.66882657903956,139.76576087190617,decentralized,0.8922790288925171,09LD2824_r3_c5.png
35.66886897044629,139.7654252710767,decentralized,0.8888679146766663,09LD2824_r3_c5.png
35.66879970826152,139.76572169673665,decentralized,0.8734713792800903,09LD2824_r3_c5.png
35.66887836974792,139.76576917459147,decentralized,0.8718085289001465,09LD2824_r3_c5.png
35.66880944645774,139.76573275189727,decentralized,0.8621619939804077,09LD2824_r3_c5.png
35.669066070724554,139.7659444255446,decentralized,0.8551822900772095,09LD2824_r3_c5.png
35.66886367104229,139.76576277330204,decentralized,0.8446789383888245,09LD2824_r3_c5.png
35.669069437555116,139.76550825853937,decentralized,0.6064220070838928,09LD2824_r3_c5.png
35.66891279756083,139.76579238778095,decentralized,0.5761476159095764,09LD2824_r3_c5.png
35.668905653696434,139.76580004688867,decentralized,0.5561231970787048,09LD2824_r3_c5.png
35.669070681582575,139.76561272042014,decentralized,0.5462843179702759,09LD2824_r3_c5.png
35.668892182511634,139.76570672404515,decentralized,0.4071236252784729,09LD2824_r3_c5.png
35.668922040143215,139.76578076052928,decentralized,0.18280284106731415,09LD2824_r3_c5.png
35.66883089391047,139.76568240183653,decentralized,0.16372643411159515,09LD2824_r3_c5.png
35.668710554842114,139.76274151821778,CT,0.9680595993995667,09LD2824_r4_c0.png
35.66869852161666,139.76276022097585,CT,0.9662392735481262,09LD2824_r4_c0.png
35.66852246466902,139.76309915369885,decentralized,0.9239935874938965,09LD2824_r4_c0.png
35.668455041411704,139.76265836092455,decentralized,0.9021047353744507,09LD2824_r4_c0.png
35.66842122357421,139.7629821304279,decentralized,0.9016517400741577,09LD2824_r4_c0.png
35.668559769939755,139.76265172951747,decentralized,0.8957269191741943,09LD2824_r4_c0.png
35.66848028983389,139.76304920263786,decentralized,0.894957423210144,09LD2824_r4_c0.png
35.66842017109771,139.7631793514807,decentralized,0.8937796950340271,09LD2824_r4_c0.png
35.66860859005984,139.76315792135955,decentralized,0.893133282661438,09LD2824_r4_c0.png
35.668453829824266,139.76304465304233,decentralized,0.8898437023162842,09LD2824_r4_c0.png
35.668402465938925,139.76310031607866,decentralized,0.889541745185852,09LD2824_r4_c0.png
35.668556028504646,139.76305237740794,decentralized,0.886773407459259,09LD2824_r4_c0.png
35.66868635519213,139.7629983778537,decentralized,0.886042594909668,09LD2824_r4_c0.png
35.668718226842735,139.76278764702923,decentralized,0.8815450072288513,09LD2824_r4_c0.png
35.668492369620594,139.76306529511567,decentralized,0.8682882785797119,09LD2824_r4_c0.png
35.668408598096164,139.76318086006907,decentralized,0.8681992292404175,09LD2824_r4_c0.png
35.66843245825837,139.762645679778,decentralized,0.8666951656341553,09LD2824_r4_c0.png
35.66846769773032,139.76303309200628,decentralized,0.8638668060302734,09LD2824_r4_c0.png
35.66846260209866,139.7629458102066,decentralized,0.8609825372695923,09LD2824_r4_c0.png
35.6684580475802,139.7630224984609,decentralized,0.8603804707527161,09LD2824_r4_c0.png
35.66854597616394,139.7630666426762,decentralized,0.844692051410675,09LD2824_r4_c0.png
35.66872856093539,139.76280582883484,decentralized,0.8436484336853027,09LD2824_r4_c0.png
35.66844611649179,139.76264953817983,decentralized,0.8360869288444519,09LD2824_r4_c0.png
35.668696532236346,139.76298587007182,decentralized,0.8350159525871277,09LD2824_r4_c0.png
35.6685037637541,139.76308050345358,decentralized,0.8004368543624878,09LD2824_r4_c0.png
35.66839812707042,139.76287252896603,decentralized,0.7945441007614136,09LD2824_r4_c0.png
35.668439128766686,139.76266000670188,decentralized,0.746300220489502,09LD2824_r4_c0.png
35.66849828505522,139.76307275350044,decentralized,0.7389046549797058,09LD2824_r4_c0.png
35.66840248230462,139.7631887992971,decentralized,0.6451770067214966,09LD2824_r4_c0.png
35.66856194948749,139.76311489588306,decentralized,0.588074266910553,09LD2824_r4_c0.png
35.668569067782144,139.76264152669222,decentralized,0.5750412940979004,09LD2824_r4_c0.png
35.66845448483652,139.7626403939292,decentralized,0.4381090998649597,09LD2824_r4_c0.png
35.66850381185829,139.76299157739084,decentralized,0.35724303126335144,09LD2824_r4_c0.png
35.66839802063709,139.76312244488346,decentralized,0.3420180380344391,09LD2824_r4_c0.png
35.668415741801994,139.76317132550582,decentralized,0.20965620875358582,09LD2824_r4_c0.png
35.66846752835233,139.76264054664196,decentralized,0.1779792159795761,09LD2824_r4_c0.png
35.66850321179223,139.76295493015317,decentralized,0.16829079389572144,09LD2824_r4_c0.png
35.66843707520222,139.76264018084652,decentralized,0.1220812052488327,09LD2824_r4_c0.png
35.668454666004294,139.76296218488676,decentralized,0.10999973863363266,09LD2824_r4_c0.png
35.668471504541884,139.76324249117195,decentralized,0.9161004424095154,09LD2824_r4_c1.png
35.66860816668546,139.76347149024394,decentralized,0.9141800999641418,09LD2824_r4_c1.png
35.6685727406816,139.76338899214653,decentralized,0.9062544107437134,09LD2824_r4_c1.png
35.668557144640104,139.76330787961808,decentralized,0.9038035273551941,09LD2824_r4_c1.png
35.668470222194586,139.76321925839028,decentralized,0.9012017250061035,09LD2824_r4_c1.png
35.668547036570835,139.76341984971407,decentralized,0.8930624723434448,09LD2824_r4_c1.png
35.66856037910652,139.76340472146566,decentralized,0.8906556963920593,09LD2824_r4_c1.png
35.668496221190445,139.76366975173312,decentralized,0.88753741979599,09LD2824_r4_c1.png
35.668666880935746,139.7632899177182,decentralized,0.8822266459465027,09LD2824_r4_c1.png
35.66864922006939,139.76348432726493,decentralized,0.8820669054985046,09LD2824_r4_c1.png
35.66872715920005,139.76363086941055,decentralized,0.878594160079956,09LD2824_r4_c1.png
35.66858893924511,139.76337135416532,decentralized,0.8775367140769958,09LD2824_r4_c1.png
35.668696162886185,139.76348635217624,decentralized,0.8704013824462891,09LD2824_r4_c1.png
35.66859901576617,139.7634605095749,decentralized,0.867449164390564,09LD2824_r4_c1.png
35.66867400210388,139.7632821031202,decentralized,0.8659732341766357,09LD2824_r4_c1.png
35.66841327840258,139.76319913957482,decentralized,0.7702271938323975,09LD2824_r4_c1.png
35.668536996231765,139.7637176843235,decentralized,0.7503939270973206,09LD2824_r4_c1.png
35.66841875443242,139.7631948110823,decentralized,0.7300923466682434,09LD2824_r4_c1.png
35.66871329351848,139.76330382016877,decentralized,0.5607554912567139,09LD2824_r4_c1.png
35.668552605657275,139.763737543914,decentralized,0.5533139705657959,09LD2824_r4_c1.png
35.66847935161644,139.76320728825772,decentralized,0.5120034217834473,09LD2824_r4_c1.png
35.66840573229584,139.7631938643801,decentralized,0.2684813439846039,09LD2824_r4_c1.png
35.66863959322187,139.76330487768595,decentralized,0.25866982340812683,09LD2824_r4_c1.png
35.668594840888275,139.7634866565509,decentralized,0.2212396115064621,09LD2824_r4_c1.png
35.66856668607101,139.7638346345054,decentralized,0.9287844896316528,09LD2824_r4_c2.png
35.668589829562514,139.76380751186016,decentralized,0.9088577628135681,09LD2824_r4_c2.png
35.668687109254606,139.76400020416904,decentralized,0.9078748822212219,09LD2824_r4_c2.png
35.66859552260147,139.76407646613308,decentralized,0.903384804725647,09LD2824_r4_c2.png
35.66842786100596,139.76428283866505,decentralized,0.9025701880455017,09LD2824_r4_c2.png
35.66857085300608,139.7639174132011,decentralized,0.9003025889396667,09LD2824_r4_c2.png
35.66857818230349,139.76382108779808,decentralized,0.899940013885498,09LD2824_r4_c2.png
35.668543416910936,139.76388050936265,decentralized,0.8996524810791016,09LD2824_r4_c2.png
35.668424883422304,139.7642270088088,decentralized,0.8933990597724915,09LD2824_r4_c2.png
35.66848773827015,139.76417473241634,decentralized,0.8929970264434814,09LD2824_r4_c2.png
35.66843604282124,139.76421776738582,decentralized,0.8834426999092102,09LD2824_r4_c2.png
35.668508589215904,139.76426492753,decentralized,0.8744491934776306,09LD2824_r4_c2.png
35.668431888121624,139.76385256099107,decentralized,0.8731818199157715,09LD2824_r4_c2.png
35.66849208640779,139.76414631831534,decentralized,0.8696064352989197,09LD2824_r4_c2.png
35.66859545060536,139.7639480588422,decentralized,0.8674957752227783,09LD2824_r4_c2.png
35.66847197453594,139.76416264152908,decentralized,0.8637574911117554,09LD2824_r4_c2.png
35.66855635308842,139.7638977832186,decentralized,0.8572642207145691,09LD2824_r4_c2.png
35.66842021434348,139.7642575993546,decentralized,0.8549558520317078,09LD2824_r4_c2.png
35.66845121799983,139.76419162729584,decentralized,0.8219819664955139,09LD2824_r4_c2.png
35.66846446301957,139.7641455853001,decentralized,0.8209755420684814,09LD2824_r4_c2.png
35.66851140523147,139.76397213114402,decentralized,0.8190485239028931,09LD2824_r4_c2.png
35.66847931793836,139.76414893320606,decentralized,0.8163906335830688,09LD2824_r4_c2.png
35.66847761468063,139.76412680664117,decentralized,0.8113283514976501,09LD2824_r4_c2.png
35.668457823906216,139.76413714074695,decentralized,0.805543065071106,09LD2824_r4_c2.png
35.66842014937137,139.76421647018304,decentralized,0.7673635482788086,09LD2824_r4_c2.png
35.668445284699196,139.76426349158496,decentralized,0.7306182980537415,09LD2824_r4_c2.png
35.66850118879228,139.76415736414972,decentralized,0.7236664295196533,09LD2824_r4_c2.png
35.668473011094505,139.76419130474554,decentralized,0.6951285600662231,09LD2824_r4_c2.png
35.66861264882446,139.76409830703736,decentralized,0.6790716648101807,09LD2824_r4_c2.png
35.668461157305074,139.7641495595944,decentralized,0.675408124923706,09LD2824_r4_c2.png
35.66843539342556,139.76423690433398,decentralized,0.5872728824615479,09LD2824_r4_c2.png
35.66862113591733,139.76404381264396,decentralized,0.5762549042701721,09LD2824_r4_c2.png
35.66840060950561,139.76416412274216,decentralized,0.4600113034248352,09LD2824_r4_c2.png
35.668466968123845,139.764114716505,decentralized,0.3351610004901886,09LD2824_r4_c2.png
35.66845345271097,139.76412992029347,decentralized,0.32097312808036804,09LD2824_r4_c2.png
35.6684572254581,139.7641698609495,decentralized,0.2958550751209259,09LD2824_r4_c2.png
35.66849136368564,139.7642187722195,decentralized,0.259129136800766,09LD2824_r4_c2.png
35.66849632367677,139.76415140145636,decentralized,0.21832536160945892,09LD2824_r4_c2.png
35.668450185546234,139.76411811925604,decentralized,0.19673126935958862,09LD2824_r4_c2.png
35.66843783079979,139.76417278581434,decentralized,0.17820388078689575,09LD2824_r4_c2.png
35.66844403151029,139.76411590926787,decentralized,0.17783933877944946,09LD2824_r4_c2.png
35.66844517557332,139.7641544232996,decentralized,0.1527765840291977,09LD2824_r4_c2.png
35.66855726904733,139.76374595078252,decentralized,0.14107799530029297,09LD2824_r4_c2.png
35.668432213435246,139.7642415312355,decentralized,0.12186826765537262,09LD2824_r4_c2.png
35.6687038514579,139.7646059648748,decentralized,0.917442798614502,09LD2824_r4_c3.png
35.66867610773302,139.76465470838184,decentralized,0.9086482524871826,09LD2824_r4_c3.png
35.6685591124522,139.76453244343136,decentralized,0.9030722975730896,09LD2824_r4_c3.png
35.66855426373042,139.7645083483586,decentralized,0.8792169690132141,09LD2824_r4_c3.png
35.668412251071764,139.76438560482282,decentralized,0.8733515739440918,09LD2824_r4_c3.png
35.66871397060816,139.76462614922292,decentralized,0.859296441078186,09LD2824_r4_c3.png
35.66860493507676,139.76452433669144,decentralized,0.8568298816680908,09LD2824_r4_c3.png
35.66840237622287,139.76430597787385,decentralized,0.8403391242027283,09LD2824_r4_c3.png
35.66858561598976,139.76453340321154,decentralized,0.8357819318771362,09LD2824_r4_c3.png
35.6686213491921,139.76458067211928,decentralized,0.7995864152908325,09LD2824_r4_c3.png
35.668595856902364,139.76454592602954,decentralized,0.7902354001998901,09LD2824_r4_c3.png
35.668652927819366,139.7646232027404,decentralized,0.779960572719574,09LD2824_r4_c3.png
35.668614439513,139.76457148806887,decentralized,0.7735411524772644,09LD2824_r4_c3.png
35.6686743161748,139.7646176296444,decentralized,0.7081804275512695,09LD2824_r4_c3.png
35.66861555041505,139.76457226249155,decentralized,0.6720053553581238,09LD2824_r4_c3.png
35.668644499644984,139.76457812529915,decentralized,0.5280237197875977,09LD2824_r4_c3.png
35.66868294714119,139.76462904552184,decentralized,0.46737203001976013,09LD2824_r4_c3.png
35.668547016622306,139.7645465199426,decentralized,0.4252755641937256,09LD2824_r4_c3.png
35.66865888772533,139.76459590571423,decentralized,0.3877657949924469,09LD2824_r4_c3.png
35.66839703979966,139.76436962901317,decentralized,0.12489666789770126,09LD2824_r4_c3.png
35.66863902508325,139.76460460402208,decentralized,0.10062027722597122,09LD2824_r4_c3.png
35.66854724351861,139.76518958775017,decentralized,0.913174569606781,09LD2824_r4_c4.png
35.66851739182553,139.76514161393345,decentralized,0.911130964756012,09LD2824_r4_c4.png
35.66862092091415,139.76536104977686,decentralized,0.9084277153015137,09LD2824_r4_c4.png
35.66855542648951,139.76517801427337,decentralized,0.8669480681419373,09LD2824_r4_c4.png
35.66848598886824,139.7652510899955,decentralized,0.857262909412384,09LD2824_r4_c4.png
35.66851815880547,139.7652286824184,decentralized,0.8513749241828918,09LD2824_r4_c4.png
35.66849335418876,139.76525787749796,decentralized,0.8483104705810547,09LD2824_r4_c4.png
35.66851201758088,139.76522141435584,decentralized,0.8305929899215698,09LD2824_r4_c4.png
35.66860650130757,139.76498239890478,decentralized,0.6814379096031189,09LD2824_r4_c4.png
35.66869241674542,139.76527475088986,decentralized,0.5861160755157471,09LD2824_r4_c4.png
35.668608463671276,139.76535048848118,decentralized,0.3398515284061432,09LD2824_r4_c4.png
35.66870568730529,139.7652321467738,decentralized,0.28811582922935486,09LD2824_r4_c4.png
35.66855792695058,139.76518145441904,decentralized,0.2841629385948181,09LD2824_r4_c4.png
35.6686645981219,139.7653979807987,CT,0.10161001235246658,09LD2824_r4_c4.png
35.668726546172586,139.7656355848864,decentralized,0.8990061283111572,09LD2824_r4_c5.png
35.66871614642617,139.7656203397393,decentralized,0.8460122346878052,09LD2824_r4_c5.png
35.668574724096814,139.7654368795146,decentralized,0.1411895900964737,09LD2824_r4_c5.png
35.66854809302132,139.7654036711783,decentralized,0.11790572851896286,09LD2824_r4_c5.png
35.66868386520307,139.76642295179718,decentralized,0.896673858165741,09LD2824_r4_c6.png
35.66864969203454,139.76645981580808,decentralized,0.8931888341903687,09LD2824_r4_c6.png
35.6686764541591,139.76643307186512,decentralized,0.8913362622261047,09LD2824_r4_c6.png
35.668692386051404,139.7664133676635,decentralized,0.8901256918907166,09LD2824_r4_c6.png
35.66866824389549,139.76644269912023,decentralized,0.8859469294548035,09LD2824_r4_c6.png
35.66866093886807,139.76645354972197,decentralized,0.8749101758003235,09LD2824_r4_c6.png
35.66862058339564,139.76647788509652,decentralized,0.8189144730567932,09LD2824_r4_c6.png
35.6686375852924,139.76649301797323,decentralized,0.778632640838623,09LD2824_r4_c6.png
35.6686485527099,139.76649798672136,decentralized,0.17770902812480927,09LD2824_r4_c6.png
35.66817004513553,139.76289535544996,decentralized,0.8935121893882751,09LD2824_r5_c0.png
35.668295514585864,139.7627792049756,decentralized,0.8810786604881287,09LD2824_r5_c0.png
35.668080716441075,139.76312680312776,decentralized,0.8807398080825806,09LD2824_r5_c0.png
35.66815663133947,139.76289149078335,decentralized,0.8806499242782593,09LD2824_r5_c0.png
35.66824999539051,139.76308043966534,decentralized,0.8788830041885376,09LD2824_r5_c0.png
35.66817713418648,139.76288647537564,decentralized,0.865018904209137,09LD2824_r5_c0.png
35.66834587652255,139.76309213903912,decentralized,0.8630117774009705,09LD2824_r5_c0.png
35.66836930561464,139.7630593944492,decentralized,0.8598906993865967,09LD2824_r5_c0.png
35.66826535845526,139.76310072856862,decentralized,0.8505747318267822,09LD2824_r5_c0.png
35.66832072302706,139.7628618343531,decentralized,0.8353133201599121,09LD2824_r5_c0.png
35.668359607709,139.7630782725067,decentralized,0.8290378451347351,09LD2824_r5_c0.png
35.668146509977824,139.76292168712237,decentralized,0.8082811236381531,09LD2824_r5_c0.png
35.668303255041174,139.76271771470314,decentralized,0.8043524026870728,09LD2824_r5_c0.png
35.668162864246796,139.7629027497018,decentralized,0.7994072437286377,09LD2824_r5_c0.png
35.66836907206178,139.76283983697186,decentralized,0.79054856300354,09LD2824_r5_c0.png
35.668281273712154,139.76312076703923,decentralized,0.7487926483154297,09LD2824_r5_c0.png
35.668324404787136,139.76276258796847,decentralized,0.7362489104270935,09LD2824_r5_c0.png
35.668296678920555,139.76314050453269,decentralized,0.6321137547492981,09LD2824_r5_c0.png
35.6682971324666,139.76290436095195,decentralized,0.6088417172431946,09LD2824_r5_c0.png
35.66832816062521,139.76318039065103,decentralized,0.5558323860168457,09LD2824_r5_c0.png
35.6682889490513,139.76277020075707,decentralized,0.5523875951766968,09LD2824_r5_c0.png
35.66831202905956,139.76316070973584,decentralized,0.45789045095443726,09LD2824_r5_c0.png
35.668191537216586,139.7629040964465,decentralized,0.43231886625289917,09LD2824_r5_c0.png
35.66831514749916,139.7627316180886,decentralized,0.40777167677879333,09LD2824_r5_c0.png
35.66821913623515,139.76304016501436,decentralized,0.40313467383384705,09LD2824_r5_c0.png
35.66806096970356,139.76308104495246,decentralized,0.38020676374435425,09LD2824_r5_c0.png
35.66832582162555,139.76271913327074,decentralized,0.36230528354644775,09LD2824_r5_c0.png
35.66807621321192,139.76312176826883,decentralized,0.35045352578163147,09LD2824_r5_c0.png
35.66807877992893,139.7631243586563,decentralized,0.21280090510845184,09LD2824_r5_c0.png
35.66830817075308,139.76278783480083,decentralized,0.1788444072008133,09LD2824_r5_c0.png
35.66833526546008,139.76301391210197,decentralized,0.1334015429019928,09LD2824_r5_c0.png
35.668311226212474,139.76279133813483,decentralized,0.1218612939119339,09LD2824_r5_c0.png
35.66828323404675,139.76275244061594,decentralized,0.11974301189184189,09LD2824_r5_c0.png
35.66837839957267,139.76360603416833,decentralized,0.9134077429771423,09LD2824_r5_c1.png
35.66827501036,139.76361418782295,decentralized,0.9117217659950256,09LD2824_r5_c1.png
35.66835755927687,139.7636365348618,decentralized,0.9095403552055359,09LD2824_r5_c1.png
35.66836656383621,139.76362720465985,decentralized,0.8971301913261414,09LD2824_r5_c1.png
35.66838419678481,139.76324617868576,decentralized,0.8769388198852539,09LD2824_r5_c1.png
35.66806540305012,139.76326258234607,decentralized,0.8768640756607056,09LD2824_r5_c1.png
35.66827858432803,139.76354547029524,decentralized,0.8699383735656738,09LD2824_r5_c1.png
35.66838665500213,139.76323082427814,decentralized,0.8635753989219666,09LD2824_r5_c1.png
35.66810485803077,139.76371996311835,decentralized,0.8161762356758118,09LD2824_r5_c1.png
35.66834130473824,139.76319897515432,decentralized,0.7370482087135315,09LD2824_r5_c1.png
35.66810972044456,139.76371245993562,decentralized,0.7331337928771973,09LD2824_r5_c1.png
35.66806113791574,139.76328020937007,decentralized,0.6824367642402649,09LD2824_r5_c1.png
35.66835972925339,139.76319497437635,decentralized,0.6753612160682678,09LD2824_r5_c1.png
35.66826291943542,139.7636041494294,decentralized,0.6546910405158997,09LD2824_r5_c1.png
35.66812288554829,139.76373017832069,decentralized,0.6089501976966858,09LD2824_r5_c1.png
35.66834802278865,139.76319385221447,decentralized,0.38164305686950684,09LD2824_r5_c1.png
35.66839413212576,139.76366170931664,decentralized,0.2615133225917816,09LD2824_r5_c1.png
35.6681316970811,139.76374023149518,decentralized,0.22140400111675262,09LD2824_r5_c1.png
35.66826168282587,139.76360609848282,decentralized,0.18953575193881989,09LD2824_r5_c1.png
35.66816115660633,139.76392649191948,decentralized,0.9228899478912354,09LD2824_r5_c2.png
35.66832621734926,139.76426538972748,decentralized,0.9006255865097046,09LD2824_r5_c2.png
35.66827361024643,139.7639380146601,decentralized,0.8991947770118713,09LD2824_r5_c2.png
35.668308306904606,139.7642401472268,decentralized,0.8987559676170349,09LD2824_r5_c2.png
35.6682047707403,139.76396109315814,decentralized,0.8949135541915894,09LD2824_r5_c2.png
35.668349127476645,139.76419499039,decentralized,0.8873939514160156,09LD2824_r5_c2.png
35.66817730399984,139.76402316530172,decentralized,0.8852811455726624,09LD2824_r5_c2.png
35.66814011966358,139.7640048739813,decentralized,0.8836809396743774,09LD2824_r5_c2.png
35.66819578758992,139.76404613087587,decentralized,0.8800610303878784,09LD2824_r5_c2.png
35.66831705883444,139.76414658098574,decentralized,0.8777416944503784,09LD2824_r5_c2.png
35.66833719046224,139.76425395489332,decentralized,0.8737791180610657,09LD2824_r5_c2.png
35.66818995472601,139.76394712386045,decentralized,0.8728903532028198,09LD2824_r5_c2.png
35.66831121216221,139.76421684063897,decentralized,0.8646051287651062,09LD2824_r5_c2.png
35.66824244354136,139.76407471460888,decentralized,0.8487279415130615,09LD2824_r5_c2.png
35.6683395892996,139.76420360927423,decentralized,0.8337260484695435,09LD2824_r5_c2.png
35.668278049564236,139.7639447130849,decentralized,0.8334687352180481,09LD2824_r5_c2.png
35.668346859131276,139.76423130523443,decentralized,0.831144392490387,09LD2824_r5_c2.png
35.66823970501578,139.76403662025518,decentralized,0.823881983757019,09LD2824_r5_c2.png
35.66826640266797,139.76392760823038,decentralized,0.7309508323669434,09LD2824_r5_c2.png
35.66839382073981,139.76379757714648,decentralized,0.7207499742507935,09LD2824_r5_c2.png
35.66817247510515,139.76407349418068,decentralized,0.7036807537078857,09LD2824_r5_c2.png
35.66813019893397,139.76375290513042,decentralized,0.6859557628631592,09LD2824_r5_c2.png
35.66837727751638,139.76425857707932,decentralized,0.6382080316543579,09LD2824_r5_c2.png
35.66819805415254,139.76398036944815,decentralized,0.6204242706298828,09LD2824_r5_c2.png
35.66828576192821,139.76392905524676,decentralized,0.573893666267395,09LD2824_r5_c2.png
35.66824819292521,139.76405607398817,decentralized,0.5240544676780701,09LD2824_r5_c2.png
35.66813829608412,139.76375000077846,decentralized,0.4554053246974945,09LD2824_r5_c2.png
35.668238960185484,139.76407032171534,decentralized,0.2623319923877716,09LD2824_r5_c2.png
35.66823997899991,139.76404796202291,decentralized,0.24488170444965363,09LD2824_r5_c2.png
35.668105659700295,139.76391224425583,decentralized,0.14121150970458984,09LD2824_r5_c2.png
35.668330486097545,139.76413202901077,decentralized,0.11309749633073807,09LD2824_r5_c2.png
35.668194555116344,139.76453721328562,decentralized,0.9366265535354614,09LD2824_r5_c3.png
35.668237386027094,139.76458754680826,decentralized,0.9290646910667419,09LD2824_r5_c3.png
35.66827317815503,139.76446578975762,decentralized,0.9169948101043701,09LD2824_r5_c3.png
35.66809076571767,139.76434809965903,decentralized,0.9165005087852478,09LD2824_r5_c3.png
35.66830303189249,139.76448335111132,decentralized,0.9062137603759766,09LD2824_r5_c3.png
35.6680741546162,139.76434175637618,decentralized,0.9000447392463684,09LD2824_r5_c3.png
35.66812959609049,139.76438399167705,decentralized,0.8987069725990295,09LD2824_r5_c3.png
35.66824299870011,139.764484622374,decentralized,0.8907860517501831,09LD2824_r5_c3.png
35.66817734646494,139.76448753790828,decentralized,0.889090895652771,09LD2824_r5_c3.png
35.66823104737094,139.76448351435317,decentralized,0.8865243196487427,09LD2824_r5_c3.png
35.6680884707027,139.76461570147814,decentralized,0.884464681148529,09LD2824_r5_c3.png
35.66815363332048,139.76438688316142,decentralized,0.8709326982498169,09LD2824_r5_c3.png
35.66806911037665,139.76431634921107,decentralized,0.8674389123916626,09LD2824_r5_c3.png
35.66829253962493,139.76443498502127,decentralized,0.8599910140037537,09LD2824_r5_c3.png
35.66814009649764,139.76436845542858,decentralized,0.8551868200302124,09LD2824_r5_c3.png
35.66812010021813,139.76437576259005,decentralized,0.8548358678817749,09LD2824_r5_c3.png
35.66809021847278,139.76454282828828,CT,0.8158084750175476,09LD2824_r5_c3.png
35.668064358642575,139.76463394838547,decentralized,0.8071311116218567,09LD2824_r5_c3.png
35.66838566916011,139.7643572999514,decentralized,0.8015396595001221,09LD2824_r5_c3.png
35.668108152459084,139.7643984515528,decentralized,0.7997797727584839,09LD2824_r5_c3.png
35.66813848860431,139.7643942812262,decentralized,0.778428316116333,09LD2824_r5_c3.png
35.66822745253697,139.76455042189716,decentralized,0.6639498472213745,09LD2824_r5_c3.png
35.66814236847157,139.7644002581796,decentralized,0.6071913242340088,09LD2824_r5_c3.png
35.66824125437026,139.76456634728987,decentralized,0.5414409637451172,09LD2824_r5_c3.png
35.66824472714289,139.7643556510422,decentralized,0.5369428396224976,09LD2824_r5_c3.png
35.668133779052575,139.76435992359313,decentralized,0.5177691578865051,09LD2824_r5_c3.png
35.668087211653564,139.76432556780605,decentralized,0.4559296667575836,09LD2824_r5_c3.png
35.66839426283149,139.76436265711317,decentralized,0.42200595140457153,09LD2824_r5_c3.png
35.668061713864375,139.76435617574717,decentralized,0.3849632441997528,09LD2824_r5_c3.png
35.668146855319264,139.76453595630798,decentralized,0.3568669259548187,09LD2824_r5_c3.png
35.668061688886496,139.7643314956385,decentralized,0.3465743660926819,09LD2824_r5_c3.png
35.66839456543875,139.76436081717657,decentralized,0.311885803937912,09LD2824_r5_c3.png
35.6681494720524,139.76438249846046,decentralized,0.2570553719997406,09LD2824_r5_c3.png
35.668145788415956,139.76437607431595,decentralized,0.23724381625652313,09LD2824_r5_c3.png
35.668079300160805,139.76460551064844,decentralized,0.2143072932958603,09LD2824_r5_c3.png
35.668062981399025,139.7643012707021,decentralized,0.19195181131362915,09LD2824_r5_c3.png
35.668148722789226,139.76446843422104,decentralized,0.1896035224199295,09LD2824_r5_c3.png
35.668125253810075,139.76437050876098,decentralized,0.18944285809993744,09LD2824_r5_c3.png
35.66824171366582,139.7649696355022,decentralized,0.7017174959182739,09LD2824_r5_c4.png
35.668241736248916,139.76496999755796,decentralized,0.5128855109214783,09LD2824_r5_c4.png
35.66839516039454,139.76514821030196,decentralized,0.1353960931301117,09LD2824_r5_c4.png
35.668232012226916,139.76644175068424,decentralized,0.9077413082122803,09LD2824_r5_c6.png
35.667889991225636,139.7628569710024,decentralized,0.9235062599182129,09LD2824_r6_c0.png
35.66781337035515,139.76296578849076,decentralized,0.9220659136772156,09LD2824_r6_c0.png
35.66788708261721,139.7629247155633,decentralized,0.9088067412376404,09LD2824_r6_c0.png
35.667737205458856,139.76269867372616,decentralized,0.908129096031189,09LD2824_r6_c0.png
35.66782881861888,139.76293479710287,decentralized,0.9070407152175903,09LD2824_r6_c0.png
35.66772786279138,139.76292616248583,decentralized,0.897794246673584,09LD2824_r6_c0.png
35.66782404694676,139.76295041880826,decentralized,0.893192708492279,09LD2824_r6_c0.png
35.66782527468204,139.76304575463544,decentralized,0.8870925307273865,09LD2824_r6_c0.png
35.66802793270254,139.76308228808068,decentralized,0.8806765675544739,09LD2824_r6_c0.png
35.667887709200116,139.76295315649924,decentralized,0.8727176189422607,09LD2824_r6_c0.png
35.667906781904925,139.76289379889712,decentralized,0.8683657050132751,09LD2824_r6_c0.png
35.66800161207081,139.76317949850304,decentralized,0.8649480938911438,09LD2824_r6_c0.png
35.66781450191246,139.76293147897766,decentralized,0.8621218204498291,09LD2824_r6_c0.png
35.667879411464156,139.76283042782893,decentralized,0.8598901033401489,09LD2824_r6_c0.png
35.66798695325085,139.7631849508292,decentralized,0.8487567901611328,09LD2824_r6_c0.png
35.66782489936945,139.7630100471273,decentralized,0.834028422832489,09LD2824_r6_c0.png
35.66781543899161,139.76302258016526,decentralized,0.8029945492744446,09LD2824_r6_c0.png
35.66777185692963,139.76274074744063,decentralized,0.7687501907348633,09LD2824_r6_c0.png
35.668042658176994,139.76317740354597,decentralized,0.6949371099472046,09LD2824_r6_c0.png
35.667966477090744,139.76266531443386,decentralized,0.5172779560089111,09LD2824_r6_c0.png
35.66805541797004,139.76315896233297,CT,0.45608535408973694,09LD2824_r6_c0.png
35.66789772680599,139.7628821762752,decentralized,0.43770840764045715,09LD2824_r6_c0.png
35.6680444866388,139.7630977859291,decentralized,0.3108294606208801,09LD2824_r6_c0.png
35.667967661466236,139.76318558502842,decentralized,0.29810160398483276,09LD2824_r6_c0.png
35.66792110903387,139.76308502172958,decentralized,0.2931472957134247,09LD2824_r6_c0.png
35.668049557690416,139.76309337494314,decentralized,0.2910279631614685,09LD2824_r6_c0.png
35.66805504594675,139.76315117916013,CT,0.2721790373325348,09LD2824_r6_c0.png
35.66774339964474,139.7629784743366,decentralized,0.22005106508731842,09LD2824_r6_c0.png
35.66789649760363,139.76290850163687,decentralized,0.16554982960224152,09LD2824_r6_c0.png
35.66787647684653,139.7628744243921,decentralized,0.140840083360672,09LD2824_r6_c0.png
35.66772152400601,139.76266617405128,decentralized,0.12410129606723785,09LD2824_r6_c0.png
35.66798793850311,139.7634918907214,decentralized,0.9247854948043823,09LD2824_r6_c1.png
35.668043500305636,139.76323270305673,decentralized,0.8969188928604126,09LD2824_r6_c1.png
35.667970172358444,139.76323951856932,decentralized,0.890098512172699,09LD2824_r6_c1.png
35.6680105837263,139.76329299650996,decentralized,0.8799481391906738,09LD2824_r6_c1.png
35.66802113336429,139.7632808029542,decentralized,0.874208390712738,09LD2824_r6_c1.png
35.66797967345708,139.76322667975825,decentralized,0.8653878569602966,09LD2824_r6_c1.png
35.667991754238436,139.76321676048536,decentralized,0.8632440567016602,09LD2824_r6_c1.png
35.66795816462316,139.7635017359276,decentralized,0.862794816493988,09LD2824_r6_c1.png
35.66800029453186,139.7632032036246,decentralized,0.8564233183860779,09LD2824_r6_c1.png
35.66803951736842,139.76325470866934,decentralized,0.8496956825256348,09LD2824_r6_c1.png
35.66803391761107,139.76327219058854,decentralized,0.8486156463623047,09LD2824_r6_c1.png
35.66779968627704,139.76349618743217,decentralized,0.842765748500824,09LD2824_r6_c1.png
35.668002686850585,139.76348227703474,decentralized,0.8413804173469543,09LD2824_r6_c1.png
35.667791088401806,139.76351387949225,decentralized,0.8356862664222717,09LD2824_r6_c1.png
35.66802185107576,139.76353315912473,decentralized,0.8143430352210999,09LD2824_r6_c1.png
35.66801369724161,139.76319577185808,decentralized,0.781961977481842,09LD2824_r6_c1.png
35.66799688869399,139.7634744832382,decentralized,0.7089287638664246,09LD2824_r6_c1.png
35.66804813993443,139.7633170849752,decentralized,0.5688843727111816,09LD2824_r6_c1.png
35.6677225523547,139.76353857204086,decentralized,0.3914056122303009,09LD2824_r6_c1.png
35.6679572369952,139.76319794496396,decentralized,0.3650970160961151,09LD2824_r6_c1.png
35.668002969847905,139.76348318000097,decentralized,0.2648482918739319,09LD2824_r6_c1.png
35.66803144070079,139.76361163929883,decentralized,0.24116189777851105,09LD2824_r6_c1.png
35.66805468771348,139.76327959647742,decentralized,0.1361805498600006,09LD2824_r6_c1.png
35.66790021364915,139.76347639948926,decentralized,0.13451114296913147,09LD2824_r6_c1.png
35.66803815135376,139.76332896688467,decentralized,0.11666916310787201,09LD2824_r6_c1.png
35.66805134811699,139.7632951661131,decentralized,0.1100853979587555,09LD2824_r6_c1.png
35.66802948124723,139.76382985873772,decentralized,0.8273758292198181,09LD2824_r6_c2.png
35.668014712299424,139.76375512430178,decentralized,0.8138410449028015,09LD2824_r6_c2.png
35.66801924193058,139.76425899769467,decentralized,0.5926445722579956,09LD2824_r6_c2.png
35.66781886157217,139.76446648616908,decentralized,0.9454538226127625,09LD2824_r6_c3.png
35.66784445873441,139.7645666514651,decentralized,0.9368611574172974,09LD2824_r6_c3.png
35.66789567217791,139.76440602977672,decentralized,0.9225842952728271,09LD2824_r6_c3.png
35.667785382010514,139.76450006540705,decentralized,0.9211156964302063,09LD2824_r6_c3.png
35.66802921792847,139.76451793663304,CT,0.9201295971870422,09LD2824_r6_c3.png
35.667863338787114,139.76452722195748,decentralized,0.9165976047515869,09LD2824_r6_c3.png
35.66789613722012,139.76437452968017,decentralized,0.9032183885574341,09LD2824_r6_c3.png
35.6679875453876,139.76444026641641,decentralized,0.9017573595046997,09LD2824_r6_c3.png
35.66790958881453,139.76438883373422,decentralized,0.9012798070907593,09LD2824_r6_c3.png
35.668025818818556,139.76473195739848,decentralized,0.9004494547843933,09LD2824_r6_c3.png
35.66791409272308,139.76435184525909,decentralized,0.8990318179130554,09LD2824_r6_c3.png
35.66800682709358,139.7647822882699,decentralized,0.8962027430534363,09LD2824_r6_c3.png
35.66795781583804,139.7644496493449,decentralized,0.8883663415908813,09LD2824_r6_c3.png
35.668018379336225,139.76432678424973,decentralized,0.8883327841758728,09LD2824_r6_c3.png
35.667967568297584,139.76463646041867,decentralized,0.883156955242157,09LD2824_r6_c3.png
35.667927677426604,139.76461798414377,decentralized,0.8831204771995544,09LD2824_r6_c3.png
35.667980278363146,139.76437209440047,decentralized,0.8827853798866272,09LD2824_r6_c3.png
35.66803242044129,139.7643932851013,decentralized,0.8791521787643433,09LD2824_r6_c3.png
35.66786727595104,139.76459529388669,decentralized,0.8750620484352112,09LD2824_r6_c3.png
35.66795620870703,139.76464641580048,decentralized,0.8746179938316345,09LD2824_r6_c3.png
35.667953234251506,139.76458863892617,decentralized,0.8724314570426941,09LD2824_r6_c3.png
35.66783464944898,139.76450295780816,decentralized,0.8717605471611023,09LD2824_r6_c3.png
35.66795646201245,139.76465456691045,decentralized,0.8646892309188843,09LD2824_r6_c3.png
35.66783260015555,139.76449173172682,decentralized,0.8546218872070312,09LD2824_r6_c3.png
35.66779819960453,139.76449059442575,decentralized,0.8532261252403259,09LD2824_r6_c3.png
35.667947212609555,139.76463311796553,decentralized,0.8524166345596313,09LD2824_r6_c3.png
35.668048519881175,139.76437093318128,decentralized,0.8499140739440918,09LD2824_r6_c3.png
35.66800828335396,139.76434007763592,decentralized,0.8477439880371094,09LD2824_r6_c3.png
35.66803901739824,139.76435317009802,decentralized,0.8411865830421448,09LD2824_r6_c3.png
35.66801895263331,139.76437446223494,decentralized,0.8385568857192993,09LD2824_r6_c3.png
35.66804586409871,139.76434484845376,decentralized,0.8370181918144226,09LD2824_r6_c3.png
35.66794158093157,139.76462705902648,decentralized,0.8366371989250183,09LD2824_r6_c3.png
35.66793645083724,139.76435710719755,decentralized,0.8043869733810425,09LD2824_r6_c3.png
35.667974636531355,139.76454263864008,decentralized,0.7911804914474487,09LD2824_r6_c3.png
35.66796806496579,139.76446361722407,decentralized,0.7904532551765442,09LD2824_r6_c3.png
35.66795570524191,139.76447930809812,decentralized,0.7725809812545776,09LD2824_r6_c3.png
35.66804635732519,139.7646096713025,decentralized,0.7592729926109314,09LD2824_r6_c3.png
35.66795019563705,139.76448550715085,decentralized,0.732329785823822,09LD2824_r6_c3.png
35.66797534360111,139.76443000260554,decentralized,0.611673891544342,09LD2824_r6_c3.png
35.66803032710379,139.76436423112173,decentralized,0.4632745087146759,09LD2824_r6_c3.png
35.66784753809198,139.76454565950021,decentralized,0.4515887498855591,09LD2824_r6_c3.png
35.66804080997892,139.7645770053521,decentralized,0.4435020983219147,09LD2824_r6_c3.png
35.667806697836724,139.76448783600168,decentralized,0.4233616590499878,09LD2824_r6_c3.png
35.668056496476325,139.76454549517527,decentralized,0.35341447591781616,09LD2824_r6_c3.png
35.66780116830576,139.7644878228158,decentralized,0.2861486077308655,09LD2824_r6_c3.png
35.668055375773264,139.76433022302882,decentralized,0.24825158715248108,09LD2824_r6_c3.png
35.6679830463154,139.7644192059778,decentralized,0.1988198310136795,09LD2824_r6_c3.png
35.6678257092316,139.76437178424032,decentralized,0.19684787094593048,09LD2824_r6_c3.png
35.66791768641844,139.76460168500324,decentralized,0.162250354886055,09LD2824_r6_c3.png
35.66792580474011,139.7646618145489,decentralized,0.16122253239154816,09LD2824_r6_c3.png
35.66794552001025,139.76583534655526,decentralized,0.9339436292648315,09LD2824_r6_c5.png
35.667958269265924,139.7658232313833,decentralized,0.9213050007820129,09LD2824_r6_c5.png
35.667976048497756,139.76571023644803,decentralized,0.9184228777885437,09LD2824_r6_c5.png
35.66779707656545,139.76592939831934,decentralized,0.9080800414085388,09LD2824_r6_c5.png
35.667891670447965,139.76593554790864,decentralized,0.9035614132881165,09LD2824_r6_c5.png
35.66778942114956,139.76592205562773,decentralized,0.8932479619979858,09LD2824_r6_c5.png
35.66781356178104,139.76548336809364,decentralized,0.8896368145942688,09LD2824_r6_c5.png
35.66796517366614,139.76569884115605,decentralized,0.8881558179855347,09LD2824_r6_c5.png
35.66796888149407,139.76586432980355,decentralized,0.8822736144065857,09LD2824_r6_c5.png
35.66777009185174,139.7654826409367,decentralized,0.8753970861434937,09LD2824_r6_c5.png
35.66787691040192,139.7657506444607,decentralized,0.8646791577339172,09LD2824_r6_c5.png
35.66781137475327,139.76551252424034,decentralized,0.8630112409591675,09LD2824_r6_c5.png
35.66791691773385,139.7657714395589,decentralized,0.862824022769928,09LD2824_r6_c5.png
35.667919182205495,139.7658018804469,decentralized,0.8454396724700928,09LD2824_r6_c5.png
35.66802442632979,139.76573850794176,decentralized,0.8450095057487488,09LD2824_r6_c5.png
35.66803657232173,139.76574881686412,decentralized,0.8425356149673462,09LD2824_r6_c5.png
35.6679818677978,139.76585297053737,decentralized,0.8395408987998962,09LD2824_r6_c5.png
35.66775325373532,139.76594910577802,decentralized,0.8109100461006165,09LD2824_r6_c5.png
35.66774573647941,139.7654908097667,decentralized,0.7415778636932373,09LD2824_r6_c5.png
35.66775094879957,139.76550504749812,decentralized,0.5987017154693604,09LD2824_r6_c5.png
35.66786848201524,139.76593722040994,decentralized,0.4663120210170746,09LD2824_r6_c5.png
35.66778190836618,139.76547529509327,decentralized,0.4098232388496399,09LD2824_r6_c5.png
35.66780713369508,139.7655076452014,decentralized,0.32369464635849,09LD2824_r6_c5.png
35.667832541790915,139.7654361745792,decentralized,0.20188215374946594,09LD2824_r6_c5.png
35.667745720883744,139.76579915772948,decentralized,0.1826619952917099,09LD2824_r6_c5.png
35.66772462151399,139.76582643865038,decentralized,0.1391429603099823,09LD2824_r6_c5.png
35.667723835539306,139.76582374711097,decentralized,0.13411730527877808,09LD2824_r6_c5.png
35.66776608035537,139.76595108655138,decentralized,0.12042440474033356,09LD2824_r6_c5.png
35.66774043137658,139.7659624098906,decentralized,0.8176851272583008,09LD2824_r6_c6.png
35.6677246285816,139.76608133180054,decentralized,0.7892733812332153,09LD2824_r6_c6.png
35.66780538224231,139.766113078925,decentralized,0.787493109703064,09LD2824_r6_c6.png
35.66788343313221,139.76595975857737,decentralized,0.7470636367797852,09LD2824_r6_c6.png
35.66776465126758,139.765960515519,decentralized,0.6417797207832336,09LD2824_r6_c6.png
35.66775945567846,139.76596689020667,decentralized,0.5095267295837402,09LD2824_r6_c6.png
35.6678694406661,139.76601682461563,decentralized,0.4885212779045105,09LD2824_r6_c6.png
35.66778014732307,139.7661404722317,decentralized,0.3442612290382385,09LD2824_r6_c6.png
35.667851120973275,139.76603797692147,decentralized,0.2930183410644531,09LD2824_r6_c6.png
35.6677458867532,139.7659583049579,decentralized,0.2831753194332123,09LD2824_r6_c6.png
35.667778397992194,139.76600985748036,decentralized,0.23409998416900635,09LD2824_r6_c6.png
35.66778104014895,139.76600653112106,decentralized,0.2116316258907318,09LD2824_r6_c6.png
35.66796327690177,139.76595533900684,decentralized,0.20692309737205505,09LD2824_r6_c6.png
35.66776822244763,139.76597367092256,decentralized,0.14243020117282867,09LD2824_r6_c6.png
35.667523767591874,139.76304589706524,decentralized,0.9465385675430298,09LD2824_r7_c0.png
35.66763705950318,139.76307462782458,decentralized,0.9195472002029419,09LD2824_r7_c0.png
35.667525681566595,139.76312292022752,decentralized,0.9014351963996887,09LD2824_r7_c0.png
35.667655090398405,139.76280139120263,decentralized,0.8922778964042664,09LD2824_r7_c0.png
35.667650082968336,139.76276889424923,decentralized,0.8880792260169983,09LD2824_r7_c0.png
35.667649177964385,139.76282187711874,decentralized,0.8845568299293518,09LD2824_r7_c0.png
35.667416228825715,139.76299379191948,decentralized,0.865467369556427,09LD2824_r7_c0.png
35.667713586298696,139.76267507858847,decentralized,0.8648765683174133,09LD2824_r7_c0.png
35.66756137081687,139.7631034946862,decentralized,0.8379283547401428,09LD2824_r7_c0.png
35.66758936744624,139.76303333633035,decentralized,0.8350045084953308,09LD2824_r7_c0.png
35.66755737249978,139.76267991111,decentralized,0.8329571485519409,09LD2824_r7_c0.png
35.66757191330859,139.76311330343106,decentralized,0.8270573019981384,09LD2824_r7_c0.png
35.66754113887063,139.7630691623382,decentralized,0.7734242081642151,09LD2824_r7_c0.png
35.667558348516884,139.76264391657864,decentralized,0.7685253620147705,09LD2824_r7_c0.png
35.66760963894112,139.76316253880006,decentralized,0.7673497200012207,09LD2824_r7_c0.png
35.66743357017091,139.763072804262,decentralized,0.7545427680015564,09LD2824_r7_c0.png
35.66762708714817,139.76276544032368,decentralized,0.7498059272766113,09LD2824_r7_c0.png
35.66748408805013,139.7628909102053,decentralized,0.7211183309555054,09LD2824_r7_c0.png
35.667572456901205,139.76310271138107,decentralized,0.6864187121391296,09LD2824_r7_c0.png
35.66754226232833,139.7630662872296,decentralized,0.6843855381011963,09LD2824_r7_c0.png
35.66761704453555,139.76278025594442,decentralized,0.6328673362731934,09LD2824_r7_c0.png
35.667568339283385,139.76309740930708,decentralized,0.6109647750854492,09LD2824_r7_c0.png
35.66764921396912,139.76308982006543,decentralized,0.5810293555259705,09LD2824_r7_c0.png
35.667540560024875,139.76306786533996,decentralized,0.5802050232887268,09LD2824_r7_c0.png
35.66753909556685,139.7630592374755,decentralized,0.48955103754997253,09LD2824_r7_c0.png
35.66762777315346,139.76318923048393,decentralized,0.2978072166442871,09LD2824_r7_c0.png
35.667517055630995,139.76283454025992,decentralized,0.28724756836891174,09LD2824_r7_c0.png
35.66771522192693,139.76294146891945,decentralized,0.2858121693134308,09LD2824_r7_c0.png
35.66765453609326,139.7632499474658,decentralized,0.9328615069389343,09LD2824_r7_c1.png
35.66763271405061,139.76367518029065,decentralized,0.9214193224906921,09LD2824_r7_c1.png
35.66750439833748,139.7636983148782,decentralized,0.9126394987106323,09LD2824_r7_c1.png
35.66763618125662,139.76365546023507,decentralized,0.8865082263946533,09LD2824_r7_c1.png
35.667643791645986,139.76364654986642,decentralized,0.8746743202209473,09LD2824_r7_c1.png
35.66769133106831,139.76373304431652,decentralized,0.8675651550292969,09LD2824_r7_c1.png
35.66761795901665,139.76321161652396,decentralized,0.8428215384483337,09LD2824_r7_c1.png
35.66766423962659,139.76373943428493,decentralized,0.8322149515151978,09LD2824_r7_c1.png
35.66752352408145,139.76367619308317,decentralized,0.8244151473045349,09LD2824_r7_c1.png
35.66749616067558,139.76370975410364,decentralized,0.7947283387184143,09LD2824_r7_c1.png
35.66765794499433,139.76362045372738,decentralized,0.7941707372665405,09LD2824_r7_c1.png
35.66758502246908,139.76319824494823,decentralized,0.7784301042556763,09LD2824_r7_c1.png
35.667679880280474,139.76374173691542,decentralized,0.7443505525588989,09LD2824_r7_c1.png
35.66749376796842,139.76371265410236,decentralized,0.7028014063835144,09LD2824_r7_c1.png
35.66766584229216,139.76362968552212,decentralized,0.6689227223396301,09LD2824_r7_c1.png
35.66764466367176,139.76360545119044,decentralized,0.6150530576705933,09LD2824_r7_c1.png
35.667608798546425,139.76330266674813,decentralized,0.5724799036979675,09LD2824_r7_c1.png
35.66759133036093,139.76319424646582,decentralized,0.5659233927726746,09LD2824_r7_c1.png
35.6674720884753,139.76373892980092,decentralized,0.5340314507484436,09LD2824_r7_c1.png
35.66763496484622,139.76325278615857,decentralized,0.5098182559013367,09LD2824_r7_c1.png
35.667504919189284,139.7636986828349,decentralized,0.46933501958847046,09LD2824_r7_c1.png
35.667647970841074,139.76328272013617,decentralized,0.384757936000824,09LD2824_r7_c1.png
35.66765617095511,139.7636675158756,decentralized,0.37551066279411316,09LD2824_r7_c1.png
35.66748164172398,139.7637280356317,decentralized,0.3453493118286133,09LD2824_r7_c1.png
35.667701256732066,139.7637418986747,decentralized,0.336149126291275,09LD2824_r7_c1.png
35.667476161480906,139.7637348657792,decentralized,0.30952873826026917,09LD2824_r7_c1.png
35.667601487579404,139.76330550322666,decentralized,0.27030861377716064,09LD2824_r7_c1.png
35.66765339875847,139.7637430361012,decentralized,0.10982193797826767,09LD2824_r7_c1.png
35.66754062119661,139.763827924574,decentralized,0.9109407067298889,09LD2824_r7_c2.png
35.66744317426356,139.76387666731657,decentralized,0.8654016256332397,09LD2824_r7_c2.png
35.667432949882986,139.76388725449755,decentralized,0.8135164976119995,09LD2824_r7_c2.png
35.667425673729795,139.76390175978094,decentralized,0.7908515930175781,09LD2824_r7_c2.png
35.667671212087384,139.7637498672408,decentralized,0.7319954037666321,09LD2824_r7_c2.png
35.66768274479448,139.76374672693245,decentralized,0.7232152223587036,09LD2824_r7_c2.png
35.66765803656643,139.7637543466148,decentralized,0.18698686361312866,09LD2824_r7_c2.png
35.667392649391715,139.7648182581796,decentralized,0.5976476669311523,09LD2824_r7_c3.png
35.667594244272536,139.76518277642947,CT,0.9400200247764587,09LD2824_r7_c4.png
35.667589490529494,139.765078030527,decentralized,0.9291459321975708,09LD2824_r7_c4.png
35.66765017131439,139.76527150204373,decentralized,0.9287115931510925,09LD2824_r7_c4.png
35.6675791538848,139.76508981419954,decentralized,0.9279075264930725,09LD2824_r7_c4.png
35.66742097140347,139.76499099615108,decentralized,0.9252544045448303,09LD2824_r7_c4.png
35.667578059633016,139.7650648811095,decentralized,0.9190757274627686,09LD2824_r7_c4.png
35.66758959950504,139.765103859577,decentralized,0.9188022017478943,09LD2824_r7_c4.png
35.6675174412845,139.7652781591993,decentralized,0.9155678153038025,09LD2824_r7_c4.png
35.66754244036297,139.76504408544494,decentralized,0.9148446917533875,09LD2824_r7_c4.png
35.66748791951165,139.76523101779895,decentralized,0.9125850796699524,09LD2824_r7_c4.png
35.66765467521337,139.7652232679676,decentralized,0.9104668498039246,09LD2824_r7_c4.png
35.66760468369701,139.76519605163577,CT,0.9060060977935791,09LD2824_r7_c4.png
35.667508851156995,139.7652362233463,decentralized,0.9043663144111633,09LD2824_r7_c4.png
35.667600684046604,139.76509144716198,decentralized,0.9018915891647339,09LD2824_r7_c4.png
35.66761933837629,139.76532133284215,decentralized,0.9013745784759521,09LD2824_r7_c4.png
35.66755540923904,139.7650522480525,decentralized,0.8989201784133911,09LD2824_r7_c4.png
35.667545529113546,139.76500856887932,decentralized,0.8982304334640503,09LD2824_r7_c4.png
35.6675416983986,139.7650671328873,decentralized,0.8876268267631531,09LD2824_r7_c4.png
35.667532758103825,139.76505708310447,decentralized,0.8870170712471008,09LD2824_r7_c4.png
35.66756877985646,139.76516527285924,decentralized,0.886113166809082,09LD2824_r7_c4.png
35.66750842177959,139.76530857699848,decentralized,0.8842194080352783,09LD2824_r7_c4.png
35.66749709118929,139.76531941201623,decentralized,0.8762054443359375,09LD2824_r7_c4.png
35.66766794214142,139.76526154606512,decentralized,0.8743485808372498,09LD2824_r7_c4.png
35.66739597990471,139.76499089958676,decentralized,0.8650410771369934,09LD2824_r7_c4.png
35.667667952874154,139.76523968505447,decentralized,0.8399394750595093,09LD2824_r7_c4.png
35.66756424846111,139.76508159388652,decentralized,0.8377255201339722,09LD2824_r7_c4.png
35.667661610432276,139.76523128359273,decentralized,0.8307105302810669,09LD2824_r7_c4.png
35.66765504781585,139.7652451256153,decentralized,0.8273206949234009,09LD2824_r7_c4.png
35.66759112610658,139.76531929935524,decentralized,0.8209962248802185,09LD2824_r7_c4.png
35.66767694578183,139.76527195869852,decentralized,0.7888049483299255,09LD2824_r7_c4.png
35.66768124391702,139.76527644682525,decentralized,0.6763392090797424,09LD2824_r7_c4.png
35.667555723225895,139.76518179863055,decentralized,0.6594074368476868,09LD2824_r7_c4.png
35.66755382570656,139.76518394772967,decentralized,0.4903189539909363,09LD2824_r7_c4.png
35.667422594443835,139.76519588818226,decentralized,0.2368726283311844,09LD2824_r7_c4.png
35.66766749563519,139.76529176376363,decentralized,0.13193239271640778,09LD2824_r7_c4.png
35.66762759815651,139.76531291346384,decentralized,0.12840105593204498,09LD2824_r7_c4.png
35.66768528387831,139.76575748818027,decentralized,0.9137367606163025,09LD2824_r7_c5.png
35.667656661979386,139.76572200008638,decentralized,0.9072379469871521,09LD2824_r7_c5.png
35.667478002682216,139.76553112380213,decentralized,0.9064714312553406,09LD2824_r7_c5.png
35.667680023359374,139.7659459222503,decentralized,0.9059649705886841,09LD2824_r7_c5.png
35.667460916657184,139.76555173675644,decentralized,0.870758056640625,09LD2824_r7_c5.png
35.66763547237564,139.76569556426213,decentralized,0.8648998141288757,09LD2824_r7_c5.png
35.667473705162465,139.76549769332007,decentralized,0.8633940815925598,09LD2824_r7_c5.png
35.66751798757083,139.76583090623396,decentralized,0.8584150671958923,09LD2824_r7_c5.png
35.66767932354752,139.76571568018974,decentralized,0.8475509881973267,09LD2824_r7_c5.png
35.66752689161292,139.76581835617614,decentralized,0.8446097373962402,09LD2824_r7_c5.png
35.66751377854345,139.76548789044395,decentralized,0.8436176776885986,09LD2824_r7_c5.png
35.667563277647844,139.76592110421143,decentralized,0.833357572555542,09LD2824_r7_c5.png
35.66749865142886,139.7654691167657,decentralized,0.8286315202713013,09LD2824_r7_c5.png
35.667490673794724,139.76551637379748,decentralized,0.8084465265274048,09LD2824_r7_c5.png
35.66750860010445,139.7654938531647,decentralized,0.7958683371543884,09LD2824_r7_c5.png
35.66746263062678,139.76550565079134,decentralized,0.7755362391471863,09LD2824_r7_c5.png
35.667502673761774,139.76550148438642,decentralized,0.7489874958992004,09LD2824_r7_c5.png
35.66738535818577,139.76541862858068,decentralized,0.7292597889900208,09LD2824_r7_c5.png
35.66747509380444,139.76549304778834,decentralized,0.7204554677009583,09LD2824_r7_c5.png
35.66758179624748,139.76594460070442,decentralized,0.44310975074768066,09LD2824_r7_c5.png
35.66738749557751,139.7654295770782,decentralized,0.38923776149749756,09LD2824_r7_c5.png
35.667578813610945,139.76593993193958,decentralized,0.38701045513153076,09LD2824_r7_c5.png
35.66766553152624,139.7659211798829,decentralized,0.3594591021537781,09LD2824_r7_c5.png
35.667385021167306,139.76563206504292,decentralized,0.3010231852531433,09LD2824_r7_c5.png
35.66755935696401,139.76594473336522,decentralized,0.11545294523239136,09LD2824_r7_c5.png
35.66743633026657,139.7661202207523,decentralized,0.9431737661361694,09LD2824_r7_c6.png
35.6676394990938,139.7664949755129,CT,0.9421877861022949,09LD2824_r7_c6.png
35.667583869155095,139.76642382007148,CT,0.9347560405731201,09LD2824_r7_c6.png
35.66760333787508,139.76598435117225,decentralized,0.9207022786140442,09LD2824_r7_c6.png
35.667448827150984,139.7662082598177,decentralized,0.911362886428833,09LD2824_r7_c6.png
35.66759882808281,139.76600010160055,decentralized,0.9107842445373535,09LD2824_r7_c6.png
35.66768679010322,139.76602836393317,decentralized,0.9090668559074402,09LD2824_r7_c6.png
35.66746048538046,139.76614849281162,decentralized,0.9030741453170776,09LD2824_r7_c6.png
35.667599847358126,139.76644588069757,CT,0.9012768268585205,09LD2824_r7_c6.png
35.66765496276143,139.7659983714051,decentralized,0.9011898040771484,09LD2824_r7_c6.png
35.66740297884782,139.76625096974357,decentralized,0.896594762802124,09LD2824_r7_c6.png
35.66756006158635,139.76640418776876,decentralized,0.8945061564445496,09LD2824_r7_c6.png
35.667394645818426,139.76637660886922,CT,0.8850874900817871,09LD2824_r7_c6.png
35.66762447645569,139.76595917840328,decentralized,0.879218339920044,09LD2824_r7_c6.png
35.667623537972226,139.76647407361102,CT,0.8767098784446716,09LD2824_r7_c6.png
35.66749060289417,139.76616010842693,decentralized,0.8566298484802246,09LD2824_r7_c6.png
35.667407191729666,139.76623811210092,decentralized,0.8523561358451843,09LD2824_r7_c6.png
35.66768602449615,139.76604475211408,decentralized,0.8499956727027893,09LD2824_r7_c6.png
35.66746995033275,139.76612873575334,decentralized,0.8472420573234558,09LD2824_r7_c6.png
35.66751468210124,139.76627883651602,decentralized,0.837708592414856,09LD2824_r7_c6.png
35.66742326268079,139.76636390998397,decentralized,0.8194165229797363,09LD2824_r7_c6.png
35.66759240874816,139.7659608238051,decentralized,0.7964666485786438,09LD2824_r7_c6.png
35.66768743591536,139.76600396860147,decentralized,0.7696183919906616,09LD2824_r7_c6.png
35.667669197119714,139.76602628121006,decentralized,0.5243828296661377,09LD2824_r7_c6.png
35.667719522425706,139.7660871926357,decentralized,0.4699862599372864,09LD2824_r7_c6.png
35.66771969836474,139.76611661995727,decentralized,0.43108052015304565,09LD2824_r7_c6.png
35.66761180714341,139.76595562092825,decentralized,0.375955194234848,09LD2824_r7_c6.png
35.667451498188285,139.76638368467405,decentralized,0.32359281182289124,09LD2824_r7_c6.png
35.66747231287519,139.76601120944613,decentralized,0.2713419198989868,09LD2824_r7_c6.png
35.66766831795325,139.76650222900813,decentralized,0.17470265924930573,09LD2824_r7_c6.png
35.667396061784714,139.766243130374,decentralized,0.16824500262737274,09LD2824_r7_c6.png
35.667612214361704,139.7659556342164,decentralized,0.1679278463125229,09LD2824_r7_c6.png
35.66766238370568,139.76652646552378,CT,0.9273377060890198,09LD2824_r7_c7.png
35.66767997752696,139.7665467114544,CT,0.9167439937591553,09LD2824_r7_c7.png
35.66740559835853,139.7666308320667,CT,0.9134737253189087,09LD2824_r7_c7.png
35.66753031027006,139.76684506935715,decentralized,0.907617449760437,09LD2824_r7_c7.png
35.66742090488285,139.7666518026476,CT,0.869427502155304,09LD2824_r7_c7.png
35.667484048971374,139.7668003674884,decentralized,0.6866835355758667,09LD2824_r7_c7.png
35.667509851941475,139.7668723590055,decentralized,0.1530221700668335,09LD2824_r7_c7.png
35.66704812958156,139.7619374714979,decentralized,0.8638604283332825,09LD2833_r0_c6.png
35.66736134412167,139.76234815623897,decentralized,0.9368960857391357,09LD2833_r0_c7.png
35.667344555797484,139.76236197825315,decentralized,0.9361504316329956,09LD2833_r0_c7.png
35.66724310282475,139.7625721451698,decentralized,0.9351230263710022,09LD2833_r0_c7.png
35.66725350927072,139.7625865507484,decentralized,0.9343267679214478,09LD2833_r0_c7.png
35.66724010257083,139.76258921299592,decentralized,0.9134154319763184,09LD2833_r0_c7.png
35.667375851600156,139.76240233251795,decentralized,0.8954548239707947,09LD2833_r0_c7.png
35.66732784935975,139.76231928711798,decentralized,0.8857895731925964,09LD2833_r0_c7.png
35.6672959270286,139.76235671970986,decentralized,0.8629981875419617,09LD2833_r0_c7.png
35.66737623327124,139.76234055082475,decentralized,0.8615289330482483,09LD2833_r0_c7.png
35.66719964665937,139.76262724422304,decentralized,0.8221098780632019,09LD2833_r0_c7.png
35.66729048215682,139.76255210705298,decentralized,0.7788195013999939,09LD2833_r0_c7.png
35.66720827197197,139.76263708047372,decentralized,0.5676930546760559,09LD2833_r0_c7.png
35.667316459120016,139.76259065448963,decentralized,0.46687424182891846,09LD2833_r0_c7.png
35.667288075159284,139.76253472149284,decentralized,0.2898201048374176,09LD2833_r0_c7.png
35.66727300346791,139.762637539323,decentralized,0.21229642629623413,09LD2833_r0_c7.png
35.66718405005884,139.76263727165556,decentralized,0.16604219377040863,09LD2833_r0_c7.png
35.667260084353615,139.76261990091146,decentralized,0.15308968722820282,09LD2833_r0_c7.png
35.66688341851258,139.7620998386868,decentralized,0.9438771605491638,09LD2833_r1_c7.png
35.666878886072865,139.76212955483226,decentralized,0.8930568695068359,09LD2833_r1_c7.png
35.66688973585113,139.7621106616975,decentralized,0.8771741986274719,09LD2833_r1_c7.png
35.66687697589054,139.76211259454738,decentralized,0.8463481068611145,09LD2833_r1_c7.png
35.66686716274623,139.76211900607152,decentralized,0.822553813457489,09LD2833_r1_c7.png
35.66692964741928,139.7620928129994,decentralized,0.6794385313987732,09LD2833_r1_c7.png
35.6671099000519,139.76306961154228,CT,0.9529432654380798,09LD2834_r0_c0.png
35.667166753535,139.7631711567281,CT,0.9276636242866516,09LD2834_r0_c0.png
35.667160984249406,139.76265767426614,decentralized,0.9194958806037903,09LD2834_r0_c0.png
35.66719804607545,139.76265982638168,decentralized,0.915520429611206,09LD2834_r0_c0.png
35.66716973959622,139.7626695155999,decentralized,0.9128314852714539,09LD2834_r0_c0.png
35.66717911436338,139.7626829546444,decentralized,0.908606231212616,09LD2834_r0_c0.png
35.66729476532767,139.76280655219293,decentralized,0.9082204103469849,09LD2834_r0_c0.png
35.66721325597395,139.76267923478974,decentralized,0.9050703048706055,09LD2834_r0_c0.png
35.66718295869954,139.76315809656052,CT,0.8831340074539185,09LD2834_r0_c0.png
35.6671520988453,139.76264578696393,decentralized,0.8718531131744385,09LD2834_r0_c0.png
35.66724181753573,139.76268523184297,decentralized,0.8561479449272156,09LD2834_r0_c0.png
35.667226457473845,139.76266441785444,decentralized,0.8504511713981628,09LD2834_r0_c0.png
35.66715058995919,139.76318296300818,CT,0.8361863493919373,09LD2834_r0_c0.png
35.66734081911424,139.76287718092783,decentralized,0.8359043598175049,09LD2834_r0_c0.png
35.667094070594246,139.76303880535457,CT,0.8326879739761353,09LD2834_r0_c0.png
35.6671853050674,139.7626433784221,decentralized,0.7861960530281067,09LD2834_r0_c0.png
35.66732225412723,139.76293465853115,decentralized,0.7747737765312195,09LD2834_r0_c0.png
35.66721286347789,139.76264426622856,decentralized,0.765691876411438,09LD2834_r0_c0.png
35.667345974863345,139.7628908582868,decentralized,0.7440178394317627,09LD2834_r0_c0.png
35.667296766032635,139.76277982991965,decentralized,0.6901602149009705,09LD2834_r0_c0.png
35.66707691992659,139.76296867159718,decentralized,0.5873152017593384,09LD2834_r0_c0.png
35.667295497593216,139.76287821731214,decentralized,0.4870401918888092,09LD2834_r0_c0.png
35.66735995973082,139.7628872673099,decentralized,0.3023172616958618,09LD2834_r0_c0.png
35.667202817148365,139.76320586479207,CT,0.9430992007255554,09LD2834_r0_c1.png
35.667227686957354,139.76326843731457,CT,0.9388006329536438,09LD2834_r0_c1.png
35.66718217906833,139.76322195487938,CT,0.9278018474578857,09LD2834_r0_c1.png
35.667244758254526,139.76329804864415,CT,0.9275588989257812,09LD2834_r0_c1.png
35.66721580048955,139.76323714590401,CT,0.9113848805427551,09LD2834_r0_c1.png
35.66717190403257,139.76386235829034,decentralized,0.478251188993454,09LD2834_r0_c2.png
35.66727946065784,139.7642906393121,decentralized,0.14237411320209503,09LD2834_r0_c2.png
35.66706559734369,139.76463309599535,decentralized,0.9249086380004883,09LD2834_r0_c3.png
35.667091779974484,139.76452708628656,decentralized,0.902290940284729,09LD2834_r0_c3.png
35.66712487816677,139.76456810628892,decentralized,0.902015209197998,09LD2834_r0_c3.png
35.66714673924933,139.76453871351836,decentralized,0.890360414981842,09LD2834_r0_c3.png
35.667177239741335,139.76477592577075,decentralized,0.887529194355011,09LD2834_r0_c3.png
35.66707857124448,139.7645371850094,decentralized,0.88136887550354,09LD2834_r0_c3.png
35.667111054397864,139.76452139722414,decentralized,0.8806477189064026,09LD2834_r0_c3.png
35.6671709929925,139.76483025154462,decentralized,0.8694645762443542,09LD2834_r0_c3.png
35.66713575278484,139.7645514579241,decentralized,0.865755021572113,09LD2834_r0_c3.png
35.66712327151406,139.76451036078194,decentralized,0.8647338151931763,09LD2834_r0_c3.png
35.66716550078995,139.7647847295841,decentralized,0.863504946231842,09LD2834_r0_c3.png
35.66705546573929,139.76464311284508,decentralized,0.8526471853256226,09LD2834_r0_c3.png
35.66717963354033,139.76458460689454,decentralized,0.8161985278129578,09LD2834_r0_c3.png
35.66716465974723,139.76480569194172,decentralized,0.802993655204773,09LD2834_r0_c3.png
35.66709913697313,139.76450604757994,decentralized,0.7424628138542175,09LD2834_r0_c3.png
35.667153911780126,139.76460178842586,decentralized,0.7377577424049377,09LD2834_r0_c3.png
35.66714724895519,139.76478677107337,decentralized,0.7308146357536316,09LD2834_r0_c3.png
35.66716031209469,139.76459396689776,decentralized,0.6996849179267883,09LD2834_r0_c3.png
35.667045936524175,139.76454007251846,decentralized,0.6598771810531616,09LD2834_r0_c3.png
35.66716773022079,139.76481771219684,decentralized,0.649962842464447,09LD2834_r0_c3.png
35.667178550477985,139.76458390829043,decentralized,0.5567163228988647,09LD2834_r0_c3.png
35.66705991318861,139.76449661929948,decentralized,0.5056965351104736,09LD2834_r0_c3.png
35.66718615963403,139.7648116855314,decentralized,0.4264368414878845,09LD2834_r0_c3.png
35.667052698334324,139.7646402398955,decentralized,0.4012681841850281,09LD2834_r0_c3.png
35.6671669261808,139.76458572816912,decentralized,0.32197296619415283,09LD2834_r0_c3.png
35.667082296768314,139.76457274971355,decentralized,0.28790855407714844,09LD2834_r0_c3.png
35.667147069317615,139.7648424898322,decentralized,0.25557366013526917,09LD2834_r0_c3.png
35.667160703634686,139.76484726748316,decentralized,0.2180057168006897,09LD2834_r0_c3.png
35.66704627831472,139.76464831549183,decentralized,0.16563059389591217,09LD2834_r0_c3.png
35.66706963842877,139.7644861079128,decentralized,0.12557663023471832,09LD2834_r0_c3.png
35.667109978369076,139.76529764280747,decentralized,0.9326171875,09LD2834_r0_c4.png
35.66730051958577,139.76492420243358,decentralized,0.9273339509963989,09LD2834_r0_c4.png
35.66710582256265,139.76531284969437,decentralized,0.9201014041900635,09LD2834_r0_c4.png
35.66722558337064,139.76493247019383,decentralized,0.9137744903564453,09LD2834_r0_c4.png
35.667148277594585,139.7653449367879,decentralized,0.9137125015258789,09LD2834_r0_c4.png
35.667090996084674,139.76518543629007,decentralized,0.9111268520355225,09LD2834_r0_c4.png
35.667086936224734,139.76520183265916,decentralized,0.9088155031204224,09LD2834_r0_c4.png
35.6672378248914,139.76517495567063,decentralized,0.9026086330413818,09LD2834_r0_c4.png
35.66728673013669,139.76494096426424,decentralized,0.9004486203193665,09LD2834_r0_c4.png
35.66709960454202,139.765175700686,decentralized,0.8975811004638672,09LD2834_r0_c4.png
35.667127528526784,139.76534044686065,decentralized,0.8956089019775391,09LD2834_r0_c4.png
35.6672544003913,139.76533431709973,decentralized,0.8913460373878479,09LD2834_r0_c4.png
35.66726228732586,139.76503242731187,decentralized,0.8879019618034363,09LD2834_r0_c4.png
35.66723119976695,139.7649699192471,decentralized,0.8867293000221252,09LD2834_r0_c4.png
35.667142202688105,139.7653587014422,decentralized,0.8857723474502563,09LD2834_r0_c4.png
35.667242629330445,139.76495044392533,decentralized,0.8813428282737732,09LD2834_r0_c4.png
35.66721600345115,139.7649524175929,decentralized,0.8805384635925293,09LD2834_r0_c4.png
35.66724425364833,139.76516485639178,decentralized,0.8760449886322021,09LD2834_r0_c4.png
35.66731663656587,139.76524254829124,decentralized,0.8545837998390198,09LD2834_r0_c4.png
35.66732695109652,139.76539554573463,decentralized,0.8487705588340759,09LD2834_r0_c4.png
35.66715480029579,139.76485890342164,decentralized,0.8343989253044128,09LD2834_r0_c4.png
35.66731546556037,139.76489055878798,decentralized,0.8337663412094116,09LD2834_r0_c4.png
35.66731440930732,139.7649539085703,decentralized,0.830616295337677,09LD2834_r0_c4.png
35.66735299254226,139.76535572930356,decentralized,0.821634829044342,09LD2834_r0_c4.png
35.66736026975482,139.76536320901394,decentralized,0.8180358409881592,09LD2834_r0_c4.png
35.667254986570505,139.76489985325742,decentralized,0.796769380569458,09LD2834_r0_c4.png
35.66736987463259,139.76537733283476,decentralized,0.7858657240867615,09LD2834_r0_c4.png
35.667275305064074,139.76487476505048,decentralized,0.7537426352500916,09LD2834_r0_c4.png
35.667110253799734,139.76517247972632,decentralized,0.5386162996292114,09LD2834_r0_c4.png
35.66723115652281,139.764947437276,decentralized,0.5317592024803162,09LD2834_r0_c4.png
35.66713088005917,139.76532133278522,decentralized,0.5221686363220215,09LD2834_r0_c4.png
35.667069679874416,139.76515770178568,decentralized,0.2916150689125061,09LD2834_r0_c4.png
35.66714857528522,139.76539908995846,decentralized,0.2329561412334442,09LD2834_r0_c4.png
35.667120781013175,139.76525139851586,decentralized,0.16556383669376373,09LD2834_r0_c4.png
35.66735071031032,139.76562070391154,decentralized,0.8987016677856445,09LD2834_r0_c5.png
35.66736666797551,139.76556174732113,decentralized,0.8968565464019775,09LD2834_r0_c5.png
35.6670980113623,139.7657588371141,decentralized,0.8930889964103699,09LD2834_r0_c5.png
35.66733316541909,139.76559721632879,decentralized,0.8854957222938538,09LD2834_r0_c5.png
35.667345044219005,139.76551826295577,decentralized,0.8854942917823792,09LD2834_r0_c5.png
35.66737237159553,139.76562493787335,decentralized,0.8791442513465881,09LD2834_r0_c5.png
35.66726084649628,139.76549603280264,decentralized,0.8639025688171387,09LD2834_r0_c5.png
35.66737205174036,139.76564185106886,decentralized,0.8634234070777893,09LD2834_r0_c5.png
35.66732888175789,139.76551649571527,decentralized,0.8578763008117676,09LD2834_r0_c5.png
35.6673533885448,139.7654871436583,decentralized,0.8544674515724182,09LD2834_r0_c5.png
35.667371526061025,139.76554035184742,decentralized,0.8501394987106323,09LD2834_r0_c5.png
35.66733735334641,139.76557613816445,decentralized,0.8331923484802246,09LD2834_r0_c5.png
35.66736590271958,139.7656187838301,decentralized,0.8323066234588623,09LD2834_r0_c5.png
35.66736219414804,139.76549761393494,decentralized,0.8237587213516235,09LD2834_r0_c5.png
35.66733080943204,139.76558426387749,decentralized,0.7958551049232483,09LD2834_r0_c5.png
35.66734401930679,139.7655677586006,decentralized,0.7896698117256165,09LD2834_r0_c5.png
35.66736385080133,139.765632138571,decentralized,0.7553067803382874,09LD2834_r0_c5.png
35.667347716600965,139.76556214214594,decentralized,0.7427850365638733,09LD2834_r0_c5.png
35.66732440745248,139.76553664207927,decentralized,0.6994927525520325,09LD2834_r0_c5.png
35.66735428218451,139.76555415035472,decentralized,0.6429396867752075,09LD2834_r0_c5.png
35.667136548123054,139.76571185749887,CT,0.5280538201332092,09LD2834_r0_c5.png
35.667334582717515,139.7655316582797,decentralized,0.503523051738739,09LD2834_r0_c5.png
35.66737557667363,139.76542436486878,decentralized,0.48208507895469666,09LD2834_r0_c5.png
35.667381217133965,139.76563304990185,decentralized,0.34520184993743896,09LD2834_r0_c5.png
35.66738039399634,139.76553050113836,decentralized,0.29231178760528564,09LD2834_r0_c5.png
35.667046614087006,139.76569873349118,decentralized,0.272003173828125,09LD2834_r0_c5.png
35.66733347794626,139.76558066147666,decentralized,0.25823336839675903,09LD2834_r0_c5.png
35.66734111798495,139.76550292320496,decentralized,0.2572193443775177,09LD2834_r0_c5.png
35.66738027820181,139.76553025604358,CT,0.24892525374889374,09LD2834_r0_c5.png
35.66738043742993,139.76542629510303,decentralized,0.22196772694587708,09LD2834_r0_c5.png
35.667230364671056,139.76540439404258,decentralized,0.12300943583250046,09LD2834_r0_c5.png
35.66738224374419,139.76555304772015,decentralized,0.11993463337421417,09LD2834_r0_c5.png
35.66736857009828,139.7656362957573,decentralized,0.11586516350507736,09LD2834_r0_c5.png
35.667332558350616,139.76540420704094,decentralized,0.10538973659276962,09LD2834_r0_c5.png
35.66727653916554,139.76639625185388,decentralized,0.9237334132194519,09LD2834_r0_c6.png
35.66723598267137,139.76644786188754,decentralized,0.9170142412185669,09LD2834_r0_c6.png
35.667209304628756,139.76643713792257,decentralized,0.8622103929519653,09LD2834_r0_c6.png
35.66720598438329,139.7664415592582,decentralized,0.4080529808998108,09LD2834_r0_c6.png
35.66705677510973,139.76600979135213,decentralized,0.13000105321407318,09LD2834_r0_c6.png
35.667056840398885,139.7660097659017,CT,0.10194763541221619,09LD2834_r0_c6.png
35.66712167396302,139.7670434277067,decentralized,0.8913981914520264,09LD2834_r0_c7.png
35.66729366482972,139.7665342051897,decentralized,0.8697761297225952,09LD2834_r0_c7.png
35.6670631157706,139.76692294524364,decentralized,0.8321940302848816,09LD2834_r0_c7.png
35.667287253732596,139.76651337258815,decentralized,0.7936210632324219,09LD2834_r0_c7.png
35.66704618630061,139.7669314860185,decentralized,0.22583916783332825,09LD2834_r0_c7.png
35.66697585752562,139.7629824014355,decentralized,0.5102282166481018,09LD2834_r1_c0.png
35.66694664227084,139.76298773031274,CT,0.5036800503730774,09LD2834_r1_c0.png
35.666940178591055,139.76295209460974,decentralized,0.4178467094898224,09LD2834_r1_c0.png
35.666954890925936,139.762946418235,decentralized,0.16467542946338654,09LD2834_r1_c0.png
35.666799711931766,139.76420475991307,decentralized,0.9239218235015869,09LD2834_r1_c2.png
35.66679262892593,139.76423287703855,decentralized,0.9158416986465454,09LD2834_r1_c2.png
35.66681804303916,139.76422558521583,decentralized,0.9041988253593445,09LD2834_r1_c2.png
35.666768753994674,139.76416776778566,decentralized,0.9002302289009094,09LD2834_r1_c2.png
35.66671790385999,139.76428576872144,decentralized,0.8974454998970032,09LD2834_r1_c2.png
35.66678476054588,139.76418719177053,decentralized,0.894730806350708,09LD2834_r1_c2.png
35.66672870125521,139.76424740089735,decentralized,0.8896465301513672,09LD2834_r1_c2.png
35.66680790088521,139.7642140700922,decentralized,0.8500941395759583,09LD2834_r1_c2.png
35.66680336711815,139.7641177229604,decentralized,0.8186311721801758,09LD2834_r1_c2.png
35.66672785129023,139.76380940094657,decentralized,0.7983641624450684,09LD2834_r1_c2.png
35.66673257352591,139.76389866375484,decentralized,0.7760339975357056,09LD2834_r1_c2.png
35.66676545986205,139.76420001031457,decentralized,0.7554529905319214,09LD2834_r1_c2.png
35.66680699734193,139.7642390969814,decentralized,0.5147132277488708,09LD2834_r1_c2.png
35.666708232208244,139.76429481702016,decentralized,0.3432958424091339,09LD2834_r1_c2.png
35.66670898089751,139.76429339675593,decentralized,0.30530834197998047,09LD2834_r1_c2.png
35.66678581662691,139.76422558062856,decentralized,0.2878894805908203,09LD2834_r1_c2.png
35.66675776505903,139.76429531722425,decentralized,0.25847628712654114,09LD2834_r1_c2.png
35.66677011167618,139.76429442894698,decentralized,0.2557050585746765,09LD2834_r1_c2.png
35.66678179856312,139.76406284016412,decentralized,0.25235795974731445,09LD2834_r1_c2.png
35.66695694125824,139.76389172695193,decentralized,0.17197245359420776,09LD2834_r1_c2.png
35.666801581623595,139.764246203833,decentralized,0.1145629733800888,09LD2834_r1_c2.png
35.66677163313415,139.76401351414177,decentralized,0.10168588161468506,09LD2834_r1_c2.png
35.666715657708345,139.7643112835519,decentralized,0.9176010489463806,09LD2834_r1_c3.png
35.66673497877058,139.764306640985,decentralized,0.9160137176513672,09LD2834_r1_c3.png
35.66684592533247,139.76477582923218,decentralized,0.9123978614807129,09LD2834_r1_c3.png
35.66701639237241,139.7645915657624,decentralized,0.9068109393119812,09LD2834_r1_c3.png
35.666793158270394,139.76478938245506,decentralized,0.8888762593269348,09LD2834_r1_c3.png
35.66702471358652,139.76462836216163,decentralized,0.8855577707290649,09LD2834_r1_c3.png
35.66682346564897,139.76474818256534,decentralized,0.8732340931892395,09LD2834_r1_c3.png
35.66672856364049,139.76432733759725,decentralized,0.8576189875602722,09LD2834_r1_c3.png
35.666920028501075,139.76481816813313,decentralized,0.8411391377449036,09LD2834_r1_c3.png
35.6670410718108,139.76462540729554,decentralized,0.8187180161476135,09LD2834_r1_c3.png
35.66681929928268,139.764752743251,decentralized,0.8137315511703491,09LD2834_r1_c3.png
35.666907169686645,139.76471475646974,decentralized,0.7450832724571228,09LD2834_r1_c3.png
35.66675484548292,139.76430138636707,decentralized,0.5309030413627625,09LD2834_r1_c3.png
35.666832528410225,139.7647708214461,decentralized,0.40181729197502136,09LD2834_r1_c3.png
35.66688425311419,139.7647694575449,decentralized,0.3094947636127472,09LD2834_r1_c3.png
35.66680646191899,139.76477371860665,decentralized,0.20867672562599182,09LD2834_r1_c3.png
35.66702972136695,139.76455762733383,decentralized,0.18590843677520752,09LD2834_r1_c3.png
35.6668802575359,139.76477456184747,decentralized,0.14127947390079498,09LD2834_r1_c3.png
35.666943794679,139.76499949227647,decentralized,0.9477578997612,09LD2834_r1_c4.png
35.66694005793412,139.765023424467,decentralized,0.9449717998504639,09LD2834_r1_c4.png
35.66676470732361,139.76492426715188,decentralized,0.9222120046615601,09LD2834_r1_c4.png
35.666726578695226,139.7648838383854,decentralized,0.9174734354019165,09LD2834_r1_c4.png
35.666975536521115,139.76509747307333,decentralized,0.9112605452537537,09LD2834_r1_c4.png
35.66673229372055,139.76487394707988,decentralized,0.9043470025062561,09LD2834_r1_c4.png
35.66694941971499,139.76503449607424,decentralized,0.8986605405807495,09LD2834_r1_c4.png
35.66695543630824,139.7649599386525,decentralized,0.8821969628334045,09LD2834_r1_c4.png
35.666766952821014,139.76513816048805,decentralized,0.8803161382675171,09LD2834_r1_c4.png
35.66683849706231,139.76497334675335,decentralized,0.8705313205718994,09LD2834_r1_c4.png
35.66677394630228,139.76486726390283,decentralized,0.8703951239585876,09LD2834_r1_c4.png
35.666713099368735,139.76504821610362,decentralized,0.8645730018615723,09LD2834_r1_c4.png
35.66681541987247,139.76494455701567,decentralized,0.8488069772720337,09LD2834_r1_c4.png
35.66699625233984,139.76518356154648,decentralized,0.8360304832458496,09LD2834_r1_c4.png
35.66684357847394,139.76495128262664,decentralized,0.8322144150733948,09LD2834_r1_c4.png
35.66674589216592,139.7649146363863,decentralized,0.8289570808410645,09LD2834_r1_c4.png
35.66678962949961,139.76485654904064,decentralized,0.8231306076049805,09LD2834_r1_c4.png
35.66683888619489,139.76500539764646,decentralized,0.8209814429283142,09LD2834_r1_c4.png
35.666997795363216,139.7650971184401,decentralized,0.7816801071166992,09LD2834_r1_c4.png
35.66678091563666,139.76514096762997,decentralized,0.7510251998901367,09LD2834_r1_c4.png
35.666848765964474,139.7649573819813,decentralized,0.743076741695404,09LD2834_r1_c4.png
35.666797254078084,139.76495299239522,decentralized,0.7382270097732544,09LD2834_r1_c4.png
35.66699490693482,139.76507490416253,decentralized,0.6432392597198486,09LD2834_r1_c4.png
35.66674084306331,139.76489038349797,decentralized,0.5002413392066956,09LD2834_r1_c4.png
35.666752069885675,139.76486982449612,decentralized,0.41028136014938354,09LD2834_r1_c4.png
35.66677108050871,139.7651528054587,decentralized,0.3888598382472992,09LD2834_r1_c4.png
35.66700610815577,139.76506122464514,decentralized,0.34724435210227966,09LD2834_r1_c4.png
35.66681859569837,139.76498060550333,decentralized,0.2460770457983017,09LD2834_r1_c4.png
35.666709583311764,139.7650625463547,decentralized,0.18629080057144165,09LD2834_r1_c4.png
35.66687766589722,139.7657890596134,decentralized,0.9391025900840759,09LD2834_r1_c5.png
35.66694758709129,139.765794235028,decentralized,0.9208418726921082,09LD2834_r1_c5.png
35.666856425345834,139.76576186103316,decentralized,0.9124581217765808,09LD2834_r1_c5.png
35.66693068312894,139.7657877133138,decentralized,0.9086863398551941,09LD2834_r1_c5.png
35.66687357351049,139.76584628200038,decentralized,0.9075313210487366,09LD2834_r1_c5.png
35.666913350488485,139.76583540253313,decentralized,0.896782636642456,09LD2834_r1_c5.png
35.66692740232518,139.7657725927419,decentralized,0.8925557732582092,09LD2834_r1_c5.png
35.666923427589914,139.7658833351462,decentralized,0.8901882767677307,09LD2834_r1_c5.png
35.66684079464107,139.7658025739785,decentralized,0.8819385766983032,09LD2834_r1_c5.png
35.66694381193338,139.76589413574632,decentralized,0.8771166205406189,09LD2834_r1_c5.png
35.666946301339365,139.7658183102872,decentralized,0.8649075031280518,09LD2834_r1_c5.png
35.66695761046569,139.76578473212095,decentralized,0.8618777394294739,09LD2834_r1_c5.png
35.666819152921654,139.7658811234971,decentralized,0.8304398655891418,09LD2834_r1_c5.png
35.666974344148755,139.76585345677873,decentralized,0.8205508589744568,09LD2834_r1_c5.png
35.66686588866873,139.76580488810643,decentralized,0.8190177083015442,09LD2834_r1_c5.png
35.66683193225815,139.76589636361985,decentralized,0.7477982640266418,09LD2834_r1_c5.png
35.666902816749904,139.76582140815347,decentralized,0.7018120288848877,09LD2834_r1_c5.png
35.66699156922896,139.7658128777412,decentralized,0.6353221535682678,09LD2834_r1_c5.png
35.667029045855685,139.7658099136273,decentralized,0.5975351929664612,09LD2834_r1_c5.png
35.666910002465464,139.76582966031685,decentralized,0.5520315766334534,09LD2834_r1_c5.png
35.66671712329405,139.76569393267096,decentralized,0.5266745090484619,09LD2834_r1_c5.png
35.667010651105414,139.76578680558538,decentralized,0.4869544208049774,09LD2834_r1_c5.png
35.666712035362416,139.76569620500348,decentralized,0.33481213450431824,09LD2834_r1_c5.png
35.66697881238686,139.76579784583728,decentralized,0.26969602704048157,09LD2834_r1_c5.png
35.66701014838753,139.76578641309558,decentralized,0.25608962774276733,09LD2834_r1_c5.png
35.667017138898636,139.76582144036828,decentralized,0.22756998240947723,09LD2834_r1_c5.png
35.666709203569965,139.76569472230958,decentralized,0.22195903956890106,09LD2834_r1_c5.png
35.66695331713072,139.76582670582764,decentralized,0.14353996515274048,09LD2834_r1_c5.png
35.66698256858524,139.76580020396156,decentralized,0.1426563560962677,09LD2834_r1_c5.png
35.6667218691075,139.7662943717818,decentralized,0.9035517573356628,09LD2834_r1_c6.png
35.666732348191516,139.76630842088005,decentralized,0.9007030725479126,09LD2834_r1_c6.png
35.66671280326866,139.76627905428407,decentralized,0.8719758987426758,09LD2834_r1_c6.png
35.66677513049794,139.76595752077384,decentralized,0.7454275488853455,09LD2834_r1_c6.png
35.667025651184765,139.76627650497372,decentralized,0.12066156417131424,09LD2834_r1_c6.png
35.666708947111886,139.76631505639847,decentralized,0.11054286360740662,09LD2834_r1_c6.png
35.66693038997748,139.7668033615224,decentralized,0.9279166460037231,09LD2834_r1_c7.png
35.666863688737365,139.76688106529275,decentralized,0.9275304675102234,09LD2834_r1_c7.png
35.66674930506848,139.76701286706978,decentralized,0.9185973405838013,09LD2834_r1_c7.png
35.66684354483376,139.76690465491214,decentralized,0.9038612842559814,09LD2834_r1_c7.png
35.66695714636171,139.7668537414714,decentralized,0.886929452419281,09LD2834_r1_c7.png
35.666804699042906,139.7669489752401,decentralized,0.87579345703125,09LD2834_r1_c7.png
35.666779448327226,139.76697850621773,decentralized,0.8737884759902954,09LD2834_r1_c7.png
35.66679477075727,139.76696065665286,decentralized,0.8355008959770203,09LD2834_r1_c7.png
35.666895080737184,139.76684408246177,decentralized,0.8297969102859497,09LD2834_r1_c7.png
35.666968428560196,139.7668253095982,decentralized,0.7718085646629333,09LD2834_r1_c7.png
35.66671603703494,139.76686195064798,decentralized,0.4914056956768036,09LD2834_r1_c7.png
35.66698146322146,139.76684320373934,decentralized,0.2812969982624054,09LD2834_r1_c7.png
35.66653072620748,139.76349556221697,decentralized,0.8919757008552551,09LD2834_r2_c1.png
35.666443642655935,139.76353516031523,decentralized,0.8846248984336853,09LD2834_r2_c1.png
35.66653957818823,139.76350521820885,decentralized,0.8844702839851379,09LD2834_r2_c1.png
35.66654620526381,139.76351426546952,decentralized,0.8843545913696289,09LD2834_r2_c1.png
35.666645932508274,139.76364689409172,decentralized,0.8672789931297302,09LD2834_r2_c1.png
35.66652324191917,139.76348739031718,decentralized,0.8250977396965027,09LD2834_r2_c1.png
35.666494278791234,139.76331814211716,decentralized,0.7635639309883118,09LD2834_r2_c1.png
35.66638827305818,139.76372544385714,decentralized,0.6262180805206299,09LD2834_r2_c1.png
35.66653517065889,139.76352793658575,decentralized,0.5924550890922546,09LD2834_r2_c1.png
35.66653414966971,139.76347258495292,decentralized,0.5564481019973755,09LD2834_r2_c1.png
35.6666349586538,139.76363652582543,decentralized,0.5418038368225098,09LD2834_r2_c1.png
35.66652978112273,139.7635184492905,decentralized,0.482753187417984,09LD2834_r2_c1.png
35.66640036179982,139.76326956626514,decentralized,0.45996519923210144,09LD2834_r2_c1.png
35.66649719042353,139.76332356994104,decentralized,0.3171907663345337,09LD2834_r2_c1.png
35.666463951931654,139.7634437291082,decentralized,0.16402557492256165,09LD2834_r2_c1.png
35.666512123915474,139.76350004454233,decentralized,0.1625259667634964,09LD2834_r2_c1.png
35.66662463497663,139.76421817008412,decentralized,0.9132965803146362,09LD2834_r2_c2.png
35.66660353701862,139.7641941657702,decentralized,0.911731481552124,09LD2834_r2_c2.png
35.66661600689348,139.7641790308993,decentralized,0.9106845855712891,09LD2834_r2_c2.png
35.66644506957304,139.76418748842462,decentralized,0.8740334510803223,09LD2834_r2_c2.png
35.666589264438535,139.76404870806948,decentralized,0.8602030277252197,09LD2834_r2_c2.png
35.66640561967042,139.76417508552987,decentralized,0.8541162610054016,09LD2834_r2_c2.png
35.66669827234137,139.7642893865522,decentralized,0.8372407555580139,09LD2834_r2_c2.png
35.666497628087505,139.76426223694614,decentralized,0.8181403875350952,09LD2834_r2_c2.png
35.666419251776816,139.76415910710446,decentralized,0.7477026581764221,09LD2834_r2_c2.png
35.66667356706793,139.76378890871013,CT,0.742450475692749,09LD2834_r2_c2.png
35.66654822437954,139.7639795841505,decentralized,0.7021770477294922,09LD2834_r2_c2.png
35.666490870993755,139.76427042337218,decentralized,0.6823098659515381,09LD2834_r2_c2.png
35.66651839603354,139.7639433095175,decentralized,0.3849034905433655,09LD2834_r2_c2.png
35.66658830633922,139.7640157196957,decentralized,0.2459023892879486,09LD2834_r2_c2.png
35.66670419650735,139.76423822235958,decentralized,0.23292045295238495,09LD2834_r2_c2.png
35.66668464929843,139.76377424211395,CT,0.19454975426197052,09LD2834_r2_c2.png
35.66659269378276,139.76402415339805,decentralized,0.18307916820049286,09LD2834_r2_c2.png
35.66670356890109,139.76393363131754,decentralized,0.1146339476108551,09LD2834_r2_c2.png
35.66643994802028,139.76472898172972,decentralized,0.9112327098846436,09LD2834_r2_c3.png
35.66643075818958,139.76471818866813,decentralized,0.9002322554588318,09LD2834_r2_c3.png
35.66642243610956,139.76470771998822,decentralized,0.8991424441337585,09LD2834_r2_c3.png
35.66640837046862,139.76470246805223,decentralized,0.8649116158485413,09LD2834_r2_c3.png
35.666498694978365,139.76453043504242,decentralized,0.8602786660194397,09LD2834_r2_c3.png
35.666560632946656,139.7644203704636,decentralized,0.8218346238136292,09LD2834_r2_c3.png
35.66648332358759,139.76454438573933,decentralized,0.7634755969047546,09LD2834_r2_c3.png
35.66657544513506,139.76446419083592,decentralized,0.7586711645126343,09LD2834_r2_c3.png
35.66656650363165,139.76444045776694,decentralized,0.5289223194122314,09LD2834_r2_c3.png
35.666584375652,139.76445265441234,decentralized,0.38706180453300476,09LD2834_r2_c3.png
35.666703236843986,139.7643023111384,decentralized,0.29301589727401733,09LD2834_r2_c3.png
35.6665579088993,139.76431888552577,decentralized,0.2637459635734558,09LD2834_r2_c3.png
35.666690701101004,139.7645127273955,decentralized,0.23896999657154083,09LD2834_r2_c3.png
35.666642347709725,139.76509368833376,decentralized,0.9350771307945251,09LD2834_r2_c4.png
35.666623386779854,139.76501683201667,decentralized,0.9107816815376282,09LD2834_r2_c4.png
35.66669256462434,139.76504601636614,decentralized,0.9055511951446533,09LD2834_r2_c4.png
35.666690454692066,139.76507607238412,decentralized,0.9028722643852234,09LD2834_r2_c4.png
35.666579741296296,139.7650546946169,decentralized,0.8912094831466675,09LD2834_r2_c4.png
35.666613391009705,139.76502432608956,decentralized,0.8721492290496826,09LD2834_r2_c4.png
35.666595312888745,139.7650461944455,decentralized,0.8678439259529114,09LD2834_r2_c4.png
35.66653657022307,139.76531438998194,decentralized,0.8612952828407288,09LD2834_r2_c4.png
35.66661099085531,139.76500568273025,decentralized,0.7855384349822998,09LD2834_r2_c4.png
35.666595763433584,139.76502482221625,decentralized,0.775224506855011,09LD2834_r2_c4.png
35.66670373917313,139.76505986851765,decentralized,0.7446634769439697,09LD2834_r2_c4.png
35.66660534295823,139.7650411665941,decentralized,0.7377827763557434,09LD2834_r2_c4.png
35.66655967841298,139.76517351308644,decentralized,0.6278226971626282,09LD2834_r2_c4.png
35.666585106155836,139.76522605921866,decentralized,0.5887970328330994,09LD2834_r2_c4.png
35.66655561640591,139.7652330109402,decentralized,0.5636796951293945,09LD2834_r2_c4.png
35.666681106075956,139.7650570024019,decentralized,0.42281052470207214,09LD2834_r2_c4.png
35.66663112986956,139.765282308866,decentralized,0.34896716475486755,09LD2834_r2_c4.png
35.66659638485887,139.76524012439614,decentralized,0.27829113602638245,09LD2834_r2_c4.png
35.666645897760155,139.76514128234334,decentralized,0.24329958856105804,09LD2834_r2_c4.png
35.66655101904989,139.7651845331799,decentralized,0.15503309667110443,09LD2834_r2_c4.png
35.66660610755417,139.7650411743533,decentralized,0.15172836184501648,09LD2834_r2_c4.png
35.666579171882454,139.76526072123934,decentralized,0.1486920714378357,09LD2834_r2_c4.png
35.66655879836031,139.76556429836407,ACC,0.9706215262413025,09LD2834_r2_c5.png
35.666684813124824,139.76571345192957,CT,0.9605047702789307,09LD2834_r2_c5.png
35.666670017042506,139.7657298928368,CT,0.9397611618041992,09LD2834_r2_c5.png
35.66648257863081,139.76545684993877,ACC,0.9305623173713684,09LD2834_r2_c5.png
35.66648232990299,139.76553990649097,decentralized,0.9196622371673584,09LD2834_r2_c5.png
35.666453222392526,139.76549373160043,ACC,0.9178901314735413,09LD2834_r2_c5.png
35.66669927598121,139.76569691313685,CT,0.8870377540588379,09LD2834_r2_c5.png
35.66641735962428,139.76544748788558,ACC,0.8862016201019287,09LD2834_r2_c5.png
35.66653695146462,139.7655912427377,CT,0.8745474815368652,09LD2834_r2_c5.png
35.66644922987568,139.76541450397877,ACC,0.8438927531242371,09LD2834_r2_c5.png
35.666547632627704,139.76560652769706,decentralized,0.8063086867332458,09LD2834_r2_c5.png
35.66642695724722,139.76542334788323,decentralized,0.7401655912399292,09LD2834_r2_c5.png
35.66653133054979,139.76561159493494,decentralized,0.7045096755027771,09LD2834_r2_c5.png
35.66647609123027,139.76540645514035,CT,0.3312833905220032,09LD2834_r2_c5.png
35.66653904998746,139.76595243304666,decentralized,0.2528514564037323,09LD2834_r2_c5.png
35.66649850668994,139.76556026698637,decentralized,0.21180196106433868,09LD2834_r2_c5.png
35.66645249414736,139.7654177404715,CT,0.19931362569332123,09LD2834_r2_c5.png
35.666523964326096,139.76560309699187,decentralized,0.1524997353553772,09LD2834_r2_c5.png
35.66652923454149,139.76557623937634,decentralized,0.13373704254627228,09LD2834_r2_c5.png
35.66652274161877,139.76560272709193,decentralized,0.11214510351419449,09LD2834_r2_c5.png
35.66670422204654,139.7656786733056,CT,0.10802332311868668,09LD2834_r2_c5.png
35.666576395768054,139.76606512627885,decentralized,0.9299868941307068,09LD2834_r2_c6.png
35.66641782696041,139.76606201731502,decentralized,0.9286383986473083,09LD2834_r2_c6.png
35.66643589155948,139.76607297480643,decentralized,0.9158084988594055,09LD2834_r2_c6.png
35.66650901664014,139.766405482511,decentralized,0.9123461842536926,09LD2834_r2_c6.png
35.666498451136,139.7660081728057,decentralized,0.9090902209281921,09LD2834_r2_c6.png
35.6666947648201,139.7663000534353,decentralized,0.9034547209739685,09LD2834_r2_c6.png
35.66656337069149,139.76647482582615,decentralized,0.9033815860748291,09LD2834_r2_c6.png
35.666520547889945,139.7664195443269,decentralized,0.9023468494415283,09LD2834_r2_c6.png
35.66655199522226,139.76646115606798,decentralized,0.9022733569145203,09LD2834_r2_c6.png
35.66664005789445,139.76645165750784,decentralized,0.9018752574920654,09LD2834_r2_c6.png
35.66661421573257,139.76611217724238,decentralized,0.9008402228355408,09LD2834_r2_c6.png
35.66654168647013,139.76644780060215,decentralized,0.8978509306907654,09LD2834_r2_c6.png
35.6664977073512,139.76639110354918,decentralized,0.8961291909217834,09LD2834_r2_c6.png
35.66653126976949,139.7664329478132,decentralized,0.8955641388893127,09LD2834_r2_c6.png
35.666694189243316,139.7663948634165,decentralized,0.8907147645950317,09LD2834_r2_c6.png
35.66660561263857,139.76630840350353,CT,0.889482319355011,09LD2834_r2_c6.png
35.66647604637786,139.76601454258304,decentralized,0.889249861240387,09LD2834_r2_c6.png
35.66657238482894,139.76649036021007,decentralized,0.885865330696106,09LD2834_r2_c6.png
35.66646925789272,139.76599159282304,decentralized,0.88131183385849,09LD2834_r2_c6.png
35.666439356066654,139.7663659301469,decentralized,0.879600465297699,09LD2834_r2_c6.png
35.66667234410992,139.76637209537492,decentralized,0.8725160956382751,09LD2834_r2_c6.png
35.66653090537512,139.76613236200495,decentralized,0.8648856282234192,09LD2834_r2_c6.png
35.66664886213743,139.76616708159602,decentralized,0.8608275651931763,09LD2834_r2_c6.png
35.666664004792956,139.76638271951276,decentralized,0.8606097102165222,09LD2834_r2_c6.png
35.66639169311922,139.76635420981364,decentralized,0.8549707531929016,09LD2834_r2_c6.png
35.66649617080583,139.76596023168014,decentralized,0.8446589708328247,09LD2834_r2_c6.png
35.66669880762015,139.7663207143271,decentralized,0.8374625444412231,09LD2834_r2_c6.png
35.666514143338915,139.76597056277322,decentralized,0.8366486430168152,09LD2834_r2_c6.png
35.666586390880745,139.76649943204416,decentralized,0.8345057368278503,09LD2834_r2_c6.png
35.66638439104264,139.76612102626186,decentralized,0.8231651782989502,09LD2834_r2_c6.png
35.66637216523201,139.7661034972148,decentralized,0.8028882741928101,09LD2834_r2_c6.png
35.66660036500338,139.76650428034807,decentralized,0.7671704888343811,09LD2834_r2_c6.png
35.66643351443549,139.76640768415166,decentralized,0.7315442562103271,09LD2834_r2_c6.png
35.66654961094385,139.7661468281466,CT,0.6010726690292358,09LD2834_r2_c6.png
35.66642128011838,139.76628233465098,decentralized,0.47007307410240173,09LD2834_r2_c6.png
35.6664752468971,139.7659571522013,decentralized,0.3689221441745758,09LD2834_r2_c6.png
35.66670269967705,139.7663153207744,decentralized,0.25882548093795776,09LD2834_r2_c6.png
35.66644457752083,139.76601996471527,decentralized,0.23915700614452362,09LD2834_r2_c6.png
35.66643588855521,139.766298702581,decentralized,0.21153050661087036,09LD2834_r2_c6.png
35.66670588205471,139.76632651613363,decentralized,0.21067973971366882,09LD2834_r2_c6.png
35.66664721624642,139.76609755694201,decentralized,0.20741449296474457,09LD2834_r2_c6.png
35.66639041386058,139.76633139542588,decentralized,0.20573577284812927,09LD2834_r2_c6.png
35.66670583629221,139.76632664180522,decentralized,0.1458960622549057,09LD2834_r2_c6.png
35.66670475966044,139.76637136149668,decentralized,0.10606937855482101,09LD2834_r2_c6.png
35.66660213784422,139.76652646655205,decentralized,0.9113306403160095,09LD2834_r2_c7.png
35.6666805521097,139.76690367942865,decentralized,0.898387610912323,09LD2834_r2_c7.png
35.66659299075269,139.76651559183617,decentralized,0.8879576921463013,09LD2834_r2_c7.png
35.66655856739734,139.7669837946456,CT,0.8737573623657227,09LD2834_r2_c7.png
35.66657755497173,139.76651056953477,decentralized,0.8035293817520142,09LD2834_r2_c7.png
35.66668502088506,139.76692516680794,decentralized,0.7639548778533936,09LD2834_r2_c7.png
35.66670370729412,139.76688526034005,decentralized,0.7045571208000183,09LD2834_r2_c7.png
35.666580387755005,139.76701148862523,CT,0.6856428384780884,09LD2834_r2_c7.png
35.66658380486155,139.76650944038778,decentralized,0.18814700841903687,09LD2834_r2_c7.png
35.666181048048166,139.76345687060208,decentralized,0.9295247793197632,09LD2834_r3_c1.png
35.66619641168837,139.76351790570962,decentralized,0.9277569651603699,09LD2834_r3_c1.png
35.666149824821915,139.76363594491428,decentralized,0.8845598101615906,09LD2834_r3_c1.png
35.66622327180949,139.76343334122518,decentralized,0.8842465281486511,09LD2834_r3_c1.png
35.66628440885322,139.76329831269325,decentralized,0.8840991854667664,09LD2834_r3_c1.png
35.666202421892685,139.76347829150603,decentralized,0.8523344993591309,09LD2834_r3_c1.png
35.666054633892074,139.76341636798068,decentralized,0.849325954914093,09LD2834_r3_c1.png
35.666068026354836,139.763689436785,decentralized,0.8461600542068481,09LD2834_r3_c1.png
35.666136189170075,139.76363968876043,decentralized,0.8259280323982239,09LD2834_r3_c1.png
35.666098546557144,139.76353735121023,decentralized,0.6524421572685242,09LD2834_r3_c1.png
35.66621214706262,139.7634127153113,decentralized,0.5370703935623169,09LD2834_r3_c1.png
35.666365934961505,139.76340908299952,decentralized,0.4098523259162903,09LD2834_r3_c1.png
35.66635213273172,139.7633969996019,decentralized,0.3578559160232544,09LD2834_r3_c1.png
35.66630747894873,139.76328809973586,decentralized,0.35056233406066895,09LD2834_r3_c1.png
35.66606298822629,139.76368496262268,decentralized,0.2480844408273697,09LD2834_r3_c1.png
35.66620907062868,139.76340824720074,decentralized,0.2435869723558426,09LD2834_r3_c1.png
35.66607839528659,139.76353625595766,decentralized,0.23137028515338898,09LD2834_r3_c1.png
35.66630091199122,139.76332100003577,decentralized,0.17419324815273285,09LD2834_r3_c1.png
35.666365766467436,139.76327429080857,CT,0.14716117084026337,09LD2834_r3_c1.png
35.66632834995787,139.76426799338319,decentralized,0.9188464879989624,09LD2834_r3_c2.png
35.66618289674644,139.76419899232596,decentralized,0.8931880593299866,09LD2834_r3_c2.png
35.666186369588786,139.76422389295323,decentralized,0.8541499972343445,09LD2834_r3_c2.png
35.666340364578666,139.76428317219433,decentralized,0.6843615770339966,09LD2834_r3_c2.png
35.666286914977285,139.7642929929603,decentralized,0.5586811900138855,09LD2834_r3_c2.png
35.6663362843909,139.76429601822687,decentralized,0.36904510855674744,09LD2834_r3_c2.png
35.66620904257227,139.7642428959077,decentralized,0.11198557168245316,09LD2834_r3_c2.png
35.66630226951214,139.76461574191092,decentralized,0.9079870581626892,09LD2834_r3_c3.png
35.66633488096377,139.76456276761448,decentralized,0.8811983466148376,09LD2834_r3_c3.png
35.66617047618409,139.76446806553022,decentralized,0.8786522150039673,09LD2834_r3_c3.png
35.66615818956268,139.76440186802907,decentralized,0.8707448840141296,09LD2834_r3_c3.png
35.66636022170858,139.76467666430017,decentralized,0.8526703119277954,09LD2834_r3_c3.png
35.66617489977259,139.76445676073905,decentralized,0.8329566121101379,09LD2834_r3_c3.png
35.66604360024205,139.76453808287656,decentralized,0.770658016204834,09LD2834_r3_c3.png
35.66603615851053,139.76452160832443,decentralized,0.5211570262908936,09LD2834_r3_c3.png
35.66628277860475,139.76429976141284,decentralized,0.1772182434797287,09LD2834_r3_c3.png
35.66612509266156,139.76488191206016,decentralized,0.914799690246582,09LD2834_r3_c4.png
35.666153721520715,139.76498529107292,decentralized,0.9043606519699097,09LD2834_r3_c4.png
35.66605881974119,139.7650544725163,decentralized,0.8959341049194336,09LD2834_r3_c4.png
35.66605441313264,139.76504039653346,decentralized,0.8901844024658203,09LD2834_r3_c4.png
35.66604025267005,139.7650223619376,decentralized,0.8877367377281189,09LD2834_r3_c4.png
35.666140450053426,139.76511132415035,decentralized,0.8859416842460632,09LD2834_r3_c4.png
35.66606997720723,139.76513300094038,decentralized,0.8829765319824219,09LD2834_r3_c4.png
35.6661882549677,139.76502274071598,decentralized,0.880717396736145,09LD2834_r3_c4.png
35.666149487153575,139.76508073035117,decentralized,0.8779506087303162,09LD2834_r3_c4.png
35.66610763412546,139.76513828412155,decentralized,0.8717406988143921,09LD2834_r3_c4.png
35.66614071709264,139.76501771686205,decentralized,0.8687752485275269,09LD2834_r3_c4.png
35.666084495669,139.7651268986762,decentralized,0.8580980896949768,09LD2834_r3_c4.png
35.666161180912205,139.76499414605217,decentralized,0.8573516607284546,09LD2834_r3_c4.png
35.66605806642718,139.76497483413374,decentralized,0.8459526896476746,09LD2834_r3_c4.png
35.666259050164825,139.76494627560984,decentralized,0.844513475894928,09LD2834_r3_c4.png
35.666188993735304,139.76486581981763,decentralized,0.8300890922546387,09LD2834_r3_c4.png
35.66616799201372,139.7649971832034,decentralized,0.8058781623840332,09LD2834_r3_c4.png
35.666265734409876,139.76495449817335,decentralized,0.6617737412452698,09LD2834_r3_c4.png
35.666059847626364,139.76511456452616,decentralized,0.6428973078727722,09LD2834_r3_c4.png
35.6661923846056,139.76485194317846,decentralized,0.3139623701572418,09LD2834_r3_c4.png
35.66622500462522,139.76490550698117,decentralized,0.24101226031780243,09LD2834_r3_c4.png
35.666206876547506,139.764852512947,decentralized,0.14157797396183014,09LD2834_r3_c4.png
35.666164535936325,139.7649955524207,decentralized,0.10456939786672592,09LD2834_r3_c4.png
35.66618948966997,139.7656790262215,ACC,0.9555412530899048,09LD2834_r3_c5.png
35.666116740745956,139.7659333804394,decentralized,0.935039758682251,09LD2834_r3_c5.png
35.66631850258863,139.76583445062403,decentralized,0.9231293797492981,09LD2834_r3_c5.png
35.666308750193785,139.7658233406246,decentralized,0.9165199995040894,09LD2834_r3_c5.png
35.666105089187,139.76594592825765,decentralized,0.9158496856689453,09LD2834_r3_c5.png
35.66633167606596,139.76584385501366,decentralized,0.8860602378845215,09LD2834_r3_c5.png
35.66628196562444,139.7659400584288,decentralized,0.8816598057746887,09LD2834_r3_c5.png
35.666252651499086,139.76594078518525,decentralized,0.8536657691001892,09LD2834_r3_c5.png
35.66626304188871,139.76580158067952,decentralized,0.8495776057243347,09LD2834_r3_c5.png
35.66629431888864,139.76595170030177,decentralized,0.7539046406745911,09LD2834_r3_c5.png
35.66626309395592,139.7659499895931,decentralized,0.7193552851676941,09LD2834_r3_c5.png
35.666318801712364,139.7659268119665,CT,0.5717751979827881,09LD2834_r3_c5.png
35.666282836739306,139.7658620507299,CT,0.5666892528533936,09LD2834_r3_c5.png
35.66628159238962,139.76578823683673,decentralized,0.45275750756263733,09LD2834_r3_c5.png
35.66635560586475,139.7660606469497,decentralized,0.9255508780479431,09LD2834_r3_c6.png
35.66633434772772,139.76606305594362,decentralized,0.8988191485404968,09LD2834_r3_c6.png
35.666343975744404,139.76607639076943,decentralized,0.883423388004303,09LD2834_r3_c6.png
35.6662774909092,139.765966490251,decentralized,0.8501332402229309,09LD2834_r3_c6.png
35.66636196227975,139.76611615085963,decentralized,0.8361555933952332,09LD2834_r3_c6.png
35.66612586513878,139.76618225719403,decentralized,0.827729344367981,09LD2834_r3_c6.png
35.66636345768719,139.76631770789498,decentralized,0.7700702548027039,09LD2834_r3_c6.png
35.66636720008907,139.7660677986805,decentralized,0.5681473016738892,09LD2834_r3_c6.png
35.66628778198454,139.76617677721006,decentralized,0.5426470637321472,09LD2834_r3_c6.png
35.66612740386118,139.7664801111265,CT,0.4886111915111542,09LD2834_r3_c6.png
35.66610280533158,139.76615324616938,decentralized,0.3824593424797058,09LD2834_r3_c6.png
35.66625762849836,139.76595745297615,decentralized,0.2926448583602905,09LD2834_r3_c6.png
35.66625736880151,139.76595942634555,CT,0.18335296213626862,09LD2834_r3_c6.png
35.66634140505432,139.7662367607115,decentralized,0.15919871628284454,09LD2834_r3_c6.png
35.66629195262788,139.7659582702392,CT,0.14181800186634064,09LD2834_r3_c6.png
35.666245741939086,139.76595737788892,CT,0.10694792866706848,09LD2834_r3_c6.png
35.66631008848472,139.76664901680465,decentralized,0.9224526286125183,09LD2834_r3_c7.png
35.66626121996645,139.76660515592332,decentralized,0.9198237657546997,09LD2834_r3_c7.png
35.66625843894507,139.7666620530754,decentralized,0.915249764919281,09LD2834_r3_c7.png
35.66626773379084,139.76664391827896,decentralized,0.8624042868614197,09LD2834_r3_c7.png
35.66625806883439,139.76661943685258,decentralized,0.8608527183532715,09LD2834_r3_c7.png
35.666319063059184,139.76669357639727,decentralized,0.8402249813079834,09LD2834_r3_c7.png
35.66624868930551,139.76660347768387,decentralized,0.651914119720459,09LD2834_r3_c7.png
35.666316627522384,139.76670349214774,decentralized,0.5832958221435547,09LD2834_r3_c7.png
35.66629027262332,139.7666684754549,decentralized,0.21737483143806458,09LD2834_r3_c7.png
35.66629058024917,139.7666689099415,ACC,0.12607645988464355,09LD2834_r3_c7.png
35.66583363648224,139.76365868513003,decentralized,0.9083124399185181,09LD2834_r4_c1.png
35.66570634138128,139.7635856411327,decentralized,0.9019473195075989,09LD2834_r4_c1.png
35.665737709132756,139.76352379366003,decentralized,0.9009184837341309,09LD2834_r4_c1.png
35.66570541405504,139.7635619249409,decentralized,0.8994203209877014,09LD2834_r4_c1.png
35.66582130191712,139.7636650186699,decentralized,0.890423059463501,09LD2834_r4_c1.png
35.66576115834295,139.76352907648155,decentralized,0.8800272345542908,09LD2834_r4_c1.png
35.66573700112375,139.76354455484085,decentralized,0.8535553812980652,09LD2834_r4_c1.png
35.6658440925357,139.76363689125063,decentralized,0.8436185717582703,09LD2834_r4_c1.png
35.66581245231948,139.76363688190656,decentralized,0.8278867602348328,09LD2834_r4_c1.png
35.66575200328041,139.76364431453126,decentralized,0.7323362231254578,09LD2834_r4_c1.png
35.66593168299929,139.76372361211878,decentralized,0.7174867391586304,09LD2834_r4_c1.png
35.665839067825225,139.7636296070419,decentralized,0.6822381019592285,09LD2834_r4_c1.png
35.66585199957105,139.76364552082794,decentralized,0.49415138363838196,09LD2834_r4_c1.png
35.66594900600567,139.76374368740434,decentralized,0.48111459612846375,09LD2834_r4_c1.png
35.665855990857985,139.7636164994349,decentralized,0.22458283603191376,09LD2834_r4_c1.png
35.66573334336672,139.76361679139217,decentralized,0.18471194803714752,09LD2834_r4_c1.png
35.66594138277022,139.76373688210867,decentralized,0.1707310676574707,09LD2834_r4_c1.png
35.665941444565824,139.7637376426907,decentralized,0.15769149363040924,09LD2834_r4_c1.png
35.66572843027735,139.7635720260788,decentralized,0.14526353776454926,09LD2834_r4_c1.png
35.66573081843317,139.76408595512675,decentralized,0.9325070977210999,09LD2834_r4_c2.png
35.66587536890029,139.76428733895682,decentralized,0.92454993724823,09LD2834_r4_c2.png
35.66598117062279,139.76381771375563,decentralized,0.8961575031280518,09LD2834_r4_c2.png
35.665908825381976,139.76424887940703,decentralized,0.8859375715255737,09LD2834_r4_c2.png
35.66593298176206,139.76377003295747,decentralized,0.8629882335662842,09LD2834_r4_c2.png
35.66590314407156,139.76386318684752,decentralized,0.8547719717025757,09LD2834_r4_c2.png
35.665940307039236,139.76375521011306,decentralized,0.8430041074752808,09LD2834_r4_c2.png
35.66596280186604,139.7638090412726,decentralized,0.8090059161186218,09LD2834_r4_c2.png
35.665923454356665,139.76375833120372,decentralized,0.8066715598106384,09LD2834_r4_c2.png
35.66590617335969,139.76380310509316,decentralized,0.8035339117050171,09LD2834_r4_c2.png
35.66575266495808,139.76414420867027,decentralized,0.7248183488845825,09LD2834_r4_c2.png
35.665981773254224,139.76375868522072,decentralized,0.6852607131004333,09LD2834_r4_c2.png
35.665950271174225,139.76374864605165,decentralized,0.6379117369651794,09LD2834_r4_c2.png
35.665937919614024,139.76375908992094,decentralized,0.6139793992042542,09LD2834_r4_c2.png
35.66593203055095,139.7637676520351,decentralized,0.6002897024154663,09LD2834_r4_c2.png
35.66581545696737,139.76422111718406,decentralized,0.5057061314582825,09LD2834_r4_c2.png
35.66589183611168,139.7642768812722,decentralized,0.37846872210502625,09LD2834_r4_c2.png
35.66583004504193,139.76423909270127,decentralized,0.37745365500450134,09LD2834_r4_c2.png
35.66593017795993,139.76374989484148,decentralized,0.3734077513217926,09LD2834_r4_c2.png
35.66593287470174,139.76374860783864,decentralized,0.35172632336616516,09LD2834_r4_c2.png
35.66594079933949,139.76379914389193,decentralized,0.24810850620269775,09LD2834_r4_c2.png
35.66583077531646,139.7637695898717,decentralized,0.2370290607213974,09LD2834_r4_c2.png
35.66569507547907,139.76406665107353,CT,0.21240247786045074,09LD2834_r4_c2.png
35.665908285661885,139.76405399791616,decentralized,0.19070827960968018,09LD2834_r4_c2.png
35.66597490539411,139.76376657016743,decentralized,0.15487952530384064,09LD2834_r4_c2.png
35.66592977108338,139.76374747451257,decentralized,0.118684783577919,09LD2834_r4_c2.png
35.66600070118911,139.764550017965,decentralized,0.9382635354995728,09LD2834_r4_c3.png
35.66591719043993,139.7646986577922,decentralized,0.911921501159668,09LD2834_r4_c3.png
35.665910975797864,139.7646787730608,decentralized,0.911310613155365,09LD2834_r4_c3.png
35.66587836262082,139.76433129298948,decentralized,0.906762421131134,09LD2834_r4_c3.png
35.665927471356234,139.7647122540709,decentralized,0.9045537710189819,09LD2834_r4_c3.png
35.66593633298345,139.76462665935705,decentralized,0.860171914100647,09LD2834_r4_c3.png
35.66589858663146,139.76466961947074,decentralized,0.8447161912918091,09LD2834_r4_c3.png
35.66582200926491,139.76465413303887,decentralized,0.8248915076255798,09LD2834_r4_c3.png
35.665854264758785,139.7647506446885,decentralized,0.7478803992271423,09LD2834_r4_c3.png
35.66588957926499,139.76468296791188,decentralized,0.7415136098861694,09LD2834_r4_c3.png
35.66586972688769,139.76472183264096,decentralized,0.7368635535240173,09LD2834_r4_c3.png
35.66592930074794,139.76452005574532,decentralized,0.7072103023529053,09LD2834_r4_c3.png
35.66594894420166,139.76449592840467,decentralized,0.6705515384674072,09LD2834_r4_c3.png
35.66597706265047,139.76458511173493,decentralized,0.55918288230896,09LD2834_r4_c3.png
35.66585218303133,139.76461607795028,decentralized,0.5538288950920105,09LD2834_r4_c3.png
35.665861852740335,139.764300568426,decentralized,0.5302651524543762,09LD2834_r4_c3.png
35.66589608323634,139.7643454317022,decentralized,0.3976314961910248,09LD2834_r4_c3.png
35.66589036475142,139.7645683507597,decentralized,0.3041037321090698,09LD2834_r4_c3.png
35.665851213056,139.76478198589078,decentralized,0.24387793242931366,09LD2834_r4_c3.png
35.665843040626484,139.7643005369249,decentralized,0.22314633429050446,09LD2834_r4_c3.png
35.66587997719148,139.7645820305364,decentralized,0.1972057819366455,09LD2834_r4_c3.png
35.66602583749686,139.76449510686808,decentralized,0.1220618262887001,09LD2834_r4_c3.png
35.66596741262062,139.76499154300322,decentralized,0.8988046646118164,09LD2834_r4_c4.png
35.665930638742346,139.76519160180246,decentralized,0.8946248888969421,09LD2834_r4_c4.png
35.66596095449431,139.76499995033095,decentralized,0.8725230693817139,09LD2834_r4_c4.png
35.66589251039054,139.76522350132797,decentralized,0.8632418513298035,09LD2834_r4_c4.png
35.66595528209094,139.7649816603062,decentralized,0.83696448802948,09LD2834_r4_c4.png
35.66593920590272,139.7653041376536,decentralized,0.7936225533485413,09LD2834_r4_c4.png
35.66596323545497,139.76577163984217,decentralized,0.13636602461338043,09LD2834_r4_c5.png
35.66583533937813,139.76547971493721,decentralized,0.11383506655693054,09LD2834_r4_c5.png
35.66595278992042,139.76599536731214,decentralized,0.9061878323554993,09LD2834_r4_c6.png
35.66585088344233,139.76615835609036,decentralized,0.8865124583244324,09LD2834_r4_c6.png
35.6658665781754,139.7661787879277,decentralized,0.8845844268798828,09LD2834_r4_c6.png
35.66585699371284,139.76616642182526,decentralized,0.8648837804794312,09LD2834_r4_c6.png
35.66602296882213,139.76619658322156,decentralized,0.8411344885826111,09LD2834_r4_c6.png
35.66584038463212,139.7661461348126,decentralized,0.7602638602256775,09LD2834_r4_c6.png
35.665842999555146,139.76614831999015,decentralized,0.6369085311889648,09LD2834_r4_c6.png
35.66584823490894,139.7661549944931,decentralized,0.4920114278793335,09LD2834_r4_c6.png
35.665467556365805,139.7637070173796,decentralized,0.9101613759994507,09LD2834_r5_c1.png
35.66537601000876,139.76361773229317,decentralized,0.9031448364257812,09LD2834_r5_c1.png
35.665475552193335,139.76372868834335,decentralized,0.8968199491500854,09LD2834_r5_c1.png
35.66536135357989,139.763585246256,decentralized,0.8461514711380005,09LD2834_r5_c1.png
35.66535688910969,139.76356194930656,decentralized,0.33347389101982117,09LD2834_r5_c1.png
35.66562837210079,139.76387476695706,decentralized,0.9058011174201965,09LD2834_r5_c2.png
35.66562329416061,139.76390761667116,decentralized,0.8809391260147095,09LD2834_r5_c2.png
35.66563081925513,139.76391829100373,decentralized,0.8557248115539551,09LD2834_r5_c2.png
35.6654634871608,139.7637489962723,decentralized,0.3352450728416443,09LD2834_r5_c2.png
35.665684929059566,139.76405919299134,CT,0.23074811697006226,09LD2834_r5_c2.png
35.66545668012593,139.7647825946422,CT,0.9356928467750549,09LD2834_r5_c3.png
35.66542205100268,139.76482648403623,CT,0.9137499332427979,09LD2834_r5_c3.png
35.66559565383111,139.76435965242305,decentralized,0.7965505719184875,09LD2834_r5_c3.png
35.66540829501694,139.76430276137484,decentralized,0.4623285233974457,09LD2834_r5_c3.png
35.66562797507674,139.7652582906212,decentralized,0.8871462345123291,09LD2834_r5_c4.png
35.66554408102055,139.7653593634067,decentralized,0.8318857550621033,09LD2834_r5_c4.png
35.66557231999552,139.76531235269482,decentralized,0.810509979724884,09LD2834_r5_c4.png
35.665523996754736,139.76537568302862,decentralized,0.8031083345413208,09LD2834_r5_c4.png
35.6653943181645,139.76487666007867,decentralized,0.6282500624656677,09LD2834_r5_c4.png
35.66553144361286,139.76536269608908,decentralized,0.5689876079559326,09LD2834_r5_c4.png
35.665517395368155,139.7653985825399,decentralized,0.5039251446723938,09LD2834_r5_c4.png
35.66550584632015,139.76500937291985,decentralized,0.4146852493286133,09LD2834_r5_c4.png
35.66557114908174,139.76532814793745,decentralized,0.34828126430511475,09LD2834_r5_c4.png
35.66554332486089,139.76540062885869,decentralized,0.18640922009944916,09LD2834_r5_c4.png
35.66551745908777,139.76539848132677,decentralized,0.1422024667263031,09LD2834_r5_c4.png
35.66562635770055,139.76548937105605,decentralized,0.8919070363044739,09LD2834_r5_c5.png
35.665645545220166,139.7657851027341,decentralized,0.8759453296661377,09LD2834_r5_c5.png
35.665471874803,139.7656078721655,decentralized,0.7009158134460449,09LD2834_r5_c5.png
35.66568951604656,139.76542703291457,decentralized,0.6666624546051025,09LD2834_r5_c5.png
35.66566121574798,139.76543611645585,decentralized,0.150173619389534,09LD2834_r5_c5.png
35.66561736075786,139.76644120854598,decentralized,0.32527318596839905,09LD2834_r5_c6.png
35.66567316450724,139.7670411656238,decentralized,0.49840423464775085,09LD2834_r5_c7.png
35.665668388263555,139.76703613331486,decentralized,0.22255128622055054,09LD2834_r5_c7.png
35.665676470610094,139.76704592142391,decentralized,0.1729186624288559,09LD2834_r5_c7.png
35.66564270336992,139.76705506142457,decentralized,0.11084206402301788,09LD2834_r5_c7.png
35.6653397136137,139.76358032524698,decentralized,0.9152032136917114,09LD2834_r6_c1.png
35.665349526903555,139.76359927016918,decentralized,0.8311508893966675,09LD2834_r6_c1.png
35.665136908341736,139.76411417759,CT,0.9566612839698792,09LD2834_r6_c2.png
35.66520597676253,139.76419857971266,CT,0.9512222409248352,09LD2834_r6_c2.png
35.66517828211857,139.7641645382891,CT,0.9455792307853699,09LD2834_r6_c2.png
35.66519243278419,139.76418094945822,CT,0.9445183277130127,09LD2834_r6_c2.png
35.665151480590296,139.76413050336558,CT,0.9417799115180969,09LD2834_r6_c2.png
35.665164782398264,139.76414741616125,CT,0.9368575811386108,09LD2834_r6_c2.png
35.665102173325195,139.76421294793505,decentralized,0.9259291887283325,09LD2834_r6_c2.png
35.665144085481074,139.76427409509603,decentralized,0.921680212020874,09LD2834_r6_c2.png
35.66512516219163,139.76424214823265,decentralized,0.900590717792511,09LD2834_r6_c2.png
35.665181883685555,139.7642844230704,decentralized,0.8444907069206238,09LD2834_r6_c2.png
35.665163300443666,139.7643074152843,decentralized,0.9120453000068665,09LD2834_r6_c3.png
35.66524360596114,139.76437380051848,decentralized,0.9013218879699707,09LD2834_r6_c3.png
35.665079668330364,139.76462006969294,decentralized,0.8937296271324158,09LD2834_r6_c3.png
35.665191563858706,139.7643292251026,decentralized,0.8887908458709717,09LD2834_r6_c3.png
35.66521768593503,139.76435325493222,decentralized,0.8849424123764038,09LD2834_r6_c3.png
35.665067960948925,139.7646384404232,decentralized,0.8811531662940979,09LD2834_r6_c3.png
35.66505804306875,139.7645945476627,decentralized,0.8066402673721313,09LD2834_r6_c3.png
35.6650415199235,139.76466666280552,decentralized,0.7207348346710205,09LD2834_r6_c3.png
35.66504507210937,139.7646410514547,decentralized,0.4584957957267761,09LD2834_r6_c3.png
35.66523166903635,139.76435736639203,decentralized,0.28652575612068176,09LD2834_r6_c3.png
35.66505015949804,139.76461683899407,decentralized,0.25043028593063354,09LD2834_r6_c3.png
35.66525516222038,139.76677032513192,decentralized,0.6682952046394348,09LD2834_r6_c7.png
35.66482853320388,139.76383360590765,decentralized,0.9265157580375671,09LD2834_r7_c2.png
35.66483577698935,139.76386710296924,decentralized,0.9044936895370483,09LD2834_r7_c2.png
35.66487768031563,139.76395577366367,decentralized,0.8997989892959595,09LD2834_r7_c2.png
35.664901832712935,139.76395772833973,decentralized,0.849726676940918,09LD2834_r7_c2.png
35.66491280560454,139.7639429411987,decentralized,0.8297714591026306,09LD2834_r7_c2.png
35.66489824491206,139.763925090452,decentralized,0.1348888874053955,09LD2834_r7_c2.png
35.66469065803284,139.76443646539292,decentralized,0.9143956303596497,09LD2834_r7_c3.png
35.66470652456273,139.7644181532275,decentralized,0.8940016627311707,09LD2834_r7_c3.png
35.66470413970928,139.76445322688272,decentralized,0.8576784133911133,09LD2834_r7_c3.png
35.66468882114934,139.7643571832551,decentralized,0.8492849469184875,09LD2834_r7_c3.png
35.66473945172788,139.76445444965293,decentralized,0.8249282836914062,09LD2834_r7_c3.png
35.66472110436255,139.76443281909152,decentralized,0.7981714010238647,09LD2834_r7_c3.png
35.664737120892624,139.76441619101686,decentralized,0.7918030023574829,09LD2834_r7_c3.png
35.664722671945654,139.76447518551848,decentralized,0.7668676376342773,09LD2834_r7_c3.png
35.66468329272211,139.76450501358445,decentralized,0.6833437085151672,09LD2834_r7_c3.png
35.664707696089614,139.76449380196192,decentralized,0.5734468698501587,09LD2834_r7_c3.png
35.66468830074898,139.76447300344108,decentralized,0.5262405276298523,09LD2834_r7_c3.png
35.66474912479507,139.76488427703788,decentralized,0.9213305711746216,09LD2834_r7_c4.png
35.66473236854036,139.76490956330437,decentralized,0.9108177423477173,09LD2834_r7_c4.png
35.664775768126496,139.7648698718363,decentralized,0.18322992324829102,09LD2834_r7_c4.png
35.66476004973419,139.76485280524915,decentralized,0.11225524544715881,09LD2834_r7_c4.png
35.664699525331514,139.76581922438004,decentralized,0.9215412735939026,09LD2834_r7_c5.png
35.664698725919756,139.76584507022,decentralized,0.9110042452812195,09LD2834_r7_c5.png
35.664822447611265,139.76611817149748,CT,0.9511375427246094,09LD2834_r7_c6.png
35.66480836905459,139.76610337856678,CT,0.9494236707687378,09LD2834_r7_c6.png
35.66478161974295,139.76618040730426,CT,0.9416559934616089,09LD2834_r7_c6.png
35.66476678761597,139.7661633405941,CT,0.9390746355056763,09LD2834_r7_c6.png
35.66479491092492,139.76608780679945,CT,0.9285617470741272,09LD2834_r7_c6.png
35.664752011431446,139.76614616478065,CT,0.9247630834579468,09LD2834_r7_c6.png
35.6647366522272,139.7661296962376,CT,0.9217514395713806,09LD2834_r7_c6.png
35.66474684100836,139.7662051872579,decentralized,0.9189099073410034,09LD2834_r7_c6.png
35.66469165912936,139.76622699704856,decentralized,0.914455235004425,09LD2834_r7_c6.png
35.664826445575514,139.76601599037576,decentralized,0.8896098136901855,09LD2834_r7_c6.png
35.66472049944108,139.76621450735988,decentralized,0.8846575617790222,09LD2834_r7_c6.png
35.66484731199679,139.76607617643606,decentralized,0.8668913841247559,09LD2834_r7_c6.png
35.66484107301102,139.76602466652122,decentralized,0.8610394597053528,09LD2834_r7_c6.png
35.664853673634475,139.76603696255754,decentralized,0.8591592907905579,09LD2834_r7_c6.png
35.66485888442939,139.76608783076853,decentralized,0.8382703065872192,09LD2834_r7_c6.png
35.66472593700828,139.76627212579282,decentralized,0.5779922008514404,09LD2834_r7_c6.png
35.6646950642511,139.7659658214463,decentralized,0.21525372564792633,09LD2834_r7_c6.png
35.66468142377965,139.76596029934296,decentralized,0.15816999971866608,09LD2834_r7_c6.png
35.664982171368585,139.7660335303595,decentralized,0.11801297962665558,09LD2834_r7_c6.png
35.664691374917034,139.7661213423913,decentralized,0.10181046277284622,09LD2834_r7_c6.png
35.66713676202767,139.7670763873434,decentralized,0.7545775175094604,09LD2835_r0_c0.png
35.6669704242099,139.7673219711029,CT,0.5994533896446228,09LD2835_r1_c0.png
35.66698264195229,139.76808977984416,decentralized,0.9220365285873413,09LD2835_r1_c1.png
35.66697435608108,139.7681392956905,decentralized,0.9215573072433472,09LD2835_r1_c1.png
35.66696766036881,139.76810889908248,decentralized,0.9184958338737488,09LD2835_r1_c1.png
35.66694113065806,139.76814052618457,decentralized,0.9184909462928772,09LD2835_r1_c1.png
35.66700074110929,139.76807715147805,decentralized,0.899290919303894,09LD2835_r1_c1.png
35.66695673189569,139.76816002744917,decentralized,0.8261739611625671,09LD2835_r1_c1.png
35.666117480378674,139.76755320543168,decentralized,0.9119144678115845,09LD2835_r3_c0.png
35.66632278450487,139.76759576448677,decentralized,0.91093510389328,09LD2835_r3_c0.png
35.66610909539237,139.7675645011917,decentralized,0.9026859998703003,09LD2835_r3_c0.png
35.666158113573,139.76757634814035,decentralized,0.9016962051391602,09LD2835_r3_c0.png
35.66633850429202,139.76758726810218,decentralized,0.9012290239334106,09LD2835_r3_c0.png
35.66615183686965,139.76759869462992,decentralized,0.8966733813285828,09LD2835_r3_c0.png
35.66608558008301,139.7675899765881,decentralized,0.8810518980026245,09LD2835_r3_c0.png
35.666136956660765,139.76760206654333,decentralized,0.8643324971199036,09LD2835_r3_c0.png
35.66605009305222,139.7675104181039,ACC,0.8621996641159058,09LD2835_r3_c0.png
35.666102531042895,139.76758579012483,decentralized,0.8284443020820618,09LD2835_r3_c0.png
35.66611887766889,139.76752441990024,decentralized,0.70234215259552,09LD2835_r3_c0.png
35.66603503262069,139.7675664633747,decentralized,0.28304964303970337,09LD2835_r3_c0.png
35.666232264394694,139.76754806979,decentralized,0.24439272284507751,09LD2835_r3_c0.png
35.66624956959315,139.7675451844818,decentralized,0.18829993903636932,09LD2835_r3_c0.png
35.66603626607192,139.76756636952933,ACC,0.1679084450006485,09LD2835_r3_c0.png
35.666118531893474,139.767603839893,decentralized,0.16571597754955292,09LD2835_r3_c0.png
35.666122248836444,139.76760562839772,decentralized,0.1620299071073532,09LD2835_r3_c0.png
35.66612440481199,139.76760724245838,decentralized,0.10033327341079712,09LD2835_r3_c0.png
35.666282686976835,139.7678074055031,CT,0.9522724747657776,09LD2835_r3_c1.png
35.66619389622219,139.7678771775672,CT,0.9467802047729492,09LD2835_r3_c1.png
35.66608738470521,139.7676231955647,decentralized,0.9294640421867371,09LD2835_r3_c1.png
35.666293566527486,139.76782323486017,CT,0.9249719977378845,09LD2835_r3_c1.png
35.66627211145728,139.76779237918228,CT,0.9243060350418091,09LD2835_r3_c1.png
35.66626045524506,139.76777714930512,CT,0.9195207953453064,09LD2835_r3_c1.png
35.66620074217461,139.76763278308692,decentralized,0.9008333683013916,09LD2835_r3_c1.png
35.66623446774611,139.76785246553277,CT,0.8990297913551331,09LD2835_r3_c1.png
35.666350128535974,139.76763097888144,decentralized,0.8907591700553894,09LD2835_r3_c1.png
35.666247926705154,139.767870418136,CT,0.8868911862373352,09LD2835_r3_c1.png
35.66622099281119,139.76783311315833,CT,0.8758482336997986,09LD2835_r3_c1.png
35.66615191960196,139.7676502955192,decentralized,0.8617213368415833,09LD2835_r3_c1.png
35.666158079278766,139.76763061295011,decentralized,0.8608548045158386,09LD2835_r3_c1.png
35.6661818581104,139.76763947282828,decentralized,0.8404344916343689,09LD2835_r3_c1.png
35.66620777726934,139.76781474322254,CT,0.8363922834396362,09LD2835_r3_c1.png
35.66604478239823,139.768037238807,decentralized,0.7609997391700745,09LD2835_r3_c1.png
35.666364288714185,139.76762145800873,decentralized,0.6393139958381653,09LD2835_r3_c1.png
35.666125054041714,139.7676146364332,decentralized,0.27281996607780457,09LD2835_r3_c1.png
35.66620193459748,139.76766483720164,decentralized,0.10820333659648895,09LD2835_r3_c1.png
35.66600753735176,139.7675528754729,ACC,0.9381052255630493,09LD2835_r4_c0.png
35.665710888452644,139.7671980074438,decentralized,0.9173331260681152,09LD2835_r4_c0.png
35.66597834208274,139.76757984946587,CT,0.9122167825698853,09LD2835_r4_c0.png
35.66570414014993,139.7672513866972,decentralized,0.8858659863471985,09LD2835_r4_c0.png
35.66602868866049,139.7674973111289,ACC,0.8764911890029907,09LD2835_r4_c0.png
35.66571030812526,139.7672340359687,decentralized,0.8761762976646423,09LD2835_r4_c0.png
35.665731466306376,139.76716509694245,decentralized,0.8096470236778259,09LD2835_r4_c0.png
35.66569785640546,139.76727312434875,decentralized,0.786430299282074,09LD2835_r4_c0.png
35.66577490638441,139.76718167665592,decentralized,0.5224201083183289,09LD2835_r4_c0.png
35.66602301651133,139.76749583051367,ACC,0.46385180950164795,09LD2835_r4_c0.png
35.66596293660681,139.7675535359725,CT,0.3384777009487152,09LD2835_r4_c0.png
35.6659604930758,139.76759998692285,decentralized,0.26096758246421814,09LD2835_r4_c0.png
35.665968576851114,139.7675908113384,decentralized,0.25100910663604736,09LD2835_r4_c0.png
35.665960333791865,139.76758653295062,decentralized,0.24045881628990173,09LD2835_r4_c0.png
35.66577392595236,139.76718097412675,CT,0.16608700156211853,09LD2835_r4_c0.png
35.66602695363774,139.76749758498693,CT,0.15747466683387756,09LD2835_r4_c0.png
35.66569563892017,139.76729052091457,decentralized,0.10261045396327972,09LD2835_r4_c0.png
35.6658231562553,139.76771192855477,decentralized,0.9248236417770386,09LD2835_r4_c1.png
35.66591027757354,139.76792128915602,decentralized,0.9097613096237183,09LD2835_r4_c1.png
35.66600061852543,139.76809870275991,decentralized,0.8787581920623779,09LD2835_r4_c1.png
35.66592463701863,139.76787703383823,decentralized,0.8314916491508484,09LD2835_r4_c1.png
35.66592236088907,139.76791635217486,decentralized,0.8193462491035461,09LD2835_r4_c1.png
35.6658076047699,139.76772885443268,decentralized,0.8016965389251709,09LD2835_r4_c1.png
35.6659569668288,139.76793951196052,decentralized,0.7856012582778931,09LD2835_r4_c1.png
35.66596589888374,139.7679300528021,decentralized,0.7830353379249573,09LD2835_r4_c1.png
35.66591194135877,139.7679036048208,decentralized,0.7441067695617676,09LD2835_r4_c1.png
35.6659497825586,139.76795333735572,decentralized,0.7073585391044617,09LD2835_r4_c1.png
35.666016773523594,139.7680012119654,ACC,0.704105794429779,09LD2835_r4_c1.png
35.66592703097058,139.7678438839838,decentralized,0.538256049156189,09LD2835_r4_c1.png
35.66591735608238,139.767887890761,decentralized,0.5229835510253906,09LD2835_r4_c1.png
35.66590864931298,139.76787662497418,decentralized,0.34652942419052124,09LD2835_r4_c1.png
35.665885617313826,139.76826217062225,decentralized,0.8784534931182861,09LD2835_r4_c2.png
35.66579162454779,139.76837457473297,decentralized,0.8638359308242798,09LD2835_r4_c2.png
35.665698323510085,139.7681766091717,CT,0.71680748462677,09LD2835_r4_c2.png
35.665772023597334,139.76837793955798,decentralized,0.6342512369155884,09LD2835_r4_c2.png
35.66587365672578,139.76827329735517,decentralized,0.48827627301216125,09LD2835_r4_c2.png
35.66569834602216,139.76828648224958,CT,0.3377763628959656,09LD2835_r4_c2.png
35.66549252414524,139.7672655650737,decentralized,0.9101608991622925,09LD2835_r5_c0.png
35.665420978605205,139.7675165868245,decentralized,0.9082959294319153,09LD2835_r5_c0.png
35.665682274749024,139.76722288196413,decentralized,0.9020139575004578,09LD2835_r5_c0.png
35.66553010772689,139.76731514914457,decentralized,0.8991920948028564,09LD2835_r5_c0.png
35.66550665800604,139.76732009967805,decentralized,0.8942760229110718,09LD2835_r5_c0.png
35.665365786922095,139.76719462864008,decentralized,0.8901087045669556,09LD2835_r5_c0.png
35.665378172362985,139.7675654255703,decentralized,0.885754406452179,09LD2835_r5_c0.png
35.6656747779363,139.7672430962948,decentralized,0.8851828575134277,09LD2835_r5_c0.png
35.66547954820318,139.7672852232093,decentralized,0.8847652673721313,09LD2835_r5_c0.png
35.66563744384392,139.7672388880824,decentralized,0.8843666911125183,09LD2835_r5_c0.png
35.66558817805739,139.7671734864811,decentralized,0.8599873185157776,09LD2835_r5_c0.png
35.665668844737475,139.76726242274836,decentralized,0.7930262684822083,09LD2835_r5_c0.png
35.66568979330588,139.76720716348882,decentralized,0.747362494468689,09LD2835_r5_c0.png
35.66557625037143,139.76715766339055,decentralized,0.729519784450531,09LD2835_r5_c0.png
35.66561187580958,139.76720493063954,decentralized,0.6976773142814636,09LD2835_r5_c0.png
35.66560000843704,139.7671896682393,decentralized,0.6662546992301941,09LD2835_r5_c0.png
35.6656911975491,139.76718963446086,decentralized,0.5787462592124939,09LD2835_r5_c0.png
35.665661683185164,139.76727168482634,decentralized,0.5024803280830383,09LD2835_r5_c0.png
35.66535797345307,139.7675886574511,decentralized,0.48445579409599304,09LD2835_r5_c0.png
35.66562496621259,139.7672220406363,decentralized,0.4556397795677185,09LD2835_r5_c0.png
35.66565068683378,139.76706257633504,decentralized,0.39139923453330994,09LD2835_r5_c0.png
35.665687050583045,139.76728690720137,decentralized,0.21649596095085144,09LD2835_r5_c0.png
35.6656787552238,139.76709156505828,decentralized,0.20004086196422577,09LD2835_r5_c0.png
35.66564995493634,139.7672556671284,decentralized,0.15095536410808563,09LD2835_r5_c0.png
35.66539082412696,139.7679649612102,CT,0.8915516138076782,09LD2835_r5_c1.png
35.665426560334126,139.76782015467933,CT,0.8732377886772156,09LD2835_r5_c1.png
35.665438895457285,139.7679103453665,CT,0.8211774230003357,09LD2835_r5_c1.png
35.66539706957606,139.76785196618349,CT,0.6578234434127808,09LD2835_r5_c1.png
35.665470719026274,139.76787711839916,CT,0.2661722004413605,09LD2835_r5_c1.png
35.66538020096252,139.76787203877282,CT,0.20920430123806,09LD2835_r5_c1.png
35.66542468932287,139.76792932846655,CT,0.18630270659923553,09LD2835_r5_c1.png
35.66545527736876,139.76789161435929,CT,0.14931733906269073,09LD2835_r5_c1.png
35.66540686347163,139.76794933176404,CT,0.10944591462612152,09LD2835_r5_c1.png
35.66558873873129,139.7685942414933,decentralized,0.932634174823761,09LD2835_r5_c2.png
35.66560282571153,139.76858976377727,decentralized,0.9204005599021912,09LD2835_r5_c2.png
35.665578851903156,139.76860455412893,decentralized,0.9180477261543274,09LD2835_r5_c2.png
35.665585875291455,139.7685804026902,decentralized,0.7692676782608032,09LD2835_r5_c2.png
35.66567628051609,139.76830590863096,decentralized,0.6928519606590271,09LD2835_r5_c2.png
35.66569215209404,139.76828819030527,decentralized,0.6802241206169128,09LD2835_r5_c2.png
35.66508381230699,139.76727443267237,CT,0.9671503901481628,09LD2835_r6_c0.png
35.66509735643706,139.76725823807885,CT,0.95828777551651,09LD2835_r6_c0.png
35.665137367288004,139.76721511117609,CT,0.9538938999176025,09LD2835_r6_c0.png
35.66512348336027,139.76722957640763,CT,0.9338863492012024,09LD2835_r6_c0.png
35.66522448423215,139.7675403581963,decentralized,0.9215177893638611,09LD2835_r6_c0.png
35.66517548842136,139.76723923017806,decentralized,0.9183942079544067,09LD2835_r6_c0.png
35.66509351002375,139.7671494325296,decentralized,0.9089045524597168,09LD2835_r6_c0.png
35.66505882248656,139.76718896059404,decentralized,0.9077579975128174,09LD2835_r6_c0.png
35.665149360741886,139.767269475381,decentralized,0.893525242805481,09LD2835_r6_c0.png
35.66503795508974,139.7671802698388,decentralized,0.8932126760482788,09LD2835_r6_c0.png
35.66507871171519,139.7673500044318,decentralized,0.8913720846176147,09LD2835_r6_c0.png
35.66503843080831,139.7671332167128,decentralized,0.8862798810005188,09LD2835_r6_c0.png
35.66510223185809,139.7673229439634,decentralized,0.8837732672691345,09LD2835_r6_c0.png
35.66506372210813,139.767104971786,decentralized,0.84066241979599,09LD2835_r6_c0.png
35.66502530021019,139.76722626665986,decentralized,0.8380308151245117,09LD2835_r6_c0.png
35.66529666236073,139.76745796700567,decentralized,0.7873775959014893,09LD2835_r6_c0.png
35.66524945578544,139.7675112796878,decentralized,0.745249330997467,09LD2835_r6_c0.png
35.66532501871299,139.7674256415007,decentralized,0.48410564661026,09LD2835_r6_c0.png
35.66516489114012,139.76721038998096,decentralized,0.4040479063987732,09LD2835_r6_c0.png
35.66503477962812,139.7672098304973,decentralized,0.3707711100578308,09LD2835_r6_c0.png
35.66502005710684,139.76720699969877,decentralized,0.2889057993888855,09LD2835_r6_c0.png
35.6653155140313,139.76721241410453,CT,0.16486135125160217,09LD2835_r6_c0.png
35.66510877402108,139.767132067717,decentralized,0.15927162766456604,09LD2835_r6_c0.png
35.665085275997974,139.7676628481831,decentralized,0.9199227094650269,09LD2835_r6_c1.png
35.66528574262139,139.7676704326183,decentralized,0.8868427872657776,09LD2835_r6_c1.png
35.66507536059937,139.76802879410474,decentralized,0.8849287629127502,09LD2835_r6_c1.png
35.66532401962576,139.76762682573062,decentralized,0.8838704228401184,09LD2835_r6_c1.png
35.66509507434302,139.7680908766837,decentralized,0.8660236597061157,09LD2835_r6_c1.png
35.66514389611107,139.76779130459514,decentralized,0.8563540577888489,09LD2835_r6_c1.png
35.66508439433833,139.76806933546086,decentralized,0.8342977166175842,09LD2835_r6_c1.png
35.66506076091129,139.76807359327475,decentralized,0.8153005838394165,09LD2835_r6_c1.png
35.66509681704154,139.76806914949466,decentralized,0.6991379857063293,09LD2835_r6_c1.png
35.665104451010215,139.76807948495394,decentralized,0.39877960085868835,09LD2835_r6_c1.png
35.665104792705954,139.76807972848803,decentralized,0.205012246966362,09LD2835_r6_c1.png
35.66512191802457,139.76761513678528,decentralized,0.16465802490711212,09LD2835_r6_c1.png
35.66525063593036,139.76761459073714,decentralized,0.14758342504501343,09LD2835_r6_c1.png
35.665295218812616,139.76837868909405,decentralized,0.9461263418197632,09LD2835_r6_c2.png
35.66527722597653,139.7683554614599,decentralized,0.9374461770057678,09LD2835_r6_c2.png
35.66525876105107,139.7683313734589,decentralized,0.9221351146697998,09LD2835_r6_c2.png
35.66531364422988,139.76840301130417,decentralized,0.9071715474128723,09LD2835_r6_c2.png
35.66500235620803,139.76725411106378,decentralized,0.9139462113380432,09LD2835_r7_c0.png
35.664991654434736,139.76723302812417,decentralized,0.9034438729286194,09LD2835_r7_c0.png
35.66497161226886,139.7672535382608,decentralized,0.8148439526557922,09LD2835_r7_c0.png
35.66499469036793,139.7671838108666,decentralized,0.7697384357452393,09LD2835_r7_c0.png
35.66497087572351,139.7672108526214,decentralized,0.7599346041679382,09LD2835_r7_c0.png
35.665015070722,139.76720338211075,decentralized,0.5839834809303284,09LD2835_r7_c0.png
35.66480019705932,139.76869165369047,decentralized,0.3046860992908478,09LD2835_r7_c2.png
35.66485023029145,139.76830592912503,decentralized,0.21646854281425476,09LD2835_r7_c2.png
35.66469052469738,139.7694559943917,CT,0.6654264330863953,09LD2835_r7_c4.png
35.66442094242723,139.7637442264975,decentralized,0.14145591855049133,09LD2844_r0_c1.png
35.66434292017399,139.76354103220177,decentralized,0.11523544788360596,09LD2844_r0_c1.png
35.66441708468106,139.76393020902657,decentralized,0.8728834390640259,09LD2844_r0_c2.png
35.66442268382679,139.76375049906812,decentralized,0.14414894580841064,09LD2844_r0_c2.png
35.66440184017799,139.76397359518168,decentralized,0.12263065576553345,09LD2844_r0_c2.png
35.66461544042322,139.7645461145393,CT,0.9610116481781006,09LD2844_r0_c3.png
35.66454964408696,139.76462875082834,CT,0.9502266049385071,09LD2844_r0_c3.png
35.664588662251994,139.76457973991387,CT,0.9491537809371948,09LD2844_r0_c3.png
35.66457696829025,139.76459492590493,CT,0.9375993013381958,09LD2844_r0_c3.png
35.664627981813716,139.7645316991492,CT,0.9277758598327637,09LD2844_r0_c3.png
35.66453727452811,139.76464288729323,CT,0.898154616355896,09LD2844_r0_c3.png
35.66465967662383,139.76447652848893,decentralized,0.8892332911491394,09LD2844_r0_c3.png
35.66465999187884,139.76436181102875,decentralized,0.8376857042312622,09LD2844_r0_c3.png
35.664675067037564,139.76434205684586,decentralized,0.5386603474617004,09LD2844_r0_c3.png
35.664675503101165,139.764457064457,decentralized,0.340863972902298,09LD2844_r0_c3.png
35.664675478155964,139.76449649729526,decentralized,0.2642934322357178,09LD2844_r0_c3.png
35.66466460841446,139.76580879131708,decentralized,0.9178404211997986,09LD2844_r0_c5.png
35.66466286113646,139.7657799951057,decentralized,0.865815281867981,09LD2844_r0_c5.png
35.664594702615986,139.76582354181267,ACC,0.37927523255348206,09LD2844_r0_c5.png
35.66454701822265,139.76606804162608,decentralized,0.9219801425933838,09LD2844_r0_c6.png
35.66458390785355,139.76606322432227,decentralized,0.9200512766838074,09LD2844_r0_c6.png
35.664540166475945,139.7660860098507,decentralized,0.8956629633903503,09LD2844_r0_c6.png
35.664585676996865,139.76602249358498,decentralized,0.8154280781745911,09LD2844_r0_c6.png
35.6646590626975,139.76595885384046,decentralized,0.2579151690006256,09LD2844_r0_c6.png
35.664513606865654,139.76596082619147,decentralized,0.1778813749551773,09LD2844_r0_c6.png
35.6644628961433,139.76663154498058,decentralized,0.9345659613609314,09LD2844_r0_c7.png
35.664479541509884,139.7666501157997,decentralized,0.9263990521430969,09LD2844_r0_c7.png
35.66439198178788,139.76667251670028,decentralized,0.8276527523994446,09LD2844_r0_c7.png
35.66444517245339,139.76656723450864,CT,0.470481276512146,09LD2844_r0_c7.png
35.664418136741155,139.7666094887578,CT,0.13380740582942963,09LD2844_r0_c7.png
35.664538834843526,139.7669098687893,decentralized,0.12849891185760498,09LD2844_r0_c7.png
35.664123658782614,139.76325783636688,decentralized,0.8347471952438354,09LD2844_r1_c1.png
35.664273046580085,139.76374202787235,decentralized,0.10922639071941376,09LD2844_r1_c1.png
35.66413510122094,139.7637598008587,decentralized,0.9027516841888428,09LD2844_r1_c2.png
35.66415121519264,139.76405930022355,decentralized,0.7742072939872742,09LD2844_r1_c2.png
35.664236955898375,139.76408451273835,decentralized,0.51749587059021,09LD2844_r1_c2.png
35.66401269340211,139.76429683527343,decentralized,0.5149409174919128,09LD2844_r1_c2.png
35.66417418507976,139.7637512769278,decentralized,0.39258718490600586,09LD2844_r1_c2.png
35.66400605649529,139.7642896860605,decentralized,0.1957283914089203,09LD2844_r1_c2.png
35.66400411734452,139.76429613034207,decentralized,0.16211403906345367,09LD2844_r1_c2.png
35.66400505510808,139.76429233393148,decentralized,0.10658404976129532,09LD2844_r1_c2.png
35.664103097747464,139.7648293668713,decentralized,0.9032396674156189,09LD2844_r1_c3.png
35.66401662086546,139.76430794759358,decentralized,0.879576563835144,09LD2844_r1_c3.png
35.66400817948648,139.76436259800732,decentralized,0.8247941136360168,09LD2844_r1_c3.png
35.66401974436654,139.76435167218563,decentralized,0.8110575675964355,09LD2844_r1_c3.png
35.66400571613128,139.76432215614,decentralized,0.5110903978347778,09LD2844_r1_c3.png
35.66400399874101,139.7643437142731,decentralized,0.11802098900079727,09LD2844_r1_c3.png
35.66400517943899,139.76538267954956,ACC,0.7235211133956909,09LD2844_r1_c4.png
35.66401083306354,139.7653828437029,ACC,0.5048001408576965,09LD2844_r1_c4.png
35.6640709269395,139.76494548661597,decentralized,0.12279883027076721,09LD2844_r1_c4.png
35.66412868576587,139.7660670841369,decentralized,0.5688884854316711,09LD2844_r1_c6.png
35.664339837536126,139.76648451615515,CT,0.12285583466291428,09LD2844_r1_c6.png
35.66412298348131,139.76678030010356,CT,0.8601730465888977,09LD2844_r1_c7.png
35.66419475261412,139.76670094317882,decentralized,0.8472930788993835,09LD2844_r1_c7.png
35.6643276188929,139.76651307588807,CT,0.17707213759422302,09LD2844_r1_c7.png
35.66378522681718,139.76347866932258,CT,0.7818995714187622,09LD2844_r2_c1.png
35.66369050997119,139.76367629116365,decentralized,0.3386252224445343,09LD2844_r2_c1.png
35.66369890635048,139.76342080622243,decentralized,0.16172929108142853,09LD2844_r2_c1.png
35.66382745518374,139.76412297447732,decentralized,0.8783870935440063,09LD2844_r2_c2.png
35.66376552251734,139.76379221174022,decentralized,0.8169339895248413,09LD2844_r2_c2.png
35.663753855435736,139.76455396960654,decentralized,0.687365710735321,09LD2844_r2_c3.png
35.663868608273276,139.76441038051018,decentralized,0.6809582114219666,09LD2844_r2_c3.png
35.66393661392635,139.7644797869852,decentralized,0.6743100881576538,09LD2844_r2_c3.png
35.66394700898753,139.76474522821522,decentralized,0.6335086822509766,09LD2844_r2_c3.png
35.663861678962554,139.76476660302407,decentralized,0.43537965416908264,09LD2844_r2_c3.png
35.663733126335934,139.76456452593473,CT,0.41918566823005676,09LD2844_r2_c3.png
35.66373534647957,139.76453956541815,decentralized,0.40871337056159973,09LD2844_r2_c3.png
35.66380671966419,139.76496042377667,decentralized,0.8998258113861084,09LD2844_r2_c4.png
35.66383162681433,139.76500453041825,decentralized,0.884928286075592,09LD2844_r2_c4.png
35.66382894646895,139.76498247026444,decentralized,0.8822479248046875,09LD2844_r2_c4.png
35.663817874030045,139.7649714417847,decentralized,0.8732975125312805,09LD2844_r2_c4.png
35.66397795002778,139.76536381464427,ACC,0.8519562482833862,09LD2844_r2_c4.png
35.663729655977875,139.7651061448481,decentralized,0.7274287343025208,09LD2844_r2_c4.png
35.66372324416038,139.76508962787565,decentralized,0.7000239491462708,09LD2844_r2_c4.png
35.66370423185185,139.765121105498,decentralized,0.5758680105209351,09LD2844_r2_c4.png
35.66397192875034,139.7648570830425,decentralized,0.40641018748283386,09LD2844_r2_c4.png
35.66366735607072,139.76523253815972,decentralized,0.3339712917804718,09LD2844_r2_c4.png
35.663667786550974,139.76527119091182,decentralized,0.17482967674732208,09LD2844_r2_c4.png
35.66386904576794,139.76593090076068,CT,0.9448923468589783,09LD2844_r2_c5.png
35.66385286652338,139.76591487006633,CT,0.9212800860404968,09LD2844_r2_c5.png
35.6638854211885,139.76594541940142,CT,0.9007251262664795,09LD2844_r2_c5.png
35.66381034323048,139.76586497229403,CT,0.8018413186073303,09LD2844_r2_c5.png
35.66382308721832,139.76587783857704,CT,0.6693350076675415,09LD2844_r2_c5.png
35.66382117339278,139.76595397188868,CT,0.6242112517356873,09LD2844_r2_c5.png
35.663818097548855,139.76596278133223,CT,0.7289113998413086,09LD2844_r2_c6.png
35.663608726362405,139.76362894005962,decentralized,0.8895617127418518,09LD2844_r3_c1.png
35.66358428236526,139.76361554505073,decentralized,0.8047922253608704,09LD2844_r3_c1.png
35.663570127170296,139.7636557931017,decentralized,0.643011748790741,09LD2844_r3_c1.png
35.66353221361641,139.76328397652182,decentralized,0.3308541774749756,09LD2844_r3_c1.png
35.66364674583994,139.764028923098,decentralized,0.8618552684783936,09LD2844_r3_c2.png
35.663592438174526,139.76389557079597,decentralized,0.8516676425933838,09LD2844_r3_c2.png
35.66335853962326,139.7641308968456,decentralized,0.7468217611312866,09LD2844_r3_c2.png
35.66340858495913,139.764221713163,decentralized,0.7207822799682617,09LD2844_r3_c2.png
35.66350402962973,139.76474188143254,decentralized,0.9399645328521729,09LD2844_r3_c3.png
35.66350554183803,139.7647137501148,decentralized,0.9399017691612244,09LD2844_r3_c3.png
35.66349423645019,139.76473166038832,decentralized,0.9341843128204346,09LD2844_r3_c3.png
35.66344518214999,139.76483214614288,decentralized,0.9304089546203613,09LD2844_r3_c3.png
35.66351217438117,139.76472829905646,decentralized,0.92971271276474,09LD2844_r3_c3.png
35.66343560433006,139.7648221075389,decentralized,0.9262898564338684,09LD2844_r3_c3.png
35.66349221384181,139.7647599311147,decentralized,0.9114664793014526,09LD2844_r3_c3.png
35.663465364493504,139.76480112478092,decentralized,0.910147488117218,09LD2844_r3_c3.png
35.663509513910576,139.7647693003907,decentralized,0.9097849726676941,09LD2844_r3_c3.png
35.66345536674864,139.76481648299196,decentralized,0.9094969630241394,09LD2844_r3_c3.png
35.66352508337235,139.7647643258218,decentralized,0.909195065498352,09LD2844_r3_c3.png
35.663472295025414,139.76476561894626,decentralized,0.9068787097930908,09LD2844_r3_c3.png
35.66357084692125,139.7647405304506,decentralized,0.9032008647918701,09LD2844_r3_c3.png
35.663482322317556,139.7647752064593,decentralized,0.8977465033531189,09LD2844_r3_c3.png
35.66346906089329,139.76472077083773,decentralized,0.8962388038635254,09LD2844_r3_c3.png
35.66344572275577,139.76480644134404,decentralized,0.8934929966926575,09LD2844_r3_c3.png
35.66346061600341,139.7647838635668,decentralized,0.8884341716766357,09LD2844_r3_c3.png
35.663481299852805,139.76475073567235,decentralized,0.8810364603996277,09LD2844_r3_c3.png
35.663424962482814,139.76483871360745,decentralized,0.8783724308013916,09LD2844_r3_c3.png
35.663434385581624,139.764847756487,decentralized,0.8651064038276672,09LD2844_r3_c3.png
35.66351655659723,139.7647561338998,decentralized,0.8598523736000061,09LD2844_r3_c3.png
35.663639692220244,139.7644771644687,decentralized,0.7654205560684204,09LD2844_r3_c3.png
35.66347359158281,139.7647884854523,decentralized,0.699242353439331,09LD2844_r3_c3.png
35.66352328667785,139.76474638515595,decentralized,0.5478358268737793,09LD2844_r3_c3.png
35.66365942924171,139.76445464066245,decentralized,0.33361610770225525,09LD2844_r3_c3.png
35.66349291067035,139.76455917533428,decentralized,0.21604350209236145,09LD2844_r3_c3.png
35.66352647125901,139.76457416959155,decentralized,0.13157916069030762,09LD2844_r3_c3.png
35.66340858890104,139.76488815786806,decentralized,0.9262462854385376,09LD2844_r3_c4.png
35.66333519942821,139.76511657839964,decentralized,0.9188681244850159,09LD2844_r3_c4.png
35.663419128263236,139.76487191824577,decentralized,0.9158120155334473,09LD2844_r3_c4.png
35.66335990154837,139.7651411290561,decentralized,0.9132646322250366,09LD2844_r3_c4.png
35.66340310099231,139.7650806621627,CT,0.9110382795333862,09LD2844_r3_c4.png
35.66334887978587,139.7649546886701,decentralized,0.9105844497680664,09LD2844_r3_c4.png
35.66335905431696,139.7649646479284,decentralized,0.9097262024879456,09LD2844_r3_c4.png
35.663385480521995,139.76492375738437,decentralized,0.9040431380271912,09LD2844_r3_c4.png
35.66337510718781,139.76491490962354,decentralized,0.9036259055137634,09LD2844_r3_c4.png
35.66338202347725,139.76511528250893,decentralized,0.8978256583213806,09LD2844_r3_c4.png
35.663344826175546,139.76514891578123,decentralized,0.8960415124893188,09LD2844_r3_c4.png
35.6633352989734,139.76500119201626,decentralized,0.8888916373252869,09LD2844_r3_c4.png
35.663409115197545,139.76486225351297,decentralized,0.8837881684303284,09LD2844_r3_c4.png
35.66339876295263,139.7648785075723,decentralized,0.8830073475837708,09LD2844_r3_c4.png
35.66363846308198,139.76524621019308,decentralized,0.8791665434837341,09LD2844_r3_c4.png
35.66365222058757,139.7652533897447,decentralized,0.8721045255661011,09LD2844_r3_c4.png
35.663636044356515,139.765221057351,decentralized,0.855837881565094,09LD2844_r3_c4.png
35.6633796127755,139.76513416712015,decentralized,0.8516899943351746,09LD2844_r3_c4.png
35.66337495489105,139.7651302411155,decentralized,0.8456804752349854,09LD2844_r3_c4.png
35.66332813501534,139.76498693782074,decentralized,0.7939942479133606,09LD2844_r3_c4.png
35.66336406789395,139.76511974556294,decentralized,0.7854447960853577,09LD2844_r3_c4.png
35.66353887914224,139.76492748574694,decentralized,0.629801869392395,09LD2844_r3_c4.png
35.663662530699746,139.76520359358642,decentralized,0.46364137530326843,09LD2844_r3_c4.png
35.66332898128365,139.76515497291524,decentralized,0.3541046977043152,09LD2844_r3_c4.png
35.66343222777209,139.76485577821487,decentralized,0.2685573399066925,09LD2844_r3_c4.png
35.66366272166039,139.76526125484583,decentralized,0.19500017166137695,09LD2844_r3_c4.png
35.66366295227382,139.76526187544465,decentralized,0.17916636168956757,09LD2844_r3_c4.png
35.663453531351706,139.76589309594038,decentralized,0.9084517359733582,09LD2844_r3_c5.png
35.66346180384054,139.7659021299034,decentralized,0.9050445556640625,09LD2844_r3_c5.png
35.66347967956815,139.76590756215865,decentralized,0.903121829032898,09LD2844_r3_c5.png
35.66335507130529,139.7658093905018,decentralized,0.8868252038955688,09LD2844_r3_c5.png
35.66338106458799,139.76579239934782,decentralized,0.8847947716712952,09LD2844_r3_c5.png
35.663341683552,139.765828229298,decentralized,0.8481160402297974,09LD2844_r3_c5.png
35.66349440480826,139.76592373816675,decentralized,0.4266033470630646,09LD2844_r3_c5.png
35.663473041018506,139.76591897571035,decentralized,0.21518483757972717,09LD2844_r3_c5.png
35.663481727805774,139.7659553254759,decentralized,0.14315441250801086,09LD2844_r3_c5.png
35.663526361030705,139.7661775432576,decentralized,0.9497619271278381,09LD2844_r3_c6.png
35.66360732036371,139.76608098183692,decentralized,0.9256350994110107,09LD2844_r3_c6.png
35.663603805683884,139.76609951754594,decentralized,0.9195041656494141,09LD2844_r3_c6.png
35.66341539164593,139.76612114025818,decentralized,0.9183881878852844,09LD2844_r3_c6.png
35.6635136091807,139.76619533664814,decentralized,0.9180258512496948,09LD2844_r3_c6.png
35.663373019778,139.76628420148623,decentralized,0.9170607924461365,09LD2844_r3_c6.png
35.663495639016645,139.76622022511867,decentralized,0.9143581390380859,09LD2844_r3_c6.png
35.66358179838247,139.76605468494913,decentralized,0.9133941531181335,09LD2844_r3_c6.png
35.66340765602741,139.76610242148715,decentralized,0.8973417282104492,09LD2844_r3_c6.png
35.66361597595698,139.76608953721197,decentralized,0.8922487497329712,09LD2844_r3_c6.png
35.663388139470705,139.76614659578394,CT,0.8892396092414856,09LD2844_r3_c6.png
35.663425849520806,139.76608547072377,decentralized,0.8869953751564026,09LD2844_r3_c6.png
35.66345443767941,139.76603985351827,decentralized,0.8789215087890625,09LD2844_r3_c6.png
35.663475662491,139.76624136946427,CT,0.8690810799598694,09LD2844_r3_c6.png
35.66350382983197,139.76620772901626,decentralized,0.8376187682151794,09LD2844_r3_c6.png
35.663642821060385,139.76610983398928,decentralized,0.7582747936248779,09LD2844_r3_c6.png
35.663601681097305,139.76612345926978,decentralized,0.6911920309066772,09LD2844_r3_c6.png
35.66338012556663,139.76627266209496,decentralized,0.669267475605011,09LD2844_r3_c6.png
35.663479899081466,139.76623889452827,CT,0.43767306208610535,09LD2844_r3_c6.png
35.6634905582848,139.7662068867993,decentralized,0.33153173327445984,09LD2844_r3_c6.png
35.663276873051025,139.76506457800846,decentralized,0.9063012003898621,09LD2844_r4_c4.png
35.66328042070968,139.76519838247492,decentralized,0.8942989110946655,09LD2844_r4_c4.png
35.66326582258152,139.7652209813455,decentralized,0.8937503099441528,09LD2844_r4_c4.png
35.66325500379103,139.7652103646764,decentralized,0.8884461522102356,09LD2844_r4_c4.png
35.66328109865797,139.765084388052,decentralized,0.8834931254386902,09LD2844_r4_c4.png
35.66326852721575,139.76524174325505,decentralized,0.8588825464248657,09LD2844_r4_c4.png
35.663270024097095,139.76518874600015,decentralized,0.8552525043487549,09LD2844_r4_c4.png
35.66324002502854,139.76517886980702,decentralized,0.8181880712509155,09LD2844_r4_c4.png
35.66332334155851,139.76499303328114,decentralized,0.811519980430603,09LD2844_r4_c4.png
35.66332283409879,139.76512807068607,decentralized,0.7973570823669434,09LD2844_r4_c4.png
35.66330071854682,139.76505350564844,decentralized,0.7749512791633606,09LD2844_r4_c4.png
35.663319427327195,139.76518951920562,decentralized,0.18401792645454407,09LD2844_r4_c4.png
35.663254524103465,139.76511594843356,decentralized,0.13041825592517853,09LD2844_r4_c4.png
35.6633101713106,139.7651101158067,decentralized,0.11837297677993774,09LD2844_r4_c4.png
35.663195417335565,139.76545095117373,decentralized,0.9533131718635559,09LD2844_r4_c5.png
35.663144117811804,139.76543575837033,decentralized,0.9388182759284973,09LD2844_r4_c5.png
35.6631838402537,139.76546920386258,decentralized,0.8954948782920837,09LD2844_r4_c5.png
35.663166588865,139.76549689961013,decentralized,0.8940355777740479,09LD2844_r4_c5.png
35.66315394587588,139.7655140742192,decentralized,0.8237087726593018,09LD2844_r4_c5.png
35.66319892685007,139.76579589301687,decentralized,0.30943620204925537,09LD2844_r4_c5.png
35.66315419891027,139.76551415502956,decentralized,0.13976812362670898,09LD2844_r4_c5.png
35.66308850852305,139.76650478117452,CT,0.5196300148963928,09LD2844_r4_c6.png
35.663168754591744,139.7667391773294,decentralized,0.8497486114501953,09LD2844_r4_c7.png
35.662913401079784,139.76468852808773,decentralized,0.9314881563186646,09LD2844_r5_c3.png
35.662849982522076,139.76458768150806,decentralized,0.7410588264465332,09LD2844_r5_c3.png
35.66287867175651,139.7647450074982,decentralized,0.7342199087142944,09LD2844_r5_c3.png
35.66283557316266,139.76460740048705,decentralized,0.7326582074165344,09LD2844_r5_c3.png
35.66285929589956,139.76463208478322,decentralized,0.6398165822029114,09LD2844_r5_c3.png
35.66283300915972,139.76484073963871,decentralized,0.5905231237411499,09LD2844_r5_c3.png
35.662818398637796,139.7645895000923,decentralized,0.47658365964889526,09LD2844_r5_c3.png
35.66265252795435,139.7652921526033,decentralized,0.10626506060361862,09LD2844_r5_c4.png
35.662721370411134,139.76556917566842,decentralized,0.9075399041175842,09LD2844_r5_c5.png
35.662732554037696,139.76569367823956,decentralized,0.863967776298523,09LD2844_r5_c5.png
35.66269006145098,139.7655366603872,decentralized,0.8442031741142273,09LD2844_r5_c5.png
35.66266224246675,139.76551165283382,decentralized,0.5075445175170898,09LD2844_r5_c5.png
35.66284856445075,139.76613549020146,decentralized,0.9006085991859436,09LD2844_r5_c6.png
35.662713949397855,139.76644740692757,decentralized,0.15014375746250153,09LD2844_r5_c6.png
35.66265491947155,139.7665584418627,CT,0.16350634396076202,09LD2844_r5_c7.png
35.66241410264314,139.76530953296165,CT,0.9659306406974792,09LD2844_r6_c4.png
35.66245970456611,139.76535584304597,CT,0.9612199664115906,09LD2844_r6_c4.png
35.662429378961484,139.76532517523387,CT,0.9596123695373535,09LD2844_r6_c4.png
35.662383706088086,139.7652763656233,CT,0.9506993889808655,09LD2844_r6_c4.png
35.66244359769998,139.76533913577995,CT,0.9453114867210388,09LD2844_r6_c4.png
35.66251118498643,139.76517812767707,CT,0.9326034784317017,09LD2844_r6_c4.png
35.66239988992029,139.76529480878511,CT,0.9303132891654968,09LD2844_r6_c4.png
35.66246764425272,139.76513291763084,CT,0.8925437331199646,09LD2844_r6_c4.png
35.66261998183672,139.76525989321712,decentralized,0.8921759724617004,09LD2844_r6_c4.png
35.66261287870714,139.76527812125076,decentralized,0.884629487991333,09LD2844_r6_c4.png
35.66258261428396,139.7652996768905,decentralized,0.8226912021636963,09LD2844_r6_c4.png
35.66259826056926,139.76528946414294,decentralized,0.7941442728042603,09LD2844_r6_c4.png
35.662525551517135,139.765006448541,ACC,0.5946522951126099,09LD2844_r6_c4.png
35.662565424551154,139.76528094543238,decentralized,0.466362863779068,09LD2844_r6_c4.png
35.66264886565875,139.76529089421595,decentralized,0.21704219281673431,09LD2844_r6_c4.png
35.66250449950909,139.7650336288707,ACC,0.21380123496055603,09LD2844_r6_c4.png
35.662517719530825,139.76539750034343,CT,0.1878999024629593,09LD2844_r6_c4.png
35.66242996818964,139.76501732174555,decentralized,0.18541975319385529,09LD2844_r6_c4.png
35.66232827189106,139.76547861824187,decentralized,0.9271022081375122,09LD2844_r6_c5.png
35.66262512823445,139.7654572384744,decentralized,0.8891329169273376,09LD2844_r6_c5.png
35.6626447806089,139.76547651702566,decentralized,0.8367615342140198,09LD2844_r6_c5.png
35.66242096229936,139.76637912109157,decentralized,0.92066490650177,09LD2844_r6_c6.png
35.66245655915385,139.76631768399616,decentralized,0.9061334133148193,09LD2844_r6_c6.png
35.662441852475325,139.7663325965432,decentralized,0.6823185086250305,09LD2844_r6_c6.png
35.662446000999616,139.76633441815278,decentralized,0.6399418711662292,09LD2844_r6_c6.png
35.66245560848662,139.7663392905563,decentralized,0.1370977908372879,09LD2844_r6_c6.png
35.66264611453557,139.76668622171104,decentralized,0.24930521845817566,09LD2844_r6_c7.png
35.66264146938478,139.766689866933,decentralized,0.2098810225725174,09LD2844_r6_c7.png
35.66262296237926,139.76670796714694,decentralized,0.1508127748966217,09LD2844_r6_c7.png
35.6620838836442,139.76681291548937,decentralized,0.1932152360677719,09LD2844_r7_c7.png
35.66437789206116,139.76836458606797,CT,0.8863990902900696,09LD2845_r0_c2.png
35.6643894689871,139.76834961901807,CT,0.6986470222473145,09LD2845_r0_c2.png
35.66432285534445,139.7702387332274,decentralized,0.9055533409118652,09LD2845_r1_c5.png
35.66432156027136,139.77026614283656,decentralized,0.8970747590065002,09LD2845_r1_c5.png
35.66429327434061,139.770231995864,decentralized,0.8795607089996338,09LD2845_r1_c5.png
35.66422304034149,139.77030722192984,decentralized,0.8681350350379944,09LD2845_r1_c5.png
35.66369489421485,139.76981933934866,decentralized,0.19887012243270874,09LD2845_r2_c4.png
35.66351429104516,139.7676660301278,decentralized,0.5294485092163086,09LD2845_r3_c1.png
35.663512783760176,139.76766782598986,decentralized,0.4671022891998291,09LD2845_r3_c1.png
35.66359472195158,139.77037033936773,decentralized,0.836983859539032,09LD2845_r3_c5.png
35.66361062742444,139.77035295543013,decentralized,0.7777004241943359,09LD2845_r3_c5.png
35.663438845821005,139.77020437389166,decentralized,0.7681697010993958,09LD2845_r3_c5.png
35.66342307058211,139.77022162956268,decentralized,0.7077574729919434,09LD2845_r3_c5.png
35.66345478920506,139.7701868158591,decentralized,0.5991912484169006,09LD2845_r3_c5.png
35.66349142044729,139.7702884752216,decentralized,0.5132824778556824,09LD2845_r3_c5.png
35.6633876319613,139.77037242149808,decentralized,0.16085989773273468,09LD2845_r3_c5.png
35.66336565229295,139.77042752379106,decentralized,0.7183251976966858,09LD2845_r3_c6.png
35.6634039419004,139.7705590194217,decentralized,0.29274672269821167,09LD2845_r3_c6.png
35.66356249093964,139.7704058680512,decentralized,0.1732468158006668,09LD2845_r3_c6.png
35.66223223693468,139.76738416514286,CT,0.6665207743644714,09LD2845_r7_c0.png
35.66298365990561,139.77167845380652,CT,0.1226208508014679,09LD2846_r5_c0.png
35.662208723314485,139.77224187449835,CT,0.14645154774188995,09LD2846_r7_c1.png
35.661956110410536,139.76706126605106,decentralized,0.18094755709171295,09LD2854_r0_c7.png
35.66185947778366,139.76730676450026,decentralized,0.6467505097389221,09LD2855_r0_c0.png
35.66176563723067,139.76733378298357,decentralized,0.4118920862674713,09LD2855_r0_c0.png
35.66185317675053,139.767150852446,decentralized,0.1204816922545433,09LD2855_r0_c0.png
35.66178519073222,139.76846731589293,CT,0.43562737107276917,09LD2855_r0_c2.png
35.66131609422961,139.7681465492829,decentralized,0.6160208582878113,09LD2855_r1_c1.png
35.66147853638071,139.76788405717704,decentralized,0.48591291904449463,09LD2855_r1_c1.png
35.66163556214197,139.76823362113322,decentralized,0.1055116131901741,09LD2855_r1_c2.png
35.66132854972595,139.76926665327818,decentralized,0.10850948840379715,09LD2855_r1_c3.png
35.66096496899093,139.76762832141836,CT,0.29420721530914307,09LD2855_r2_c1.png
35.66128714106007,139.7681884310508,decentralized,0.1243710145354271,09LD2855_r2_c2.png
35.66101265642538,139.76911389830462,decentralized,0.47519221901893616,09LD2855_r2_c3.png
35.661170019494094,139.76891518025593,decentralized,0.17047712206840515,09LD2855_r2_c3.png
35.66114974550325,139.76893283422763,decentralized,0.11815963685512543,09LD2855_r2_c3.png
35.66083753036646,139.7693146701456,decentralized,0.8658140897750854,09LD2855_r3_c4.png
35.66074700234358,139.7694170599461,decentralized,0.7859367728233337,09LD2855_r3_c4.png
35.66065761433374,139.7695189577964,decentralized,0.6278049349784851,09LD2855_r3_c4.png
35.66040433759738,139.7681272029196,decentralized,0.15790094435214996,09LD2855_r4_c1.png
35.66053398378329,139.76926996717796,decentralized,0.6031100153923035,09LD2855_r4_c3.png
35.66053715974458,139.76927126567375,decentralized,0.48344656825065613,09LD2855_r4_c3.png
35.66037320960406,139.76916630179798,decentralized,0.17893168330192566,09LD2855_r4_c3.png
35.6606053635278,139.769184257836,decentralized,0.11163894087076187,09LD2855_r4_c3.png
35.66051904939342,139.7692980134894,decentralized,0.7960438132286072,09LD2855_r4_c4.png
35.66056588265295,139.76962522977527,decentralized,0.5103891491889954,09LD2855_r4_c4.png
35.66012259140853,139.76904482074042,decentralized,0.10325086861848831,09LD2855_r5_c3.png
35.66006370273071,139.7697966347297,decentralized,0.8450856804847717,09LD2855_r5_c4.png
35.66005524202566,139.7698053672867,decentralized,0.6483370065689087,09LD2855_r5_c4.png
35.6600898195986,139.7697699872292,decentralized,0.18281930685043335,09LD2855_r5_c4.png
35.66028348783603,139.76944428067674,CT,0.10024236142635345,09LD2855_r5_c4.png
35.66021054119036,139.77001314941958,decentralized,0.42629745602607727,09LD2855_r5_c5.png
35.65964016654283,139.76919701229806,decentralized,0.8087435364723206,09LD2855_r6_c3.png
35.65974272441815,139.76887185318628,decentralized,0.6551016569137573,09LD2855_r6_c3.png
35.65980426076861,139.76927109713452,decentralized,0.1507183164358139,09LD2855_r6_c3.png
35.6597632899347,139.76940220189636,decentralized,0.3488650918006897,09LD2855_r6_c4.png
35.6596199617261,139.77020480161968,decentralized,0.12959252297878265,09LD2855_r6_c5.png
